Importing server...
Importing sys...
Configuring stdout...
Configuring stderr...
Importing time...
Importing json...
Importing traceback...
Importing Flask and request...
Importing torch...
Done importing torch in 8.767919540405273 seconds
Importing AutoModelForCausalLM, AutoTokenizer...
Done importing transformers in 15.990873575210571 seconds
Importing WordNetLemmatizer...
Importing wordnet corpus...
Importing gc...
Importing argparse...
Imports done.
Detecting device...
Using GPU
Loading MLM model...
MLM model ready
Printing current time...
1764557586.0384386
Ready
Starting server...
 * Serving Flask app 'server_mlm'
 * Debug mode: off
[31m[1mWARNING: This is a development server. Do not use it in a production deployment. Use a production WSGI server instead.[0m
 * Running on all addresses (0.0.0.0)
 * Running on http://127.0.0.1:5000
 * Running on http://10.83.98.103:5000
[33mPress CTRL+C to quit[0m
127.0.0.1 - - [30/Nov/2025 21:53:11] "GET /ping HTTP/1.1" 200 -
[2025-11-30 21:53:11,880] ERROR in app: Exception on /perplexity [POST]
Traceback (most recent call last):
  File "/lustre09/project/6032307/arnauddr/MiniCPBP/venv/lib/python3.11/site-packages/flask/app.py", line 1511, in wsgi_app
    response = self.full_dispatch_request()
               ^^^^^^^^^^^^^^^^^^^^^^^^^^^^
  File "/lustre09/project/6032307/arnauddr/MiniCPBP/venv/lib/python3.11/site-packages/flask/app.py", line 919, in full_dispatch_request
    rv = self.handle_user_exception(e)
         ^^^^^^^^^^^^^^^^^^^^^^^^^^^^^
  File "/lustre09/project/6032307/arnauddr/MiniCPBP/venv/lib/python3.11/site-packages/flask/app.py", line 917, in full_dispatch_request
    rv = self.dispatch_request()
         ^^^^^^^^^^^^^^^^^^^^^^^
  File "/lustre09/project/6032307/arnauddr/MiniCPBP/venv/lib/python3.11/site-packages/flask/app.py", line 902, in dispatch_request
    return self.ensure_sync(self.view_functions[rule.endpoint])(**view_args)  # type: ignore[no-any-return]
           ^^^^^^^^^^^^^^^^^^^^^^^^^^^^^^^^^^^^^^^^^^^^^^^^^^^^^^^^^^^^^^^^^
  File "/lustre09/project/6032307/arnauddr/MiniCPBP/server_mlm.py", line 147, in perplexity
    return {"perplexity": calculate_perplexity(sentence)}
                          ^^^^^^^^^^^^^^^^^^^^^^^^^^^^^^
  File "/lustre09/project/6032307/arnauddr/MiniCPBP/server_mlm.py", line 134, in calculate_perplexity
    with mutex:
TypeError: 'Lock' object does not support the context manager protocol
127.0.0.1 - - [30/Nov/2025 21:53:11] "[35m[1mPOST /perplexity HTTP/1.1[0m" 500 -
[2025-11-30 21:53:11,883] ERROR in app: Exception on /perplexity [POST]
Traceback (most recent call last):
  File "/lustre09/project/6032307/arnauddr/MiniCPBP/venv/lib/python3.11/site-packages/flask/app.py", line 1511, in wsgi_app
    response = self.full_dispatch_request()
               ^^^^^^^^^^^^^^^^^^^^^^^^^^^^
  File "/lustre09/project/6032307/arnauddr/MiniCPBP/venv/lib/python3.11/site-packages/flask/app.py", line 919, in full_dispatch_request
    rv = self.handle_user_exception(e)
         ^^^^^^^^^^^^^^^^^^^^^^^^^^^^^
  File "/lustre09/project/6032307/arnauddr/MiniCPBP/venv/lib/python3.11/site-packages/flask/app.py", line 917, in full_dispatch_request
    rv = self.dispatch_request()
         ^^^^^^^^^^^^^^^^^^^^^^^
  File "/lustre09/project/6032307/arnauddr/MiniCPBP/venv/lib/python3.11/site-packages/flask/app.py", line 902, in dispatch_request
    return self.ensure_sync(self.view_functions[rule.endpoint])(**view_args)  # type: ignore[no-any-return]
           ^^^^^^^^^^^^^^^^^^^^^^^^^^^^^^^^^^^^^^^^^^^^^^^^^^^^^^^^^^^^^^^^^
  File "/lustre09/project/6032307/arnauddr/MiniCPBP/server_mlm.py", line 147, in perplexity
    return {"perplexity": calculate_perplexity(sentence)}
                          ^^^^^^^^^^^^^^^^^^^^^^^^^^^^^^
  File "/lustre09/project/6032307/arnauddr/MiniCPBP/server_mlm.py", line 134, in calculate_perplexity
    with mutex:
TypeError: 'Lock' object does not support the context manager protocol
127.0.0.1 - - [30/Nov/2025 21:53:11] "[35m[1mPOST /perplexity HTTP/1.1[0m" 500 -
[2025-11-30 21:53:11,887] ERROR in app: Exception on /perplexity [POST]
Traceback (most recent call last):
  File "/lustre09/project/6032307/arnauddr/MiniCPBP/venv/lib/python3.11/site-packages/flask/app.py", line 1511, in wsgi_app
    response = self.full_dispatch_request()
               ^^^^^^^^^^^^^^^^^^^^^^^^^^^^
  File "/lustre09/project/6032307/arnauddr/MiniCPBP/venv/lib/python3.11/site-packages/flask/app.py", line 919, in full_dispatch_request
    rv = self.handle_user_exception(e)
         ^^^^^^^^^^^^^^^^^^^^^^^^^^^^^
  File "/lustre09/project/6032307/arnauddr/MiniCPBP/venv/lib/python3.11/site-packages/flask/app.py", line 917, in full_dispatch_request
    rv = self.dispatch_request()
         ^^^^^^^^^^^^^^^^^^^^^^^
  File "/lustre09/project/6032307/arnauddr/MiniCPBP/venv/lib/python3.11/site-packages/flask/app.py", line 902, in dispatch_request
    return self.ensure_sync(self.view_functions[rule.endpoint])(**view_args)  # type: ignore[no-any-return]
           ^^^^^^^^^^^^^^^^^^^^^^^^^^^^^^^^^^^^^^^^^^^^^^^^^^^^^^^^^^^^^^^^^
  File "/lustre09/project/6032307/arnauddr/MiniCPBP/server_mlm.py", line 147, in perplexity
    return {"perplexity": calculate_perplexity(sentence)}
                          ^^^^^^^^^^^^^^^^^^^^^^^^^^^^^^
  File "/lustre09/project/6032307/arnauddr/MiniCPBP/server_mlm.py", line 134, in calculate_perplexity
    with mutex:
TypeError: 'Lock' object does not support the context manager protocol
127.0.0.1 - - [30/Nov/2025 21:53:11] "[35m[1mPOST /perplexity HTTP/1.1[0m" 500 -
[2025-11-30 21:53:11,924] ERROR in app: Exception on /perplexity [POST]
Traceback (most recent call last):
  File "/lustre09/project/6032307/arnauddr/MiniCPBP/venv/lib/python3.11/site-packages/flask/app.py", line 1511, in wsgi_app
    response = self.full_dispatch_request()
               ^^^^^^^^^^^^^^^^^^^^^^^^^^^^
  File "/lustre09/project/6032307/arnauddr/MiniCPBP/venv/lib/python3.11/site-packages/flask/app.py", line 919, in full_dispatch_request
    rv = self.handle_user_exception(e)
         ^^^^^^^^^^^^^^^^^^^^^^^^^^^^^
  File "/lustre09/project/6032307/arnauddr/MiniCPBP/venv/lib/python3.11/site-packages/flask/app.py", line 917, in full_dispatch_request
    rv = self.dispatch_request()
         ^^^^^^^^^^^^^^^^^^^^^^^
  File "/lustre09/project/6032307/arnauddr/MiniCPBP/venv/lib/python3.11/site-packages/flask/app.py", line 902, in dispatch_request
    return self.ensure_sync(self.view_functions[rule.endpoint])(**view_args)  # type: ignore[no-any-return]
           ^^^^^^^^^^^^^^^^^^^^^^^^^^^^^^^^^^^^^^^^^^^^^^^^^^^^^^^^^^^^^^^^^
  File "/lustre09/project/6032307/arnauddr/MiniCPBP/server_mlm.py", line 147, in perplexity
    return {"perplexity": calculate_perplexity(sentence)}
                          ^^^^^^^^^^^^^^^^^^^^^^^^^^^^^^
  File "/lustre09/project/6032307/arnauddr/MiniCPBP/server_mlm.py", line 134, in calculate_perplexity
    with mutex:
TypeError: 'Lock' object does not support the context manager protocol
127.0.0.1 - - [30/Nov/2025 21:53:11] "[35m[1mPOST /perplexity HTTP/1.1[0m" 500 -
[2025-11-30 21:53:13,193] ERROR in app: Exception on /perplexity [POST]
Traceback (most recent call last):
  File "/lustre09/project/6032307/arnauddr/MiniCPBP/venv/lib/python3.11/site-packages/flask/app.py", line 1511, in wsgi_app
    response = self.full_dispatch_request()
               ^^^^^^^^^^^^^^^^^^^^^^^^^^^^
  File "/lustre09/project/6032307/arnauddr/MiniCPBP/venv/lib/python3.11/site-packages/flask/app.py", line 919, in full_dispatch_request
    rv = self.handle_user_exception(e)
         ^^^^^^^^^^^^^^^^^^^^^^^^^^^^^
  File "/lustre09/project/6032307/arnauddr/MiniCPBP/venv/lib/python3.11/site-packages/flask/app.py", line 917, in full_dispatch_request
    rv = self.dispatch_request()
         ^^^^^^^^^^^^^^^^^^^^^^^
  File "/lustre09/project/6032307/arnauddr/MiniCPBP/venv/lib/python3.11/site-packages/flask/app.py", line 902, in dispatch_request
    return self.ensure_sync(self.view_functions[rule.endpoint])(**view_args)  # type: ignore[no-any-return]
           ^^^^^^^^^^^^^^^^^^^^^^^^^^^^^^^^^^^^^^^^^^^^^^^^^^^^^^^^^^^^^^^^^
  File "/lustre09/project/6032307/arnauddr/MiniCPBP/server_mlm.py", line 147, in perplexity
    return {"perplexity": calculate_perplexity(sentence)}
                          ^^^^^^^^^^^^^^^^^^^^^^^^^^^^^^
  File "/lustre09/project/6032307/arnauddr/MiniCPBP/server_mlm.py", line 134, in calculate_perplexity
    with mutex:
TypeError: 'Lock' object does not support the context manager protocol
127.0.0.1 - - [30/Nov/2025 21:53:13] "[35m[1mPOST /perplexity HTTP/1.1[0m" 500 -
[2025-11-30 21:53:13,224] ERROR in app: Exception on /perplexity [POST]
Traceback (most recent call last):
  File "/lustre09/project/6032307/arnauddr/MiniCPBP/venv/lib/python3.11/site-packages/flask/app.py", line 1511, in wsgi_app
    response = self.full_dispatch_request()
               ^^^^^^^^^^^^^^^^^^^^^^^^^^^^
  File "/lustre09/project/6032307/arnauddr/MiniCPBP/venv/lib/python3.11/site-packages/flask/app.py", line 919, in full_dispatch_request
    rv = self.handle_user_exception(e)
         ^^^^^^^^^^^^^^^^^^^^^^^^^^^^^
  File "/lustre09/project/6032307/arnauddr/MiniCPBP/venv/lib/python3.11/site-packages/flask/app.py", line 917, in full_dispatch_request
    rv = self.dispatch_request()
         ^^^^^^^^^^^^^^^^^^^^^^^
  File "/lustre09/project/6032307/arnauddr/MiniCPBP/venv/lib/python3.11/site-packages/flask/app.py", line 902, in dispatch_request
    return self.ensure_sync(self.view_functions[rule.endpoint])(**view_args)  # type: ignore[no-any-return]
           ^^^^^^^^^^^^^^^^^^^^^^^^^^^^^^^^^^^^^^^^^^^^^^^^^^^^^^^^^^^^^^^^^
  File "/lustre09/project/6032307/arnauddr/MiniCPBP/server_mlm.py", line 147, in perplexity
    return {"perplexity": calculate_perplexity(sentence)}
                          ^^^^^^^^^^^^^^^^^^^^^^^^^^^^^^
  File "/lustre09/project/6032307/arnauddr/MiniCPBP/server_mlm.py", line 134, in calculate_perplexity
    with mutex:
TypeError: 'Lock' object does not support the context manager protocol
127.0.0.1 - - [30/Nov/2025 21:53:13] "[35m[1mPOST /perplexity HTTP/1.1[0m" 500 -
[2025-11-30 21:53:13,261] ERROR in app: Exception on /perplexity [POST]
Traceback (most recent call last):
  File "/lustre09/project/6032307/arnauddr/MiniCPBP/venv/lib/python3.11/site-packages/flask/app.py", line 1511, in wsgi_app
    response = self.full_dispatch_request()
               ^^^^^^^^^^^^^^^^^^^^^^^^^^^^
  File "/lustre09/project/6032307/arnauddr/MiniCPBP/venv/lib/python3.11/site-packages/flask/app.py", line 919, in full_dispatch_request
    rv = self.handle_user_exception(e)
         ^^^^^^^^^^^^^^^^^^^^^^^^^^^^^
  File "/lustre09/project/6032307/arnauddr/MiniCPBP/venv/lib/python3.11/site-packages/flask/app.py", line 917, in full_dispatch_request
    rv = self.dispatch_request()
         ^^^^^^^^^^^^^^^^^^^^^^^
  File "/lustre09/project/6032307/arnauddr/MiniCPBP/venv/lib/python3.11/site-packages/flask/app.py", line 902, in dispatch_request
    return self.ensure_sync(self.view_functions[rule.endpoint])(**view_args)  # type: ignore[no-any-return]
           ^^^^^^^^^^^^^^^^^^^^^^^^^^^^^^^^^^^^^^^^^^^^^^^^^^^^^^^^^^^^^^^^^
  File "/lustre09/project/6032307/arnauddr/MiniCPBP/server_mlm.py", line 147, in perplexity
    return {"perplexity": calculate_perplexity(sentence)}
                          ^^^^^^^^^^^^^^^^^^^^^^^^^^^^^^
  File "/lustre09/project/6032307/arnauddr/MiniCPBP/server_mlm.py", line 134, in calculate_perplexity
    with mutex:
TypeError: 'Lock' object does not support the context manager protocol
127.0.0.1 - - [30/Nov/2025 21:53:13] "[35m[1mPOST /perplexity HTTP/1.1[0m" 500 -
[2025-11-30 21:53:13,497] ERROR in app: Exception on /perplexity [POST]
Traceback (most recent call last):
  File "/lustre09/project/6032307/arnauddr/MiniCPBP/venv/lib/python3.11/site-packages/flask/app.py", line 1511, in wsgi_app
    response = self.full_dispatch_request()
               ^^^^^^^^^^^^^^^^^^^^^^^^^^^^
  File "/lustre09/project/6032307/arnauddr/MiniCPBP/venv/lib/python3.11/site-packages/flask/app.py", line 919, in full_dispatch_request
    rv = self.handle_user_exception(e)
         ^^^^^^^^^^^^^^^^^^^^^^^^^^^^^
  File "/lustre09/project/6032307/arnauddr/MiniCPBP/venv/lib/python3.11/site-packages/flask/app.py", line 917, in full_dispatch_request
    rv = self.dispatch_request()
         ^^^^^^^^^^^^^^^^^^^^^^^
  File "/lustre09/project/6032307/arnauddr/MiniCPBP/venv/lib/python3.11/site-packages/flask/app.py", line 902, in dispatch_request
    return self.ensure_sync(self.view_functions[rule.endpoint])(**view_args)  # type: ignore[no-any-return]
           ^^^^^^^^^^^^^^^^^^^^^^^^^^^^^^^^^^^^^^^^^^^^^^^^^^^^^^^^^^^^^^^^^
  File "/lustre09/project/6032307/arnauddr/MiniCPBP/server_mlm.py", line 147, in perplexity
    return {"perplexity": calculate_perplexity(sentence)}
                          ^^^^^^^^^^^^^^^^^^^^^^^^^^^^^^
  File "/lustre09/project/6032307/arnauddr/MiniCPBP/server_mlm.py", line 134, in calculate_perplexity
    with mutex:
TypeError: 'Lock' object does not support the context manager protocol
127.0.0.1 - - [30/Nov/2025 21:53:13] "[35m[1mPOST /perplexity HTTP/1.1[0m" 500 -
[2025-11-30 21:53:13,633] ERROR in app: Exception on /perplexity [POST]
Traceback (most recent call last):
  File "/lustre09/project/6032307/arnauddr/MiniCPBP/venv/lib/python3.11/site-packages/flask/app.py", line 1511, in wsgi_app
    response = self.full_dispatch_request()
               ^^^^^^^^^^^^^^^^^^^^^^^^^^^^
  File "/lustre09/project/6032307/arnauddr/MiniCPBP/venv/lib/python3.11/site-packages/flask/app.py", line 919, in full_dispatch_request
    rv = self.handle_user_exception(e)
         ^^^^^^^^^^^^^^^^^^^^^^^^^^^^^
  File "/lustre09/project/6032307/arnauddr/MiniCPBP/venv/lib/python3.11/site-packages/flask/app.py", line 917, in full_dispatch_request
    rv = self.dispatch_request()
         ^^^^^^^^^^^^^^^^^^^^^^^
  File "/lustre09/project/6032307/arnauddr/MiniCPBP/venv/lib/python3.11/site-packages/flask/app.py", line 902, in dispatch_request
    return self.ensure_sync(self.view_functions[rule.endpoint])(**view_args)  # type: ignore[no-any-return]
           ^^^^^^^^^^^^^^^^^^^^^^^^^^^^^^^^^^^^^^^^^^^^^^^^^^^^^^^^^^^^^^^^^
  File "/lustre09/project/6032307/arnauddr/MiniCPBP/server_mlm.py", line 147, in perplexity
    return {"perplexity": calculate_perplexity(sentence)}
                          ^^^^^^^^^^^^^^^^^^^^^^^^^^^^^^
  File "/lustre09/project/6032307/arnauddr/MiniCPBP/server_mlm.py", line 134, in calculate_perplexity
    with mutex:
TypeError: 'Lock' object does not support the context manager protocol
127.0.0.1 - - [30/Nov/2025 21:53:13] "[35m[1mPOST /perplexity HTTP/1.1[0m" 500 -
[2025-11-30 21:53:13,646] ERROR in app: Exception on /perplexity [POST]
Traceback (most recent call last):
  File "/lustre09/project/6032307/arnauddr/MiniCPBP/venv/lib/python3.11/site-packages/flask/app.py", line 1511, in wsgi_app
    response = self.full_dispatch_request()
               ^^^^^^^^^^^^^^^^^^^^^^^^^^^^
  File "/lustre09/project/6032307/arnauddr/MiniCPBP/venv/lib/python3.11/site-packages/flask/app.py", line 919, in full_dispatch_request
    rv = self.handle_user_exception(e)
         ^^^^^^^^^^^^^^^^^^^^^^^^^^^^^
  File "/lustre09/project/6032307/arnauddr/MiniCPBP/venv/lib/python3.11/site-packages/flask/app.py", line 917, in full_dispatch_request
    rv = self.dispatch_request()
         ^^^^^^^^^^^^^^^^^^^^^^^
  File "/lustre09/project/6032307/arnauddr/MiniCPBP/venv/lib/python3.11/site-packages/flask/app.py", line 902, in dispatch_request
    return self.ensure_sync(self.view_functions[rule.endpoint])(**view_args)  # type: ignore[no-any-return]
           ^^^^^^^^^^^^^^^^^^^^^^^^^^^^^^^^^^^^^^^^^^^^^^^^^^^^^^^^^^^^^^^^^
  File "/lustre09/project/6032307/arnauddr/MiniCPBP/server_mlm.py", line 147, in perplexity
    return {"perplexity": calculate_perplexity(sentence)}
                          ^^^^^^^^^^^^^^^^^^^^^^^^^^^^^^
  File "/lustre09/project/6032307/arnauddr/MiniCPBP/server_mlm.py", line 134, in calculate_perplexity
    with mutex:
TypeError: 'Lock' object does not support the context manager protocol
127.0.0.1 - - [30/Nov/2025 21:53:13] "[35m[1mPOST /perplexity HTTP/1.1[0m" 500 -
[2025-11-30 21:53:13,767] ERROR in app: Exception on /perplexity [POST]
Traceback (most recent call last):
  File "/lustre09/project/6032307/arnauddr/MiniCPBP/venv/lib/python3.11/site-packages/flask/app.py", line 1511, in wsgi_app
    response = self.full_dispatch_request()
               ^^^^^^^^^^^^^^^^^^^^^^^^^^^^
  File "/lustre09/project/6032307/arnauddr/MiniCPBP/venv/lib/python3.11/site-packages/flask/app.py", line 919, in full_dispatch_request
    rv = self.handle_user_exception(e)
         ^^^^^^^^^^^^^^^^^^^^^^^^^^^^^
  File "/lustre09/project/6032307/arnauddr/MiniCPBP/venv/lib/python3.11/site-packages/flask/app.py", line 917, in full_dispatch_request
    rv = self.dispatch_request()
         ^^^^^^^^^^^^^^^^^^^^^^^
  File "/lustre09/project/6032307/arnauddr/MiniCPBP/venv/lib/python3.11/site-packages/flask/app.py", line 902, in dispatch_request
    return self.ensure_sync(self.view_functions[rule.endpoint])(**view_args)  # type: ignore[no-any-return]
           ^^^^^^^^^^^^^^^^^^^^^^^^^^^^^^^^^^^^^^^^^^^^^^^^^^^^^^^^^^^^^^^^^
  File "/lustre09/project/6032307/arnauddr/MiniCPBP/server_mlm.py", line 147, in perplexity
    return {"perplexity": calculate_perplexity(sentence)}
                          ^^^^^^^^^^^^^^^^^^^^^^^^^^^^^^
  File "/lustre09/project/6032307/arnauddr/MiniCPBP/server_mlm.py", line 134, in calculate_perplexity
    with mutex:
TypeError: 'Lock' object does not support the context manager protocol
127.0.0.1 - - [30/Nov/2025 21:53:13] "[35m[1mPOST /perplexity HTTP/1.1[0m" 500 -
[2025-11-30 21:53:13,772] ERROR in app: Exception on /perplexity [POST]
Traceback (most recent call last):
  File "/lustre09/project/6032307/arnauddr/MiniCPBP/venv/lib/python3.11/site-packages/flask/app.py", line 1511, in wsgi_app
    response = self.full_dispatch_request()
               ^^^^^^^^^^^^^^^^^^^^^^^^^^^^
  File "/lustre09/project/6032307/arnauddr/MiniCPBP/venv/lib/python3.11/site-packages/flask/app.py", line 919, in full_dispatch_request
    rv = self.handle_user_exception(e)
         ^^^^^^^^^^^^^^^^^^^^^^^^^^^^^
  File "/lustre09/project/6032307/arnauddr/MiniCPBP/venv/lib/python3.11/site-packages/flask/app.py", line 917, in full_dispatch_request
    rv = self.dispatch_request()
         ^^^^^^^^^^^^^^^^^^^^^^^
  File "/lustre09/project/6032307/arnauddr/MiniCPBP/venv/lib/python3.11/site-packages/flask/app.py", line 902, in dispatch_request
    return self.ensure_sync(self.view_functions[rule.endpoint])(**view_args)  # type: ignore[no-any-return]
           ^^^^^^^^^^^^^^^^^^^^^^^^^^^^^^^^^^^^^^^^^^^^^^^^^^^^^^^^^^^^^^^^^
  File "/lustre09/project/6032307/arnauddr/MiniCPBP/server_mlm.py", line 147, in perplexity
    return {"perplexity": calculate_perplexity(sentence)}
                          ^^^^^^^^^^^^^^^^^^^^^^^^^^^^^^
  File "/lustre09/project/6032307/arnauddr/MiniCPBP/server_mlm.py", line 134, in calculate_perplexity
    with mutex:
TypeError: 'Lock' object does not support the context manager protocol
127.0.0.1 - - [30/Nov/2025 21:53:13] "[35m[1mPOST /perplexity HTTP/1.1[0m" 500 -
[2025-11-30 21:53:13,792] ERROR in app: Exception on /perplexity [POST]
Traceback (most recent call last):
  File "/lustre09/project/6032307/arnauddr/MiniCPBP/venv/lib/python3.11/site-packages/flask/app.py", line 1511, in wsgi_app
    response = self.full_dispatch_request()
               ^^^^^^^^^^^^^^^^^^^^^^^^^^^^
  File "/lustre09/project/6032307/arnauddr/MiniCPBP/venv/lib/python3.11/site-packages/flask/app.py", line 919, in full_dispatch_request
    rv = self.handle_user_exception(e)
         ^^^^^^^^^^^^^^^^^^^^^^^^^^^^^
  File "/lustre09/project/6032307/arnauddr/MiniCPBP/venv/lib/python3.11/site-packages/flask/app.py", line 917, in full_dispatch_request
    rv = self.dispatch_request()
         ^^^^^^^^^^^^^^^^^^^^^^^
  File "/lustre09/project/6032307/arnauddr/MiniCPBP/venv/lib/python3.11/site-packages/flask/app.py", line 902, in dispatch_request
    return self.ensure_sync(self.view_functions[rule.endpoint])(**view_args)  # type: ignore[no-any-return]
           ^^^^^^^^^^^^^^^^^^^^^^^^^^^^^^^^^^^^^^^^^^^^^^^^^^^^^^^^^^^^^^^^^
  File "/lustre09/project/6032307/arnauddr/MiniCPBP/server_mlm.py", line 147, in perplexity
    return {"perplexity": calculate_perplexity(sentence)}
                          ^^^^^^^^^^^^^^^^^^^^^^^^^^^^^^
  File "/lustre09/project/6032307/arnauddr/MiniCPBP/server_mlm.py", line 134, in calculate_perplexity
    with mutex:
TypeError: 'Lock' object does not support the context manager protocol
127.0.0.1 - - [30/Nov/2025 21:53:13] "[35m[1mPOST /perplexity HTTP/1.1[0m" 500 -
[2025-11-30 21:53:13,793] ERROR in app: Exception on /perplexity [POST]
Traceback (most recent call last):
  File "/lustre09/project/6032307/arnauddr/MiniCPBP/venv/lib/python3.11/site-packages/flask/app.py", line 1511, in wsgi_app
    response = self.full_dispatch_request()
               ^^^^^^^^^^^^^^^^^^^^^^^^^^^^
  File "/lustre09/project/6032307/arnauddr/MiniCPBP/venv/lib/python3.11/site-packages/flask/app.py", line 919, in full_dispatch_request
    rv = self.handle_user_exception(e)
         ^^^^^^^^^^^^^^^^^^^^^^^^^^^^^
  File "/lustre09/project/6032307/arnauddr/MiniCPBP/venv/lib/python3.11/site-packages/flask/app.py", line 917, in full_dispatch_request
    rv = self.dispatch_request()
         ^^^^^^^^^^^^^^^^^^^^^^^
  File "/lustre09/project/6032307/arnauddr/MiniCPBP/venv/lib/python3.11/site-packages/flask/app.py", line 902, in dispatch_request
    return self.ensure_sync(self.view_functions[rule.endpoint])(**view_args)  # type: ignore[no-any-return]
           ^^^^^^^^^^^^^^^^^^^^^^^^^^^^^^^^^^^^^^^^^^^^^^^^^^^^^^^^^^^^^^^^^
  File "/lustre09/project/6032307/arnauddr/MiniCPBP/server_mlm.py", line 147, in perplexity
    return {"perplexity": calculate_perplexity(sentence)}
                          ^^^^^^^^^^^^^^^^^^^^^^^^^^^^^^
  File "/lustre09/project/6032307/arnauddr/MiniCPBP/server_mlm.py", line 134, in calculate_perplexity
    with mutex:
TypeError: 'Lock' object does not support the context manager protocol
127.0.0.1 - - [30/Nov/2025 21:53:13] "[35m[1mPOST /perplexity HTTP/1.1[0m" 500 -
[2025-11-30 21:53:13,795] ERROR in app: Exception on /perplexity [POST]
Traceback (most recent call last):
  File "/lustre09/project/6032307/arnauddr/MiniCPBP/venv/lib/python3.11/site-packages/flask/app.py", line 1511, in wsgi_app
    response = self.full_dispatch_request()
               ^^^^^^^^^^^^^^^^^^^^^^^^^^^^
  File "/lustre09/project/6032307/arnauddr/MiniCPBP/venv/lib/python3.11/site-packages/flask/app.py", line 919, in full_dispatch_request
    rv = self.handle_user_exception(e)
         ^^^^^^^^^^^^^^^^^^^^^^^^^^^^^
  File "/lustre09/project/6032307/arnauddr/MiniCPBP/venv/lib/python3.11/site-packages/flask/app.py", line 917, in full_dispatch_request
    rv = self.dispatch_request()
         ^^^^^^^^^^^^^^^^^^^^^^^
  File "/lustre09/project/6032307/arnauddr/MiniCPBP/venv/lib/python3.11/site-packages/flask/app.py", line 902, in dispatch_request
    return self.ensure_sync(self.view_functions[rule.endpoint])(**view_args)  # type: ignore[no-any-return]
           ^^^^^^^^^^^^^^^^^^^^^^^^^^^^^^^^^^^^^^^^^^^^^^^^^^^^^^^^^^^^^^^^^
  File "/lustre09/project/6032307/arnauddr/MiniCPBP/server_mlm.py", line 147, in perplexity
    return {"perplexity": calculate_perplexity(sentence)}
                          ^^^^^^^^^^^^^^^^^^^^^^^^^^^^^^
  File "/lustre09/project/6032307/arnauddr/MiniCPBP/server_mlm.py", line 134, in calculate_perplexity
    with mutex:
TypeError: 'Lock' object does not support the context manager protocol
127.0.0.1 - - [30/Nov/2025 21:53:13] "[35m[1mPOST /perplexity HTTP/1.1[0m" 500 -
[2025-11-30 21:53:13,797] ERROR in app: Exception on /perplexity [POST]
Traceback (most recent call last):
  File "/lustre09/project/6032307/arnauddr/MiniCPBP/venv/lib/python3.11/site-packages/flask/app.py", line 1511, in wsgi_app
    response = self.full_dispatch_request()
               ^^^^^^^^^^^^^^^^^^^^^^^^^^^^
  File "/lustre09/project/6032307/arnauddr/MiniCPBP/venv/lib/python3.11/site-packages/flask/app.py", line 919, in full_dispatch_request
    rv = self.handle_user_exception(e)
         ^^^^^^^^^^^^^^^^^^^^^^^^^^^^^
  File "/lustre09/project/6032307/arnauddr/MiniCPBP/venv/lib/python3.11/site-packages/flask/app.py", line 917, in full_dispatch_request
    rv = self.dispatch_request()
         ^^^^^^^^^^^^^^^^^^^^^^^
  File "/lustre09/project/6032307/arnauddr/MiniCPBP/venv/lib/python3.11/site-packages/flask/app.py", line 902, in dispatch_request
    return self.ensure_sync(self.view_functions[rule.endpoint])(**view_args)  # type: ignore[no-any-return]
           ^^^^^^^^^^^^^^^^^^^^^^^^^^^^^^^^^^^^^^^^^^^^^^^^^^^^^^^^^^^^^^^^^
  File "/lustre09/project/6032307/arnauddr/MiniCPBP/server_mlm.py", line 147, in perplexity
    return {"perplexity": calculate_perplexity(sentence)}
                          ^^^^^^^^^^^^^^^^^^^^^^^^^^^^^^
  File "/lustre09/project/6032307/arnauddr/MiniCPBP/server_mlm.py", line 134, in calculate_perplexity
    with mutex:
TypeError: 'Lock' object does not support the context manager protocol
127.0.0.1 - - [30/Nov/2025 21:53:13] "[35m[1mPOST /perplexity HTTP/1.1[0m" 500 -
[2025-11-30 21:53:13,834] ERROR in app: Exception on /perplexity [POST]
Traceback (most recent call last):
  File "/lustre09/project/6032307/arnauddr/MiniCPBP/venv/lib/python3.11/site-packages/flask/app.py", line 1511, in wsgi_app
    response = self.full_dispatch_request()
               ^^^^^^^^^^^^^^^^^^^^^^^^^^^^
  File "/lustre09/project/6032307/arnauddr/MiniCPBP/venv/lib/python3.11/site-packages/flask/app.py", line 919, in full_dispatch_request
    rv = self.handle_user_exception(e)
         ^^^^^^^^^^^^^^^^^^^^^^^^^^^^^
  File "/lustre09/project/6032307/arnauddr/MiniCPBP/venv/lib/python3.11/site-packages/flask/app.py", line 917, in full_dispatch_request
    rv = self.dispatch_request()
         ^^^^^^^^^^^^^^^^^^^^^^^
  File "/lustre09/project/6032307/arnauddr/MiniCPBP/venv/lib/python3.11/site-packages/flask/app.py", line 902, in dispatch_request
    return self.ensure_sync(self.view_functions[rule.endpoint])(**view_args)  # type: ignore[no-any-return]
           ^^^^^^^^^^^^^^^^^^^^^^^^^^^^^^^^^^^^^^^^^^^^^^^^^^^^^^^^^^^^^^^^^
  File "/lustre09/project/6032307/arnauddr/MiniCPBP/server_mlm.py", line 147, in perplexity
    return {"perplexity": calculate_perplexity(sentence)}
                          ^^^^^^^^^^^^^^^^^^^^^^^^^^^^^^
  File "/lustre09/project/6032307/arnauddr/MiniCPBP/server_mlm.py", line 134, in calculate_perplexity
    with mutex:
TypeError: 'Lock' object does not support the context manager protocol
127.0.0.1 - - [30/Nov/2025 21:53:13] "[35m[1mPOST /perplexity HTTP/1.1[0m" 500 -
[2025-11-30 21:53:13,839] ERROR in app: Exception on /perplexity [POST]
Traceback (most recent call last):
  File "/lustre09/project/6032307/arnauddr/MiniCPBP/venv/lib/python3.11/site-packages/flask/app.py", line 1511, in wsgi_app
    response = self.full_dispatch_request()
               ^^^^^^^^^^^^^^^^^^^^^^^^^^^^
  File "/lustre09/project/6032307/arnauddr/MiniCPBP/venv/lib/python3.11/site-packages/flask/app.py", line 919, in full_dispatch_request
    rv = self.handle_user_exception(e)
         ^^^^^^^^^^^^^^^^^^^^^^^^^^^^^
  File "/lustre09/project/6032307/arnauddr/MiniCPBP/venv/lib/python3.11/site-packages/flask/app.py", line 917, in full_dispatch_request
    rv = self.dispatch_request()
         ^^^^^^^^^^^^^^^^^^^^^^^
  File "/lustre09/project/6032307/arnauddr/MiniCPBP/venv/lib/python3.11/site-packages/flask/app.py", line 902, in dispatch_request
    return self.ensure_sync(self.view_functions[rule.endpoint])(**view_args)  # type: ignore[no-any-return]
           ^^^^^^^^^^^^^^^^^^^^^^^^^^^^^^^^^^^^^^^^^^^^^^^^^^^^^^^^^^^^^^^^^
  File "/lustre09/project/6032307/arnauddr/MiniCPBP/server_mlm.py", line 147, in perplexity
    return {"perplexity": calculate_perplexity(sentence)}
                          ^^^^^^^^^^^^^^^^^^^^^^^^^^^^^^
  File "/lustre09/project/6032307/arnauddr/MiniCPBP/server_mlm.py", line 134, in calculate_perplexity
    with mutex:
TypeError: 'Lock' object does not support the context manager protocol
127.0.0.1 - - [30/Nov/2025 21:53:13] "[35m[1mPOST /perplexity HTTP/1.1[0m" 500 -
[2025-11-30 21:53:13,938] ERROR in app: Exception on /perplexity [POST]
Traceback (most recent call last):
  File "/lustre09/project/6032307/arnauddr/MiniCPBP/venv/lib/python3.11/site-packages/flask/app.py", line 1511, in wsgi_app
    response = self.full_dispatch_request()
               ^^^^^^^^^^^^^^^^^^^^^^^^^^^^
  File "/lustre09/project/6032307/arnauddr/MiniCPBP/venv/lib/python3.11/site-packages/flask/app.py", line 919, in full_dispatch_request
    rv = self.handle_user_exception(e)
         ^^^^^^^^^^^^^^^^^^^^^^^^^^^^^
  File "/lustre09/project/6032307/arnauddr/MiniCPBP/venv/lib/python3.11/site-packages/flask/app.py", line 917, in full_dispatch_request
    rv = self.dispatch_request()
         ^^^^^^^^^^^^^^^^^^^^^^^
  File "/lustre09/project/6032307/arnauddr/MiniCPBP/venv/lib/python3.11/site-packages/flask/app.py", line 902, in dispatch_request
    return self.ensure_sync(self.view_functions[rule.endpoint])(**view_args)  # type: ignore[no-any-return]
           ^^^^^^^^^^^^^^^^^^^^^^^^^^^^^^^^^^^^^^^^^^^^^^^^^^^^^^^^^^^^^^^^^
  File "/lustre09/project/6032307/arnauddr/MiniCPBP/server_mlm.py", line 147, in perplexity
    return {"perplexity": calculate_perplexity(sentence)}
                          ^^^^^^^^^^^^^^^^^^^^^^^^^^^^^^
  File "/lustre09/project/6032307/arnauddr/MiniCPBP/server_mlm.py", line 134, in calculate_perplexity
    with mutex:
TypeError: 'Lock' object does not support the context manager protocol
127.0.0.1 - - [30/Nov/2025 21:53:13] "[35m[1mPOST /perplexity HTTP/1.1[0m" 500 -
[2025-11-30 21:53:14,017] ERROR in app: Exception on /perplexity [POST]
Traceback (most recent call last):
  File "/lustre09/project/6032307/arnauddr/MiniCPBP/venv/lib/python3.11/site-packages/flask/app.py", line 1511, in wsgi_app
    response = self.full_dispatch_request()
               ^^^^^^^^^^^^^^^^^^^^^^^^^^^^
  File "/lustre09/project/6032307/arnauddr/MiniCPBP/venv/lib/python3.11/site-packages/flask/app.py", line 919, in full_dispatch_request
    rv = self.handle_user_exception(e)
         ^^^^^^^^^^^^^^^^^^^^^^^^^^^^^
  File "/lustre09/project/6032307/arnauddr/MiniCPBP/venv/lib/python3.11/site-packages/flask/app.py", line 917, in full_dispatch_request
    rv = self.dispatch_request()
         ^^^^^^^^^^^^^^^^^^^^^^^
  File "/lustre09/project/6032307/arnauddr/MiniCPBP/venv/lib/python3.11/site-packages/flask/app.py", line 902, in dispatch_request
    return self.ensure_sync(self.view_functions[rule.endpoint])(**view_args)  # type: ignore[no-any-return]
           ^^^^^^^^^^^^^^^^^^^^^^^^^^^^^^^^^^^^^^^^^^^^^^^^^^^^^^^^^^^^^^^^^
  File "/lustre09/project/6032307/arnauddr/MiniCPBP/server_mlm.py", line 147, in perplexity
    return {"perplexity": calculate_perplexity(sentence)}
                          ^^^^^^^^^^^^^^^^^^^^^^^^^^^^^^
  File "/lustre09/project/6032307/arnauddr/MiniCPBP/server_mlm.py", line 134, in calculate_perplexity
    with mutex:
TypeError: 'Lock' object does not support the context manager protocol
127.0.0.1 - - [30/Nov/2025 21:53:14] "[35m[1mPOST /perplexity HTTP/1.1[0m" 500 -
[2025-11-30 21:53:16,291] ERROR in app: Exception on /perplexity [POST]
Traceback (most recent call last):
  File "/lustre09/project/6032307/arnauddr/MiniCPBP/venv/lib/python3.11/site-packages/flask/app.py", line 1511, in wsgi_app
    response = self.full_dispatch_request()
               ^^^^^^^^^^^^^^^^^^^^^^^^^^^^
  File "/lustre09/project/6032307/arnauddr/MiniCPBP/venv/lib/python3.11/site-packages/flask/app.py", line 919, in full_dispatch_request
    rv = self.handle_user_exception(e)
         ^^^^^^^^^^^^^^^^^^^^^^^^^^^^^
  File "/lustre09/project/6032307/arnauddr/MiniCPBP/venv/lib/python3.11/site-packages/flask/app.py", line 917, in full_dispatch_request
    rv = self.dispatch_request()
         ^^^^^^^^^^^^^^^^^^^^^^^
  File "/lustre09/project/6032307/arnauddr/MiniCPBP/venv/lib/python3.11/site-packages/flask/app.py", line 902, in dispatch_request
    return self.ensure_sync(self.view_functions[rule.endpoint])(**view_args)  # type: ignore[no-any-return]
           ^^^^^^^^^^^^^^^^^^^^^^^^^^^^^^^^^^^^^^^^^^^^^^^^^^^^^^^^^^^^^^^^^
  File "/lustre09/project/6032307/arnauddr/MiniCPBP/server_mlm.py", line 147, in perplexity
    return {"perplexity": calculate_perplexity(sentence)}
                          ^^^^^^^^^^^^^^^^^^^^^^^^^^^^^^
  File "/lustre09/project/6032307/arnauddr/MiniCPBP/server_mlm.py", line 134, in calculate_perplexity
    with mutex:
TypeError: 'Lock' object does not support the context manager protocol
127.0.0.1 - - [30/Nov/2025 21:53:16] "[35m[1mPOST /perplexity HTTP/1.1[0m" 500 -
[2025-11-30 21:53:16,710] ERROR in app: Exception on /perplexity [POST]
Traceback (most recent call last):
  File "/lustre09/project/6032307/arnauddr/MiniCPBP/venv/lib/python3.11/site-packages/flask/app.py", line 1511, in wsgi_app
    response = self.full_dispatch_request()
               ^^^^^^^^^^^^^^^^^^^^^^^^^^^^
  File "/lustre09/project/6032307/arnauddr/MiniCPBP/venv/lib/python3.11/site-packages/flask/app.py", line 919, in full_dispatch_request
    rv = self.handle_user_exception(e)
         ^^^^^^^^^^^^^^^^^^^^^^^^^^^^^
  File "/lustre09/project/6032307/arnauddr/MiniCPBP/venv/lib/python3.11/site-packages/flask/app.py", line 917, in full_dispatch_request
    rv = self.dispatch_request()
         ^^^^^^^^^^^^^^^^^^^^^^^
  File "/lustre09/project/6032307/arnauddr/MiniCPBP/venv/lib/python3.11/site-packages/flask/app.py", line 902, in dispatch_request
    return self.ensure_sync(self.view_functions[rule.endpoint])(**view_args)  # type: ignore[no-any-return]
           ^^^^^^^^^^^^^^^^^^^^^^^^^^^^^^^^^^^^^^^^^^^^^^^^^^^^^^^^^^^^^^^^^
  File "/lustre09/project/6032307/arnauddr/MiniCPBP/server_mlm.py", line 147, in perplexity
    return {"perplexity": calculate_perplexity(sentence)}
                          ^^^^^^^^^^^^^^^^^^^^^^^^^^^^^^
  File "/lustre09/project/6032307/arnauddr/MiniCPBP/server_mlm.py", line 134, in calculate_perplexity
    with mutex:
TypeError: 'Lock' object does not support the context manager protocol
127.0.0.1 - - [30/Nov/2025 21:53:16] "[35m[1mPOST /perplexity HTTP/1.1[0m" 500 -
[2025-11-30 21:53:16,731] ERROR in app: Exception on /perplexity [POST]
Traceback (most recent call last):
  File "/lustre09/project/6032307/arnauddr/MiniCPBP/venv/lib/python3.11/site-packages/flask/app.py", line 1511, in wsgi_app
    response = self.full_dispatch_request()
               ^^^^^^^^^^^^^^^^^^^^^^^^^^^^
  File "/lustre09/project/6032307/arnauddr/MiniCPBP/venv/lib/python3.11/site-packages/flask/app.py", line 919, in full_dispatch_request
    rv = self.handle_user_exception(e)
         ^^^^^^^^^^^^^^^^^^^^^^^^^^^^^
  File "/lustre09/project/6032307/arnauddr/MiniCPBP/venv/lib/python3.11/site-packages/flask/app.py", line 917, in full_dispatch_request
    rv = self.dispatch_request()
         ^^^^^^^^^^^^^^^^^^^^^^^
  File "/lustre09/project/6032307/arnauddr/MiniCPBP/venv/lib/python3.11/site-packages/flask/app.py", line 902, in dispatch_request
    return self.ensure_sync(self.view_functions[rule.endpoint])(**view_args)  # type: ignore[no-any-return]
           ^^^^^^^^^^^^^^^^^^^^^^^^^^^^^^^^^^^^^^^^^^^^^^^^^^^^^^^^^^^^^^^^^
  File "/lustre09/project/6032307/arnauddr/MiniCPBP/server_mlm.py", line 147, in perplexity
    return {"perplexity": calculate_perplexity(sentence)}
                          ^^^^^^^^^^^^^^^^^^^^^^^^^^^^^^
  File "/lustre09/project/6032307/arnauddr/MiniCPBP/server_mlm.py", line 134, in calculate_perplexity
    with mutex:
TypeError: 'Lock' object does not support the context manager protocol
127.0.0.1 - - [30/Nov/2025 21:53:16] "[35m[1mPOST /perplexity HTTP/1.1[0m" 500 -
[2025-11-30 21:53:17,078] ERROR in app: Exception on /perplexity [POST]
Traceback (most recent call last):
  File "/lustre09/project/6032307/arnauddr/MiniCPBP/venv/lib/python3.11/site-packages/flask/app.py", line 1511, in wsgi_app
    response = self.full_dispatch_request()
               ^^^^^^^^^^^^^^^^^^^^^^^^^^^^
  File "/lustre09/project/6032307/arnauddr/MiniCPBP/venv/lib/python3.11/site-packages/flask/app.py", line 919, in full_dispatch_request
    rv = self.handle_user_exception(e)
         ^^^^^^^^^^^^^^^^^^^^^^^^^^^^^
  File "/lustre09/project/6032307/arnauddr/MiniCPBP/venv/lib/python3.11/site-packages/flask/app.py", line 917, in full_dispatch_request
    rv = self.dispatch_request()
         ^^^^^^^^^^^^^^^^^^^^^^^
  File "/lustre09/project/6032307/arnauddr/MiniCPBP/venv/lib/python3.11/site-packages/flask/app.py", line 902, in dispatch_request
    return self.ensure_sync(self.view_functions[rule.endpoint])(**view_args)  # type: ignore[no-any-return]
           ^^^^^^^^^^^^^^^^^^^^^^^^^^^^^^^^^^^^^^^^^^^^^^^^^^^^^^^^^^^^^^^^^
  File "/lustre09/project/6032307/arnauddr/MiniCPBP/server_mlm.py", line 147, in perplexity
    return {"perplexity": calculate_perplexity(sentence)}
                          ^^^^^^^^^^^^^^^^^^^^^^^^^^^^^^
  File "/lustre09/project/6032307/arnauddr/MiniCPBP/server_mlm.py", line 134, in calculate_perplexity
    with mutex:
TypeError: 'Lock' object does not support the context manager protocol
127.0.0.1 - - [30/Nov/2025 21:53:17] "[35m[1mPOST /perplexity HTTP/1.1[0m" 500 -
[2025-11-30 21:53:17,953] ERROR in app: Exception on /perplexity [POST]
Traceback (most recent call last):
  File "/lustre09/project/6032307/arnauddr/MiniCPBP/venv/lib/python3.11/site-packages/flask/app.py", line 1511, in wsgi_app
    response = self.full_dispatch_request()
               ^^^^^^^^^^^^^^^^^^^^^^^^^^^^
  File "/lustre09/project/6032307/arnauddr/MiniCPBP/venv/lib/python3.11/site-packages/flask/app.py", line 919, in full_dispatch_request
    rv = self.handle_user_exception(e)
         ^^^^^^^^^^^^^^^^^^^^^^^^^^^^^
  File "/lustre09/project/6032307/arnauddr/MiniCPBP/venv/lib/python3.11/site-packages/flask/app.py", line 917, in full_dispatch_request
    rv = self.dispatch_request()
         ^^^^^^^^^^^^^^^^^^^^^^^
  File "/lustre09/project/6032307/arnauddr/MiniCPBP/venv/lib/python3.11/site-packages/flask/app.py", line 902, in dispatch_request
    return self.ensure_sync(self.view_functions[rule.endpoint])(**view_args)  # type: ignore[no-any-return]
           ^^^^^^^^^^^^^^^^^^^^^^^^^^^^^^^^^^^^^^^^^^^^^^^^^^^^^^^^^^^^^^^^^
  File "/lustre09/project/6032307/arnauddr/MiniCPBP/server_mlm.py", line 147, in perplexity
    return {"perplexity": calculate_perplexity(sentence)}
                          ^^^^^^^^^^^^^^^^^^^^^^^^^^^^^^
  File "/lustre09/project/6032307/arnauddr/MiniCPBP/server_mlm.py", line 134, in calculate_perplexity
    with mutex:
TypeError: 'Lock' object does not support the context manager protocol
127.0.0.1 - - [30/Nov/2025 21:53:17] "[35m[1mPOST /perplexity HTTP/1.1[0m" 500 -
[2025-11-30 21:53:18,098] ERROR in app: Exception on /perplexity [POST]
Traceback (most recent call last):
  File "/lustre09/project/6032307/arnauddr/MiniCPBP/venv/lib/python3.11/site-packages/flask/app.py", line 1511, in wsgi_app
    response = self.full_dispatch_request()
               ^^^^^^^^^^^^^^^^^^^^^^^^^^^^
  File "/lustre09/project/6032307/arnauddr/MiniCPBP/venv/lib/python3.11/site-packages/flask/app.py", line 919, in full_dispatch_request
    rv = self.handle_user_exception(e)
         ^^^^^^^^^^^^^^^^^^^^^^^^^^^^^
  File "/lustre09/project/6032307/arnauddr/MiniCPBP/venv/lib/python3.11/site-packages/flask/app.py", line 917, in full_dispatch_request
    rv = self.dispatch_request()
         ^^^^^^^^^^^^^^^^^^^^^^^
  File "/lustre09/project/6032307/arnauddr/MiniCPBP/venv/lib/python3.11/site-packages/flask/app.py", line 902, in dispatch_request
    return self.ensure_sync(self.view_functions[rule.endpoint])(**view_args)  # type: ignore[no-any-return]
           ^^^^^^^^^^^^^^^^^^^^^^^^^^^^^^^^^^^^^^^^^^^^^^^^^^^^^^^^^^^^^^^^^
  File "/lustre09/project/6032307/arnauddr/MiniCPBP/server_mlm.py", line 147, in perplexity
    return {"perplexity": calculate_perplexity(sentence)}
                          ^^^^^^^^^^^^^^^^^^^^^^^^^^^^^^
  File "/lustre09/project/6032307/arnauddr/MiniCPBP/server_mlm.py", line 134, in calculate_perplexity
    with mutex:
TypeError: 'Lock' object does not support the context manager protocol
127.0.0.1 - - [30/Nov/2025 21:53:18] "[35m[1mPOST /perplexity HTTP/1.1[0m" 500 -
[2025-11-30 21:53:18,555] ERROR in app: Exception on /perplexity [POST]
Traceback (most recent call last):
  File "/lustre09/project/6032307/arnauddr/MiniCPBP/venv/lib/python3.11/site-packages/flask/app.py", line 1511, in wsgi_app
    response = self.full_dispatch_request()
               ^^^^^^^^^^^^^^^^^^^^^^^^^^^^
  File "/lustre09/project/6032307/arnauddr/MiniCPBP/venv/lib/python3.11/site-packages/flask/app.py", line 919, in full_dispatch_request
    rv = self.handle_user_exception(e)
         ^^^^^^^^^^^^^^^^^^^^^^^^^^^^^
  File "/lustre09/project/6032307/arnauddr/MiniCPBP/venv/lib/python3.11/site-packages/flask/app.py", line 917, in full_dispatch_request
    rv = self.dispatch_request()
         ^^^^^^^^^^^^^^^^^^^^^^^
  File "/lustre09/project/6032307/arnauddr/MiniCPBP/venv/lib/python3.11/site-packages/flask/app.py", line 902, in dispatch_request
    return self.ensure_sync(self.view_functions[rule.endpoint])(**view_args)  # type: ignore[no-any-return]
           ^^^^^^^^^^^^^^^^^^^^^^^^^^^^^^^^^^^^^^^^^^^^^^^^^^^^^^^^^^^^^^^^^
  File "/lustre09/project/6032307/arnauddr/MiniCPBP/server_mlm.py", line 147, in perplexity
    return {"perplexity": calculate_perplexity(sentence)}
                          ^^^^^^^^^^^^^^^^^^^^^^^^^^^^^^
  File "/lustre09/project/6032307/arnauddr/MiniCPBP/server_mlm.py", line 134, in calculate_perplexity
    with mutex:
TypeError: 'Lock' object does not support the context manager protocol
127.0.0.1 - - [30/Nov/2025 21:53:18] "[35m[1mPOST /perplexity HTTP/1.1[0m" 500 -
[2025-11-30 21:53:18,607] ERROR in app: Exception on /perplexity [POST]
Traceback (most recent call last):
  File "/lustre09/project/6032307/arnauddr/MiniCPBP/venv/lib/python3.11/site-packages/flask/app.py", line 1511, in wsgi_app
    response = self.full_dispatch_request()
               ^^^^^^^^^^^^^^^^^^^^^^^^^^^^
  File "/lustre09/project/6032307/arnauddr/MiniCPBP/venv/lib/python3.11/site-packages/flask/app.py", line 919, in full_dispatch_request
    rv = self.handle_user_exception(e)
         ^^^^^^^^^^^^^^^^^^^^^^^^^^^^^
  File "/lustre09/project/6032307/arnauddr/MiniCPBP/venv/lib/python3.11/site-packages/flask/app.py", line 917, in full_dispatch_request
    rv = self.dispatch_request()
         ^^^^^^^^^^^^^^^^^^^^^^^
  File "/lustre09/project/6032307/arnauddr/MiniCPBP/venv/lib/python3.11/site-packages/flask/app.py", line 902, in dispatch_request
    return self.ensure_sync(self.view_functions[rule.endpoint])(**view_args)  # type: ignore[no-any-return]
           ^^^^^^^^^^^^^^^^^^^^^^^^^^^^^^^^^^^^^^^^^^^^^^^^^^^^^^^^^^^^^^^^^
  File "/lustre09/project/6032307/arnauddr/MiniCPBP/server_mlm.py", line 147, in perplexity
    return {"perplexity": calculate_perplexity(sentence)}
                          ^^^^^^^^^^^^^^^^^^^^^^^^^^^^^^
  File "/lustre09/project/6032307/arnauddr/MiniCPBP/server_mlm.py", line 134, in calculate_perplexity
    with mutex:
TypeError: 'Lock' object does not support the context manager protocol
127.0.0.1 - - [30/Nov/2025 21:53:18] "[35m[1mPOST /perplexity HTTP/1.1[0m" 500 -
[2025-11-30 21:53:18,824] ERROR in app: Exception on /perplexity [POST]
Traceback (most recent call last):
  File "/lustre09/project/6032307/arnauddr/MiniCPBP/venv/lib/python3.11/site-packages/flask/app.py", line 1511, in wsgi_app
    response = self.full_dispatch_request()
               ^^^^^^^^^^^^^^^^^^^^^^^^^^^^
  File "/lustre09/project/6032307/arnauddr/MiniCPBP/venv/lib/python3.11/site-packages/flask/app.py", line 919, in full_dispatch_request
    rv = self.handle_user_exception(e)
         ^^^^^^^^^^^^^^^^^^^^^^^^^^^^^
  File "/lustre09/project/6032307/arnauddr/MiniCPBP/venv/lib/python3.11/site-packages/flask/app.py", line 917, in full_dispatch_request
    rv = self.dispatch_request()
         ^^^^^^^^^^^^^^^^^^^^^^^
  File "/lustre09/project/6032307/arnauddr/MiniCPBP/venv/lib/python3.11/site-packages/flask/app.py", line 902, in dispatch_request
    return self.ensure_sync(self.view_functions[rule.endpoint])(**view_args)  # type: ignore[no-any-return]
           ^^^^^^^^^^^^^^^^^^^^^^^^^^^^^^^^^^^^^^^^^^^^^^^^^^^^^^^^^^^^^^^^^
  File "/lustre09/project/6032307/arnauddr/MiniCPBP/server_mlm.py", line 147, in perplexity
    return {"perplexity": calculate_perplexity(sentence)}
                          ^^^^^^^^^^^^^^^^^^^^^^^^^^^^^^
  File "/lustre09/project/6032307/arnauddr/MiniCPBP/server_mlm.py", line 134, in calculate_perplexity
    with mutex:
TypeError: 'Lock' object does not support the context manager protocol
127.0.0.1 - - [30/Nov/2025 21:53:18] "[35m[1mPOST /perplexity HTTP/1.1[0m" 500 -
[2025-11-30 21:53:18,906] ERROR in app: Exception on /perplexity [POST]
Traceback (most recent call last):
  File "/lustre09/project/6032307/arnauddr/MiniCPBP/venv/lib/python3.11/site-packages/flask/app.py", line 1511, in wsgi_app
    response = self.full_dispatch_request()
               ^^^^^^^^^^^^^^^^^^^^^^^^^^^^
  File "/lustre09/project/6032307/arnauddr/MiniCPBP/venv/lib/python3.11/site-packages/flask/app.py", line 919, in full_dispatch_request
    rv = self.handle_user_exception(e)
         ^^^^^^^^^^^^^^^^^^^^^^^^^^^^^
  File "/lustre09/project/6032307/arnauddr/MiniCPBP/venv/lib/python3.11/site-packages/flask/app.py", line 917, in full_dispatch_request
    rv = self.dispatch_request()
         ^^^^^^^^^^^^^^^^^^^^^^^
  File "/lustre09/project/6032307/arnauddr/MiniCPBP/venv/lib/python3.11/site-packages/flask/app.py", line 902, in dispatch_request
    return self.ensure_sync(self.view_functions[rule.endpoint])(**view_args)  # type: ignore[no-any-return]
           ^^^^^^^^^^^^^^^^^^^^^^^^^^^^^^^^^^^^^^^^^^^^^^^^^^^^^^^^^^^^^^^^^
  File "/lustre09/project/6032307/arnauddr/MiniCPBP/server_mlm.py", line 147, in perplexity
    return {"perplexity": calculate_perplexity(sentence)}
                          ^^^^^^^^^^^^^^^^^^^^^^^^^^^^^^
  File "/lustre09/project/6032307/arnauddr/MiniCPBP/server_mlm.py", line 134, in calculate_perplexity
    with mutex:
TypeError: 'Lock' object does not support the context manager protocol
127.0.0.1 - - [30/Nov/2025 21:53:18] "[35m[1mPOST /perplexity HTTP/1.1[0m" 500 -
[2025-11-30 21:53:19,270] ERROR in app: Exception on /perplexity [POST]
Traceback (most recent call last):
  File "/lustre09/project/6032307/arnauddr/MiniCPBP/venv/lib/python3.11/site-packages/flask/app.py", line 1511, in wsgi_app
    response = self.full_dispatch_request()
               ^^^^^^^^^^^^^^^^^^^^^^^^^^^^
  File "/lustre09/project/6032307/arnauddr/MiniCPBP/venv/lib/python3.11/site-packages/flask/app.py", line 919, in full_dispatch_request
    rv = self.handle_user_exception(e)
         ^^^^^^^^^^^^^^^^^^^^^^^^^^^^^
  File "/lustre09/project/6032307/arnauddr/MiniCPBP/venv/lib/python3.11/site-packages/flask/app.py", line 917, in full_dispatch_request
    rv = self.dispatch_request()
         ^^^^^^^^^^^^^^^^^^^^^^^
  File "/lustre09/project/6032307/arnauddr/MiniCPBP/venv/lib/python3.11/site-packages/flask/app.py", line 902, in dispatch_request
    return self.ensure_sync(self.view_functions[rule.endpoint])(**view_args)  # type: ignore[no-any-return]
           ^^^^^^^^^^^^^^^^^^^^^^^^^^^^^^^^^^^^^^^^^^^^^^^^^^^^^^^^^^^^^^^^^
  File "/lustre09/project/6032307/arnauddr/MiniCPBP/server_mlm.py", line 147, in perplexity
    return {"perplexity": calculate_perplexity(sentence)}
                          ^^^^^^^^^^^^^^^^^^^^^^^^^^^^^^
  File "/lustre09/project/6032307/arnauddr/MiniCPBP/server_mlm.py", line 134, in calculate_perplexity
    with mutex:
TypeError: 'Lock' object does not support the context manager protocol
127.0.0.1 - - [30/Nov/2025 21:53:19] "[35m[1mPOST /perplexity HTTP/1.1[0m" 500 -
[2025-11-30 21:53:19,294] ERROR in app: Exception on /perplexity [POST]
Traceback (most recent call last):
  File "/lustre09/project/6032307/arnauddr/MiniCPBP/venv/lib/python3.11/site-packages/flask/app.py", line 1511, in wsgi_app
    response = self.full_dispatch_request()
               ^^^^^^^^^^^^^^^^^^^^^^^^^^^^
  File "/lustre09/project/6032307/arnauddr/MiniCPBP/venv/lib/python3.11/site-packages/flask/app.py", line 919, in full_dispatch_request
    rv = self.handle_user_exception(e)
         ^^^^^^^^^^^^^^^^^^^^^^^^^^^^^
  File "/lustre09/project/6032307/arnauddr/MiniCPBP/venv/lib/python3.11/site-packages/flask/app.py", line 917, in full_dispatch_request
    rv = self.dispatch_request()
         ^^^^^^^^^^^^^^^^^^^^^^^
  File "/lustre09/project/6032307/arnauddr/MiniCPBP/venv/lib/python3.11/site-packages/flask/app.py", line 902, in dispatch_request
    return self.ensure_sync(self.view_functions[rule.endpoint])(**view_args)  # type: ignore[no-any-return]
           ^^^^^^^^^^^^^^^^^^^^^^^^^^^^^^^^^^^^^^^^^^^^^^^^^^^^^^^^^^^^^^^^^
  File "/lustre09/project/6032307/arnauddr/MiniCPBP/server_mlm.py", line 147, in perplexity
    return {"perplexity": calculate_perplexity(sentence)}
                          ^^^^^^^^^^^^^^^^^^^^^^^^^^^^^^
  File "/lustre09/project/6032307/arnauddr/MiniCPBP/server_mlm.py", line 134, in calculate_perplexity
    with mutex:
TypeError: 'Lock' object does not support the context manager protocol
127.0.0.1 - - [30/Nov/2025 21:53:19] "[35m[1mPOST /perplexity HTTP/1.1[0m" 500 -
[2025-11-30 21:53:19,398] ERROR in app: Exception on /perplexity [POST]
Traceback (most recent call last):
  File "/lustre09/project/6032307/arnauddr/MiniCPBP/venv/lib/python3.11/site-packages/flask/app.py", line 1511, in wsgi_app
    response = self.full_dispatch_request()
               ^^^^^^^^^^^^^^^^^^^^^^^^^^^^
  File "/lustre09/project/6032307/arnauddr/MiniCPBP/venv/lib/python3.11/site-packages/flask/app.py", line 919, in full_dispatch_request
    rv = self.handle_user_exception(e)
         ^^^^^^^^^^^^^^^^^^^^^^^^^^^^^
  File "/lustre09/project/6032307/arnauddr/MiniCPBP/venv/lib/python3.11/site-packages/flask/app.py", line 917, in full_dispatch_request
    rv = self.dispatch_request()
         ^^^^^^^^^^^^^^^^^^^^^^^
  File "/lustre09/project/6032307/arnauddr/MiniCPBP/venv/lib/python3.11/site-packages/flask/app.py", line 902, in dispatch_request
    return self.ensure_sync(self.view_functions[rule.endpoint])(**view_args)  # type: ignore[no-any-return]
           ^^^^^^^^^^^^^^^^^^^^^^^^^^^^^^^^^^^^^^^^^^^^^^^^^^^^^^^^^^^^^^^^^
  File "/lustre09/project/6032307/arnauddr/MiniCPBP/server_mlm.py", line 147, in perplexity
    return {"perplexity": calculate_perplexity(sentence)}
                          ^^^^^^^^^^^^^^^^^^^^^^^^^^^^^^
  File "/lustre09/project/6032307/arnauddr/MiniCPBP/server_mlm.py", line 134, in calculate_perplexity
    with mutex:
TypeError: 'Lock' object does not support the context manager protocol
127.0.0.1 - - [30/Nov/2025 21:53:19] "[35m[1mPOST /perplexity HTTP/1.1[0m" 500 -
[2025-11-30 21:53:19,524] ERROR in app: Exception on /perplexity [POST]
Traceback (most recent call last):
  File "/lustre09/project/6032307/arnauddr/MiniCPBP/venv/lib/python3.11/site-packages/flask/app.py", line 1511, in wsgi_app
    response = self.full_dispatch_request()
               ^^^^^^^^^^^^^^^^^^^^^^^^^^^^
  File "/lustre09/project/6032307/arnauddr/MiniCPBP/venv/lib/python3.11/site-packages/flask/app.py", line 919, in full_dispatch_request
    rv = self.handle_user_exception(e)
         ^^^^^^^^^^^^^^^^^^^^^^^^^^^^^
  File "/lustre09/project/6032307/arnauddr/MiniCPBP/venv/lib/python3.11/site-packages/flask/app.py", line 917, in full_dispatch_request
    rv = self.dispatch_request()
         ^^^^^^^^^^^^^^^^^^^^^^^
  File "/lustre09/project/6032307/arnauddr/MiniCPBP/venv/lib/python3.11/site-packages/flask/app.py", line 902, in dispatch_request
    return self.ensure_sync(self.view_functions[rule.endpoint])(**view_args)  # type: ignore[no-any-return]
           ^^^^^^^^^^^^^^^^^^^^^^^^^^^^^^^^^^^^^^^^^^^^^^^^^^^^^^^^^^^^^^^^^
  File "/lustre09/project/6032307/arnauddr/MiniCPBP/server_mlm.py", line 147, in perplexity
    return {"perplexity": calculate_perplexity(sentence)}
                          ^^^^^^^^^^^^^^^^^^^^^^^^^^^^^^
  File "/lustre09/project/6032307/arnauddr/MiniCPBP/server_mlm.py", line 134, in calculate_perplexity
    with mutex:
TypeError: 'Lock' object does not support the context manager protocol
127.0.0.1 - - [30/Nov/2025 21:53:19] "[35m[1mPOST /perplexity HTTP/1.1[0m" 500 -
[2025-11-30 21:53:19,607] ERROR in app: Exception on /perplexity [POST]
Traceback (most recent call last):
  File "/lustre09/project/6032307/arnauddr/MiniCPBP/venv/lib/python3.11/site-packages/flask/app.py", line 1511, in wsgi_app
    response = self.full_dispatch_request()
               ^^^^^^^^^^^^^^^^^^^^^^^^^^^^
  File "/lustre09/project/6032307/arnauddr/MiniCPBP/venv/lib/python3.11/site-packages/flask/app.py", line 919, in full_dispatch_request
    rv = self.handle_user_exception(e)
         ^^^^^^^^^^^^^^^^^^^^^^^^^^^^^
  File "/lustre09/project/6032307/arnauddr/MiniCPBP/venv/lib/python3.11/site-packages/flask/app.py", line 917, in full_dispatch_request
    rv = self.dispatch_request()
         ^^^^^^^^^^^^^^^^^^^^^^^
  File "/lustre09/project/6032307/arnauddr/MiniCPBP/venv/lib/python3.11/site-packages/flask/app.py", line 902, in dispatch_request
    return self.ensure_sync(self.view_functions[rule.endpoint])(**view_args)  # type: ignore[no-any-return]
           ^^^^^^^^^^^^^^^^^^^^^^^^^^^^^^^^^^^^^^^^^^^^^^^^^^^^^^^^^^^^^^^^^
  File "/lustre09/project/6032307/arnauddr/MiniCPBP/server_mlm.py", line 147, in perplexity
    return {"perplexity": calculate_perplexity(sentence)}
                          ^^^^^^^^^^^^^^^^^^^^^^^^^^^^^^
  File "/lustre09/project/6032307/arnauddr/MiniCPBP/server_mlm.py", line 134, in calculate_perplexity
    with mutex:
TypeError: 'Lock' object does not support the context manager protocol
127.0.0.1 - - [30/Nov/2025 21:53:19] "[35m[1mPOST /perplexity HTTP/1.1[0m" 500 -
[2025-11-30 21:53:19,728] ERROR in app: Exception on /perplexity [POST]
Traceback (most recent call last):
  File "/lustre09/project/6032307/arnauddr/MiniCPBP/venv/lib/python3.11/site-packages/flask/app.py", line 1511, in wsgi_app
    response = self.full_dispatch_request()
               ^^^^^^^^^^^^^^^^^^^^^^^^^^^^
  File "/lustre09/project/6032307/arnauddr/MiniCPBP/venv/lib/python3.11/site-packages/flask/app.py", line 919, in full_dispatch_request
    rv = self.handle_user_exception(e)
         ^^^^^^^^^^^^^^^^^^^^^^^^^^^^^
  File "/lustre09/project/6032307/arnauddr/MiniCPBP/venv/lib/python3.11/site-packages/flask/app.py", line 917, in full_dispatch_request
    rv = self.dispatch_request()
         ^^^^^^^^^^^^^^^^^^^^^^^
  File "/lustre09/project/6032307/arnauddr/MiniCPBP/venv/lib/python3.11/site-packages/flask/app.py", line 902, in dispatch_request
    return self.ensure_sync(self.view_functions[rule.endpoint])(**view_args)  # type: ignore[no-any-return]
           ^^^^^^^^^^^^^^^^^^^^^^^^^^^^^^^^^^^^^^^^^^^^^^^^^^^^^^^^^^^^^^^^^
  File "/lustre09/project/6032307/arnauddr/MiniCPBP/server_mlm.py", line 147, in perplexity
    return {"perplexity": calculate_perplexity(sentence)}
                          ^^^^^^^^^^^^^^^^^^^^^^^^^^^^^^
  File "/lustre09/project/6032307/arnauddr/MiniCPBP/server_mlm.py", line 134, in calculate_perplexity
    with mutex:
TypeError: 'Lock' object does not support the context manager protocol
127.0.0.1 - - [30/Nov/2025 21:53:19] "[35m[1mPOST /perplexity HTTP/1.1[0m" 500 -
[2025-11-30 21:53:19,787] ERROR in app: Exception on /perplexity [POST]
Traceback (most recent call last):
  File "/lustre09/project/6032307/arnauddr/MiniCPBP/venv/lib/python3.11/site-packages/flask/app.py", line 1511, in wsgi_app
    response = self.full_dispatch_request()
               ^^^^^^^^^^^^^^^^^^^^^^^^^^^^
  File "/lustre09/project/6032307/arnauddr/MiniCPBP/venv/lib/python3.11/site-packages/flask/app.py", line 919, in full_dispatch_request
    rv = self.handle_user_exception(e)
         ^^^^^^^^^^^^^^^^^^^^^^^^^^^^^
  File "/lustre09/project/6032307/arnauddr/MiniCPBP/venv/lib/python3.11/site-packages/flask/app.py", line 917, in full_dispatch_request
    rv = self.dispatch_request()
         ^^^^^^^^^^^^^^^^^^^^^^^
  File "/lustre09/project/6032307/arnauddr/MiniCPBP/venv/lib/python3.11/site-packages/flask/app.py", line 902, in dispatch_request
    return self.ensure_sync(self.view_functions[rule.endpoint])(**view_args)  # type: ignore[no-any-return]
           ^^^^^^^^^^^^^^^^^^^^^^^^^^^^^^^^^^^^^^^^^^^^^^^^^^^^^^^^^^^^^^^^^
  File "/lustre09/project/6032307/arnauddr/MiniCPBP/server_mlm.py", line 147, in perplexity
    return {"perplexity": calculate_perplexity(sentence)}
                          ^^^^^^^^^^^^^^^^^^^^^^^^^^^^^^
  File "/lustre09/project/6032307/arnauddr/MiniCPBP/server_mlm.py", line 134, in calculate_perplexity
    with mutex:
TypeError: 'Lock' object does not support the context manager protocol
127.0.0.1 - - [30/Nov/2025 21:53:19] "[35m[1mPOST /perplexity HTTP/1.1[0m" 500 -
[2025-11-30 21:53:19,919] ERROR in app: Exception on /perplexity [POST]
Traceback (most recent call last):
  File "/lustre09/project/6032307/arnauddr/MiniCPBP/venv/lib/python3.11/site-packages/flask/app.py", line 1511, in wsgi_app
    response = self.full_dispatch_request()
               ^^^^^^^^^^^^^^^^^^^^^^^^^^^^
  File "/lustre09/project/6032307/arnauddr/MiniCPBP/venv/lib/python3.11/site-packages/flask/app.py", line 919, in full_dispatch_request
    rv = self.handle_user_exception(e)
         ^^^^^^^^^^^^^^^^^^^^^^^^^^^^^
  File "/lustre09/project/6032307/arnauddr/MiniCPBP/venv/lib/python3.11/site-packages/flask/app.py", line 917, in full_dispatch_request
    rv = self.dispatch_request()
         ^^^^^^^^^^^^^^^^^^^^^^^
  File "/lustre09/project/6032307/arnauddr/MiniCPBP/venv/lib/python3.11/site-packages/flask/app.py", line 902, in dispatch_request
    return self.ensure_sync(self.view_functions[rule.endpoint])(**view_args)  # type: ignore[no-any-return]
           ^^^^^^^^^^^^^^^^^^^^^^^^^^^^^^^^^^^^^^^^^^^^^^^^^^^^^^^^^^^^^^^^^
  File "/lustre09/project/6032307/arnauddr/MiniCPBP/server_mlm.py", line 147, in perplexity
    return {"perplexity": calculate_perplexity(sentence)}
                          ^^^^^^^^^^^^^^^^^^^^^^^^^^^^^^
  File "/lustre09/project/6032307/arnauddr/MiniCPBP/server_mlm.py", line 134, in calculate_perplexity
    with mutex:
TypeError: 'Lock' object does not support the context manager protocol
127.0.0.1 - - [30/Nov/2025 21:53:19] "[35m[1mPOST /perplexity HTTP/1.1[0m" 500 -
[2025-11-30 21:53:20,011] ERROR in app: Exception on /perplexity [POST]
Traceback (most recent call last):
  File "/lustre09/project/6032307/arnauddr/MiniCPBP/venv/lib/python3.11/site-packages/flask/app.py", line 1511, in wsgi_app
    response = self.full_dispatch_request()
               ^^^^^^^^^^^^^^^^^^^^^^^^^^^^
  File "/lustre09/project/6032307/arnauddr/MiniCPBP/venv/lib/python3.11/site-packages/flask/app.py", line 919, in full_dispatch_request
    rv = self.handle_user_exception(e)
         ^^^^^^^^^^^^^^^^^^^^^^^^^^^^^
  File "/lustre09/project/6032307/arnauddr/MiniCPBP/venv/lib/python3.11/site-packages/flask/app.py", line 917, in full_dispatch_request
    rv = self.dispatch_request()
         ^^^^^^^^^^^^^^^^^^^^^^^
  File "/lustre09/project/6032307/arnauddr/MiniCPBP/venv/lib/python3.11/site-packages/flask/app.py", line 902, in dispatch_request
    return self.ensure_sync(self.view_functions[rule.endpoint])(**view_args)  # type: ignore[no-any-return]
           ^^^^^^^^^^^^^^^^^^^^^^^^^^^^^^^^^^^^^^^^^^^^^^^^^^^^^^^^^^^^^^^^^
  File "/lustre09/project/6032307/arnauddr/MiniCPBP/server_mlm.py", line 147, in perplexity
    return {"perplexity": calculate_perplexity(sentence)}
                          ^^^^^^^^^^^^^^^^^^^^^^^^^^^^^^
  File "/lustre09/project/6032307/arnauddr/MiniCPBP/server_mlm.py", line 134, in calculate_perplexity
    with mutex:
TypeError: 'Lock' object does not support the context manager protocol
127.0.0.1 - - [30/Nov/2025 21:53:20] "[35m[1mPOST /perplexity HTTP/1.1[0m" 500 -
[2025-11-30 21:53:20,057] ERROR in app: Exception on /perplexity [POST]
Traceback (most recent call last):
  File "/lustre09/project/6032307/arnauddr/MiniCPBP/venv/lib/python3.11/site-packages/flask/app.py", line 1511, in wsgi_app
    response = self.full_dispatch_request()
               ^^^^^^^^^^^^^^^^^^^^^^^^^^^^
  File "/lustre09/project/6032307/arnauddr/MiniCPBP/venv/lib/python3.11/site-packages/flask/app.py", line 919, in full_dispatch_request
    rv = self.handle_user_exception(e)
         ^^^^^^^^^^^^^^^^^^^^^^^^^^^^^
  File "/lustre09/project/6032307/arnauddr/MiniCPBP/venv/lib/python3.11/site-packages/flask/app.py", line 917, in full_dispatch_request
    rv = self.dispatch_request()
         ^^^^^^^^^^^^^^^^^^^^^^^
  File "/lustre09/project/6032307/arnauddr/MiniCPBP/venv/lib/python3.11/site-packages/flask/app.py", line 902, in dispatch_request
    return self.ensure_sync(self.view_functions[rule.endpoint])(**view_args)  # type: ignore[no-any-return]
           ^^^^^^^^^^^^^^^^^^^^^^^^^^^^^^^^^^^^^^^^^^^^^^^^^^^^^^^^^^^^^^^^^
  File "/lustre09/project/6032307/arnauddr/MiniCPBP/server_mlm.py", line 147, in perplexity
    return {"perplexity": calculate_perplexity(sentence)}
                          ^^^^^^^^^^^^^^^^^^^^^^^^^^^^^^
  File "/lustre09/project/6032307/arnauddr/MiniCPBP/server_mlm.py", line 134, in calculate_perplexity
    with mutex:
TypeError: 'Lock' object does not support the context manager protocol
127.0.0.1 - - [30/Nov/2025 21:53:20] "[35m[1mPOST /perplexity HTTP/1.1[0m" 500 -
[2025-11-30 21:53:20,332] ERROR in app: Exception on /perplexity [POST]
Traceback (most recent call last):
  File "/lustre09/project/6032307/arnauddr/MiniCPBP/venv/lib/python3.11/site-packages/flask/app.py", line 1511, in wsgi_app
    response = self.full_dispatch_request()
               ^^^^^^^^^^^^^^^^^^^^^^^^^^^^
  File "/lustre09/project/6032307/arnauddr/MiniCPBP/venv/lib/python3.11/site-packages/flask/app.py", line 919, in full_dispatch_request
    rv = self.handle_user_exception(e)
         ^^^^^^^^^^^^^^^^^^^^^^^^^^^^^
  File "/lustre09/project/6032307/arnauddr/MiniCPBP/venv/lib/python3.11/site-packages/flask/app.py", line 917, in full_dispatch_request
    rv = self.dispatch_request()
         ^^^^^^^^^^^^^^^^^^^^^^^
  File "/lustre09/project/6032307/arnauddr/MiniCPBP/venv/lib/python3.11/site-packages/flask/app.py", line 902, in dispatch_request
    return self.ensure_sync(self.view_functions[rule.endpoint])(**view_args)  # type: ignore[no-any-return]
           ^^^^^^^^^^^^^^^^^^^^^^^^^^^^^^^^^^^^^^^^^^^^^^^^^^^^^^^^^^^^^^^^^
  File "/lustre09/project/6032307/arnauddr/MiniCPBP/server_mlm.py", line 147, in perplexity
    return {"perplexity": calculate_perplexity(sentence)}
                          ^^^^^^^^^^^^^^^^^^^^^^^^^^^^^^
  File "/lustre09/project/6032307/arnauddr/MiniCPBP/server_mlm.py", line 134, in calculate_perplexity
    with mutex:
TypeError: 'Lock' object does not support the context manager protocol
127.0.0.1 - - [30/Nov/2025 21:53:20] "[35m[1mPOST /perplexity HTTP/1.1[0m" 500 -
[2025-11-30 21:53:20,447] ERROR in app: Exception on /perplexity [POST]
Traceback (most recent call last):
  File "/lustre09/project/6032307/arnauddr/MiniCPBP/venv/lib/python3.11/site-packages/flask/app.py", line 1511, in wsgi_app
    response = self.full_dispatch_request()
               ^^^^^^^^^^^^^^^^^^^^^^^^^^^^
  File "/lustre09/project/6032307/arnauddr/MiniCPBP/venv/lib/python3.11/site-packages/flask/app.py", line 919, in full_dispatch_request
    rv = self.handle_user_exception(e)
         ^^^^^^^^^^^^^^^^^^^^^^^^^^^^^
  File "/lustre09/project/6032307/arnauddr/MiniCPBP/venv/lib/python3.11/site-packages/flask/app.py", line 917, in full_dispatch_request
    rv = self.dispatch_request()
         ^^^^^^^^^^^^^^^^^^^^^^^
  File "/lustre09/project/6032307/arnauddr/MiniCPBP/venv/lib/python3.11/site-packages/flask/app.py", line 902, in dispatch_request
    return self.ensure_sync(self.view_functions[rule.endpoint])(**view_args)  # type: ignore[no-any-return]
           ^^^^^^^^^^^^^^^^^^^^^^^^^^^^^^^^^^^^^^^^^^^^^^^^^^^^^^^^^^^^^^^^^
  File "/lustre09/project/6032307/arnauddr/MiniCPBP/server_mlm.py", line 147, in perplexity
    return {"perplexity": calculate_perplexity(sentence)}
                          ^^^^^^^^^^^^^^^^^^^^^^^^^^^^^^
  File "/lustre09/project/6032307/arnauddr/MiniCPBP/server_mlm.py", line 134, in calculate_perplexity
    with mutex:
TypeError: 'Lock' object does not support the context manager protocol
127.0.0.1 - - [30/Nov/2025 21:53:20] "[35m[1mPOST /perplexity HTTP/1.1[0m" 500 -
[2025-11-30 21:53:20,526] ERROR in app: Exception on /perplexity [POST]
Traceback (most recent call last):
  File "/lustre09/project/6032307/arnauddr/MiniCPBP/venv/lib/python3.11/site-packages/flask/app.py", line 1511, in wsgi_app
    response = self.full_dispatch_request()
               ^^^^^^^^^^^^^^^^^^^^^^^^^^^^
  File "/lustre09/project/6032307/arnauddr/MiniCPBP/venv/lib/python3.11/site-packages/flask/app.py", line 919, in full_dispatch_request
    rv = self.handle_user_exception(e)
         ^^^^^^^^^^^^^^^^^^^^^^^^^^^^^
  File "/lustre09/project/6032307/arnauddr/MiniCPBP/venv/lib/python3.11/site-packages/flask/app.py", line 917, in full_dispatch_request
    rv = self.dispatch_request()
         ^^^^^^^^^^^^^^^^^^^^^^^
  File "/lustre09/project/6032307/arnauddr/MiniCPBP/venv/lib/python3.11/site-packages/flask/app.py", line 902, in dispatch_request
    return self.ensure_sync(self.view_functions[rule.endpoint])(**view_args)  # type: ignore[no-any-return]
           ^^^^^^^^^^^^^^^^^^^^^^^^^^^^^^^^^^^^^^^^^^^^^^^^^^^^^^^^^^^^^^^^^
  File "/lustre09/project/6032307/arnauddr/MiniCPBP/server_mlm.py", line 147, in perplexity
    return {"perplexity": calculate_perplexity(sentence)}
                          ^^^^^^^^^^^^^^^^^^^^^^^^^^^^^^
  File "/lustre09/project/6032307/arnauddr/MiniCPBP/server_mlm.py", line 134, in calculate_perplexity
    with mutex:
TypeError: 'Lock' object does not support the context manager protocol
127.0.0.1 - - [30/Nov/2025 21:53:20] "[35m[1mPOST /perplexity HTTP/1.1[0m" 500 -
[2025-11-30 21:53:20,530] ERROR in app: Exception on /perplexity [POST]
Traceback (most recent call last):
  File "/lustre09/project/6032307/arnauddr/MiniCPBP/venv/lib/python3.11/site-packages/flask/app.py", line 1511, in wsgi_app
    response = self.full_dispatch_request()
               ^^^^^^^^^^^^^^^^^^^^^^^^^^^^
  File "/lustre09/project/6032307/arnauddr/MiniCPBP/venv/lib/python3.11/site-packages/flask/app.py", line 919, in full_dispatch_request
    rv = self.handle_user_exception(e)
         ^^^^^^^^^^^^^^^^^^^^^^^^^^^^^
  File "/lustre09/project/6032307/arnauddr/MiniCPBP/venv/lib/python3.11/site-packages/flask/app.py", line 917, in full_dispatch_request
    rv = self.dispatch_request()
         ^^^^^^^^^^^^^^^^^^^^^^^
  File "/lustre09/project/6032307/arnauddr/MiniCPBP/venv/lib/python3.11/site-packages/flask/app.py", line 902, in dispatch_request
    return self.ensure_sync(self.view_functions[rule.endpoint])(**view_args)  # type: ignore[no-any-return]
           ^^^^^^^^^^^^^^^^^^^^^^^^^^^^^^^^^^^^^^^^^^^^^^^^^^^^^^^^^^^^^^^^^
  File "/lustre09/project/6032307/arnauddr/MiniCPBP/server_mlm.py", line 147, in perplexity
    return {"perplexity": calculate_perplexity(sentence)}
                          ^^^^^^^^^^^^^^^^^^^^^^^^^^^^^^
  File "/lustre09/project/6032307/arnauddr/MiniCPBP/server_mlm.py", line 134, in calculate_perplexity
    with mutex:
TypeError: 'Lock' object does not support the context manager protocol
127.0.0.1 - - [30/Nov/2025 21:53:20] "[35m[1mPOST /perplexity HTTP/1.1[0m" 500 -
[2025-11-30 21:53:20,534] ERROR in app: Exception on /perplexity [POST]
Traceback (most recent call last):
  File "/lustre09/project/6032307/arnauddr/MiniCPBP/venv/lib/python3.11/site-packages/flask/app.py", line 1511, in wsgi_app
    response = self.full_dispatch_request()
               ^^^^^^^^^^^^^^^^^^^^^^^^^^^^
  File "/lustre09/project/6032307/arnauddr/MiniCPBP/venv/lib/python3.11/site-packages/flask/app.py", line 919, in full_dispatch_request
    rv = self.handle_user_exception(e)
         ^^^^^^^^^^^^^^^^^^^^^^^^^^^^^
  File "/lustre09/project/6032307/arnauddr/MiniCPBP/venv/lib/python3.11/site-packages/flask/app.py", line 917, in full_dispatch_request
    rv = self.dispatch_request()
         ^^^^^^^^^^^^^^^^^^^^^^^
  File "/lustre09/project/6032307/arnauddr/MiniCPBP/venv/lib/python3.11/site-packages/flask/app.py", line 902, in dispatch_request
    return self.ensure_sync(self.view_functions[rule.endpoint])(**view_args)  # type: ignore[no-any-return]
           ^^^^^^^^^^^^^^^^^^^^^^^^^^^^^^^^^^^^^^^^^^^^^^^^^^^^^^^^^^^^^^^^^
  File "/lustre09/project/6032307/arnauddr/MiniCPBP/server_mlm.py", line 147, in perplexity
    return {"perplexity": calculate_perplexity(sentence)}
                          ^^^^^^^^^^^^^^^^^^^^^^^^^^^^^^
  File "/lustre09/project/6032307/arnauddr/MiniCPBP/server_mlm.py", line 134, in calculate_perplexity
    with mutex:
TypeError: 'Lock' object does not support the context manager protocol
127.0.0.1 - - [30/Nov/2025 21:53:20] "[35m[1mPOST /perplexity HTTP/1.1[0m" 500 -
[2025-11-30 21:53:20,563] ERROR in app: Exception on /perplexity [POST]
Traceback (most recent call last):
  File "/lustre09/project/6032307/arnauddr/MiniCPBP/venv/lib/python3.11/site-packages/flask/app.py", line 1511, in wsgi_app
    response = self.full_dispatch_request()
               ^^^^^^^^^^^^^^^^^^^^^^^^^^^^
  File "/lustre09/project/6032307/arnauddr/MiniCPBP/venv/lib/python3.11/site-packages/flask/app.py", line 919, in full_dispatch_request
    rv = self.handle_user_exception(e)
         ^^^^^^^^^^^^^^^^^^^^^^^^^^^^^
  File "/lustre09/project/6032307/arnauddr/MiniCPBP/venv/lib/python3.11/site-packages/flask/app.py", line 917, in full_dispatch_request
    rv = self.dispatch_request()
         ^^^^^^^^^^^^^^^^^^^^^^^
  File "/lustre09/project/6032307/arnauddr/MiniCPBP/venv/lib/python3.11/site-packages/flask/app.py", line 902, in dispatch_request
    return self.ensure_sync(self.view_functions[rule.endpoint])(**view_args)  # type: ignore[no-any-return]
           ^^^^^^^^^^^^^^^^^^^^^^^^^^^^^^^^^^^^^^^^^^^^^^^^^^^^^^^^^^^^^^^^^
  File "/lustre09/project/6032307/arnauddr/MiniCPBP/server_mlm.py", line 147, in perplexity
    return {"perplexity": calculate_perplexity(sentence)}
                          ^^^^^^^^^^^^^^^^^^^^^^^^^^^^^^
  File "/lustre09/project/6032307/arnauddr/MiniCPBP/server_mlm.py", line 134, in calculate_perplexity
    with mutex:
TypeError: 'Lock' object does not support the context manager protocol
127.0.0.1 - - [30/Nov/2025 21:53:20] "[35m[1mPOST /perplexity HTTP/1.1[0m" 500 -
[2025-11-30 21:53:20,566] ERROR in app: Exception on /perplexity [POST]
Traceback (most recent call last):
  File "/lustre09/project/6032307/arnauddr/MiniCPBP/venv/lib/python3.11/site-packages/flask/app.py", line 1511, in wsgi_app
    response = self.full_dispatch_request()
               ^^^^^^^^^^^^^^^^^^^^^^^^^^^^
  File "/lustre09/project/6032307/arnauddr/MiniCPBP/venv/lib/python3.11/site-packages/flask/app.py", line 919, in full_dispatch_request
    rv = self.handle_user_exception(e)
         ^^^^^^^^^^^^^^^^^^^^^^^^^^^^^
  File "/lustre09/project/6032307/arnauddr/MiniCPBP/venv/lib/python3.11/site-packages/flask/app.py", line 917, in full_dispatch_request
    rv = self.dispatch_request()
         ^^^^^^^^^^^^^^^^^^^^^^^
  File "/lustre09/project/6032307/arnauddr/MiniCPBP/venv/lib/python3.11/site-packages/flask/app.py", line 902, in dispatch_request
    return self.ensure_sync(self.view_functions[rule.endpoint])(**view_args)  # type: ignore[no-any-return]
           ^^^^^^^^^^^^^^^^^^^^^^^^^^^^^^^^^^^^^^^^^^^^^^^^^^^^^^^^^^^^^^^^^
  File "/lustre09/project/6032307/arnauddr/MiniCPBP/server_mlm.py", line 147, in perplexity
    return {"perplexity": calculate_perplexity(sentence)}
                          ^^^^^^^^^^^^^^^^^^^^^^^^^^^^^^
  File "/lustre09/project/6032307/arnauddr/MiniCPBP/server_mlm.py", line 134, in calculate_perplexity
    with mutex:
TypeError: 'Lock' object does not support the context manager protocol
127.0.0.1 - - [30/Nov/2025 21:53:20] "[35m[1mPOST /perplexity HTTP/1.1[0m" 500 -
[2025-11-30 21:53:20,631] ERROR in app: Exception on /perplexity [POST]
Traceback (most recent call last):
  File "/lustre09/project/6032307/arnauddr/MiniCPBP/venv/lib/python3.11/site-packages/flask/app.py", line 1511, in wsgi_app
    response = self.full_dispatch_request()
               ^^^^^^^^^^^^^^^^^^^^^^^^^^^^
  File "/lustre09/project/6032307/arnauddr/MiniCPBP/venv/lib/python3.11/site-packages/flask/app.py", line 919, in full_dispatch_request
    rv = self.handle_user_exception(e)
         ^^^^^^^^^^^^^^^^^^^^^^^^^^^^^
  File "/lustre09/project/6032307/arnauddr/MiniCPBP/venv/lib/python3.11/site-packages/flask/app.py", line 917, in full_dispatch_request
    rv = self.dispatch_request()
         ^^^^^^^^^^^^^^^^^^^^^^^
  File "/lustre09/project/6032307/arnauddr/MiniCPBP/venv/lib/python3.11/site-packages/flask/app.py", line 902, in dispatch_request
    return self.ensure_sync(self.view_functions[rule.endpoint])(**view_args)  # type: ignore[no-any-return]
           ^^^^^^^^^^^^^^^^^^^^^^^^^^^^^^^^^^^^^^^^^^^^^^^^^^^^^^^^^^^^^^^^^
  File "/lustre09/project/6032307/arnauddr/MiniCPBP/server_mlm.py", line 147, in perplexity
    return {"perplexity": calculate_perplexity(sentence)}
                          ^^^^^^^^^^^^^^^^^^^^^^^^^^^^^^
  File "/lustre09/project/6032307/arnauddr/MiniCPBP/server_mlm.py", line 134, in calculate_perplexity
    with mutex:
TypeError: 'Lock' object does not support the context manager protocol
127.0.0.1 - - [30/Nov/2025 21:53:20] "[35m[1mPOST /perplexity HTTP/1.1[0m" 500 -
[2025-11-30 21:53:20,717] ERROR in app: Exception on /perplexity [POST]
Traceback (most recent call last):
  File "/lustre09/project/6032307/arnauddr/MiniCPBP/venv/lib/python3.11/site-packages/flask/app.py", line 1511, in wsgi_app
    response = self.full_dispatch_request()
               ^^^^^^^^^^^^^^^^^^^^^^^^^^^^
  File "/lustre09/project/6032307/arnauddr/MiniCPBP/venv/lib/python3.11/site-packages/flask/app.py", line 919, in full_dispatch_request
    rv = self.handle_user_exception(e)
         ^^^^^^^^^^^^^^^^^^^^^^^^^^^^^
  File "/lustre09/project/6032307/arnauddr/MiniCPBP/venv/lib/python3.11/site-packages/flask/app.py", line 917, in full_dispatch_request
    rv = self.dispatch_request()
         ^^^^^^^^^^^^^^^^^^^^^^^
  File "/lustre09/project/6032307/arnauddr/MiniCPBP/venv/lib/python3.11/site-packages/flask/app.py", line 902, in dispatch_request
    return self.ensure_sync(self.view_functions[rule.endpoint])(**view_args)  # type: ignore[no-any-return]
           ^^^^^^^^^^^^^^^^^^^^^^^^^^^^^^^^^^^^^^^^^^^^^^^^^^^^^^^^^^^^^^^^^
  File "/lustre09/project/6032307/arnauddr/MiniCPBP/server_mlm.py", line 147, in perplexity
    return {"perplexity": calculate_perplexity(sentence)}
                          ^^^^^^^^^^^^^^^^^^^^^^^^^^^^^^
  File "/lustre09/project/6032307/arnauddr/MiniCPBP/server_mlm.py", line 134, in calculate_perplexity
    with mutex:
TypeError: 'Lock' object does not support the context manager protocol
127.0.0.1 - - [30/Nov/2025 21:53:20] "[35m[1mPOST /perplexity HTTP/1.1[0m" 500 -
[2025-11-30 21:53:20,767] ERROR in app: Exception on /perplexity [POST]
Traceback (most recent call last):
  File "/lustre09/project/6032307/arnauddr/MiniCPBP/venv/lib/python3.11/site-packages/flask/app.py", line 1511, in wsgi_app
    response = self.full_dispatch_request()
               ^^^^^^^^^^^^^^^^^^^^^^^^^^^^
  File "/lustre09/project/6032307/arnauddr/MiniCPBP/venv/lib/python3.11/site-packages/flask/app.py", line 919, in full_dispatch_request
    rv = self.handle_user_exception(e)
         ^^^^^^^^^^^^^^^^^^^^^^^^^^^^^
  File "/lustre09/project/6032307/arnauddr/MiniCPBP/venv/lib/python3.11/site-packages/flask/app.py", line 917, in full_dispatch_request
    rv = self.dispatch_request()
         ^^^^^^^^^^^^^^^^^^^^^^^
  File "/lustre09/project/6032307/arnauddr/MiniCPBP/venv/lib/python3.11/site-packages/flask/app.py", line 902, in dispatch_request
    return self.ensure_sync(self.view_functions[rule.endpoint])(**view_args)  # type: ignore[no-any-return]
           ^^^^^^^^^^^^^^^^^^^^^^^^^^^^^^^^^^^^^^^^^^^^^^^^^^^^^^^^^^^^^^^^^
  File "/lustre09/project/6032307/arnauddr/MiniCPBP/server_mlm.py", line 147, in perplexity
    return {"perplexity": calculate_perplexity(sentence)}
                          ^^^^^^^^^^^^^^^^^^^^^^^^^^^^^^
  File "/lustre09/project/6032307/arnauddr/MiniCPBP/server_mlm.py", line 134, in calculate_perplexity
    with mutex:
TypeError: 'Lock' object does not support the context manager protocol
127.0.0.1 - - [30/Nov/2025 21:53:20] "[35m[1mPOST /perplexity HTTP/1.1[0m" 500 -
[2025-11-30 21:53:20,810] ERROR in app: Exception on /perplexity [POST]
Traceback (most recent call last):
  File "/lustre09/project/6032307/arnauddr/MiniCPBP/venv/lib/python3.11/site-packages/flask/app.py", line 1511, in wsgi_app
    response = self.full_dispatch_request()
               ^^^^^^^^^^^^^^^^^^^^^^^^^^^^
  File "/lustre09/project/6032307/arnauddr/MiniCPBP/venv/lib/python3.11/site-packages/flask/app.py", line 919, in full_dispatch_request
    rv = self.handle_user_exception(e)
         ^^^^^^^^^^^^^^^^^^^^^^^^^^^^^
  File "/lustre09/project/6032307/arnauddr/MiniCPBP/venv/lib/python3.11/site-packages/flask/app.py", line 917, in full_dispatch_request
    rv = self.dispatch_request()
         ^^^^^^^^^^^^^^^^^^^^^^^
  File "/lustre09/project/6032307/arnauddr/MiniCPBP/venv/lib/python3.11/site-packages/flask/app.py", line 902, in dispatch_request
    return self.ensure_sync(self.view_functions[rule.endpoint])(**view_args)  # type: ignore[no-any-return]
           ^^^^^^^^^^^^^^^^^^^^^^^^^^^^^^^^^^^^^^^^^^^^^^^^^^^^^^^^^^^^^^^^^
  File "/lustre09/project/6032307/arnauddr/MiniCPBP/server_mlm.py", line 147, in perplexity
    return {"perplexity": calculate_perplexity(sentence)}
                          ^^^^^^^^^^^^^^^^^^^^^^^^^^^^^^
  File "/lustre09/project/6032307/arnauddr/MiniCPBP/server_mlm.py", line 134, in calculate_perplexity
    with mutex:
TypeError: 'Lock' object does not support the context manager protocol
127.0.0.1 - - [30/Nov/2025 21:53:20] "[35m[1mPOST /perplexity HTTP/1.1[0m" 500 -
[2025-11-30 21:53:20,887] ERROR in app: Exception on /perplexity [POST]
Traceback (most recent call last):
  File "/lustre09/project/6032307/arnauddr/MiniCPBP/venv/lib/python3.11/site-packages/flask/app.py", line 1511, in wsgi_app
    response = self.full_dispatch_request()
               ^^^^^^^^^^^^^^^^^^^^^^^^^^^^
  File "/lustre09/project/6032307/arnauddr/MiniCPBP/venv/lib/python3.11/site-packages/flask/app.py", line 919, in full_dispatch_request
    rv = self.handle_user_exception(e)
         ^^^^^^^^^^^^^^^^^^^^^^^^^^^^^
  File "/lustre09/project/6032307/arnauddr/MiniCPBP/venv/lib/python3.11/site-packages/flask/app.py", line 917, in full_dispatch_request
    rv = self.dispatch_request()
         ^^^^^^^^^^^^^^^^^^^^^^^
  File "/lustre09/project/6032307/arnauddr/MiniCPBP/venv/lib/python3.11/site-packages/flask/app.py", line 902, in dispatch_request
    return self.ensure_sync(self.view_functions[rule.endpoint])(**view_args)  # type: ignore[no-any-return]
           ^^^^^^^^^^^^^^^^^^^^^^^^^^^^^^^^^^^^^^^^^^^^^^^^^^^^^^^^^^^^^^^^^
  File "/lustre09/project/6032307/arnauddr/MiniCPBP/server_mlm.py", line 147, in perplexity
    return {"perplexity": calculate_perplexity(sentence)}
                          ^^^^^^^^^^^^^^^^^^^^^^^^^^^^^^
  File "/lustre09/project/6032307/arnauddr/MiniCPBP/server_mlm.py", line 134, in calculate_perplexity
    with mutex:
TypeError: 'Lock' object does not support the context manager protocol
127.0.0.1 - - [30/Nov/2025 21:53:20] "[35m[1mPOST /perplexity HTTP/1.1[0m" 500 -
[2025-11-30 21:53:20,903] ERROR in app: Exception on /perplexity [POST]
Traceback (most recent call last):
  File "/lustre09/project/6032307/arnauddr/MiniCPBP/venv/lib/python3.11/site-packages/flask/app.py", line 1511, in wsgi_app
    response = self.full_dispatch_request()
               ^^^^^^^^^^^^^^^^^^^^^^^^^^^^
  File "/lustre09/project/6032307/arnauddr/MiniCPBP/venv/lib/python3.11/site-packages/flask/app.py", line 919, in full_dispatch_request
    rv = self.handle_user_exception(e)
         ^^^^^^^^^^^^^^^^^^^^^^^^^^^^^
  File "/lustre09/project/6032307/arnauddr/MiniCPBP/venv/lib/python3.11/site-packages/flask/app.py", line 917, in full_dispatch_request
    rv = self.dispatch_request()
         ^^^^^^^^^^^^^^^^^^^^^^^
  File "/lustre09/project/6032307/arnauddr/MiniCPBP/venv/lib/python3.11/site-packages/flask/app.py", line 902, in dispatch_request
    return self.ensure_sync(self.view_functions[rule.endpoint])(**view_args)  # type: ignore[no-any-return]
           ^^^^^^^^^^^^^^^^^^^^^^^^^^^^^^^^^^^^^^^^^^^^^^^^^^^^^^^^^^^^^^^^^
  File "/lustre09/project/6032307/arnauddr/MiniCPBP/server_mlm.py", line 147, in perplexity
    return {"perplexity": calculate_perplexity(sentence)}
                          ^^^^^^^^^^^^^^^^^^^^^^^^^^^^^^
  File "/lustre09/project/6032307/arnauddr/MiniCPBP/server_mlm.py", line 134, in calculate_perplexity
    with mutex:
TypeError: 'Lock' object does not support the context manager protocol
127.0.0.1 - - [30/Nov/2025 21:53:20] "[35m[1mPOST /perplexity HTTP/1.1[0m" 500 -
[2025-11-30 21:53:21,080] ERROR in app: Exception on /perplexity [POST]
Traceback (most recent call last):
  File "/lustre09/project/6032307/arnauddr/MiniCPBP/venv/lib/python3.11/site-packages/flask/app.py", line 1511, in wsgi_app
    response = self.full_dispatch_request()
               ^^^^^^^^^^^^^^^^^^^^^^^^^^^^
  File "/lustre09/project/6032307/arnauddr/MiniCPBP/venv/lib/python3.11/site-packages/flask/app.py", line 919, in full_dispatch_request
    rv = self.handle_user_exception(e)
         ^^^^^^^^^^^^^^^^^^^^^^^^^^^^^
  File "/lustre09/project/6032307/arnauddr/MiniCPBP/venv/lib/python3.11/site-packages/flask/app.py", line 917, in full_dispatch_request
    rv = self.dispatch_request()
         ^^^^^^^^^^^^^^^^^^^^^^^
  File "/lustre09/project/6032307/arnauddr/MiniCPBP/venv/lib/python3.11/site-packages/flask/app.py", line 902, in dispatch_request
    return self.ensure_sync(self.view_functions[rule.endpoint])(**view_args)  # type: ignore[no-any-return]
           ^^^^^^^^^^^^^^^^^^^^^^^^^^^^^^^^^^^^^^^^^^^^^^^^^^^^^^^^^^^^^^^^^
  File "/lustre09/project/6032307/arnauddr/MiniCPBP/server_mlm.py", line 147, in perplexity
    return {"perplexity": calculate_perplexity(sentence)}
                          ^^^^^^^^^^^^^^^^^^^^^^^^^^^^^^
  File "/lustre09/project/6032307/arnauddr/MiniCPBP/server_mlm.py", line 134, in calculate_perplexity
    with mutex:
TypeError: 'Lock' object does not support the context manager protocol
127.0.0.1 - - [30/Nov/2025 21:53:21] "[35m[1mPOST /perplexity HTTP/1.1[0m" 500 -
[2025-11-30 21:53:21,102] ERROR in app: Exception on /perplexity [POST]
Traceback (most recent call last):
  File "/lustre09/project/6032307/arnauddr/MiniCPBP/venv/lib/python3.11/site-packages/flask/app.py", line 1511, in wsgi_app
    response = self.full_dispatch_request()
               ^^^^^^^^^^^^^^^^^^^^^^^^^^^^
  File "/lustre09/project/6032307/arnauddr/MiniCPBP/venv/lib/python3.11/site-packages/flask/app.py", line 919, in full_dispatch_request
    rv = self.handle_user_exception(e)
         ^^^^^^^^^^^^^^^^^^^^^^^^^^^^^
  File "/lustre09/project/6032307/arnauddr/MiniCPBP/venv/lib/python3.11/site-packages/flask/app.py", line 917, in full_dispatch_request
    rv = self.dispatch_request()
         ^^^^^^^^^^^^^^^^^^^^^^^
  File "/lustre09/project/6032307/arnauddr/MiniCPBP/venv/lib/python3.11/site-packages/flask/app.py", line 902, in dispatch_request
    return self.ensure_sync(self.view_functions[rule.endpoint])(**view_args)  # type: ignore[no-any-return]
           ^^^^^^^^^^^^^^^^^^^^^^^^^^^^^^^^^^^^^^^^^^^^^^^^^^^^^^^^^^^^^^^^^
  File "/lustre09/project/6032307/arnauddr/MiniCPBP/server_mlm.py", line 147, in perplexity
    return {"perplexity": calculate_perplexity(sentence)}
                          ^^^^^^^^^^^^^^^^^^^^^^^^^^^^^^
  File "/lustre09/project/6032307/arnauddr/MiniCPBP/server_mlm.py", line 134, in calculate_perplexity
    with mutex:
TypeError: 'Lock' object does not support the context manager protocol
127.0.0.1 - - [30/Nov/2025 21:53:21] "[35m[1mPOST /perplexity HTTP/1.1[0m" 500 -
[2025-11-30 21:53:21,185] ERROR in app: Exception on /perplexity [POST]
Traceback (most recent call last):
  File "/lustre09/project/6032307/arnauddr/MiniCPBP/venv/lib/python3.11/site-packages/flask/app.py", line 1511, in wsgi_app
    response = self.full_dispatch_request()
               ^^^^^^^^^^^^^^^^^^^^^^^^^^^^
  File "/lustre09/project/6032307/arnauddr/MiniCPBP/venv/lib/python3.11/site-packages/flask/app.py", line 919, in full_dispatch_request
    rv = self.handle_user_exception(e)
         ^^^^^^^^^^^^^^^^^^^^^^^^^^^^^
  File "/lustre09/project/6032307/arnauddr/MiniCPBP/venv/lib/python3.11/site-packages/flask/app.py", line 917, in full_dispatch_request
    rv = self.dispatch_request()
         ^^^^^^^^^^^^^^^^^^^^^^^
  File "/lustre09/project/6032307/arnauddr/MiniCPBP/venv/lib/python3.11/site-packages/flask/app.py", line 902, in dispatch_request
    return self.ensure_sync(self.view_functions[rule.endpoint])(**view_args)  # type: ignore[no-any-return]
           ^^^^^^^^^^^^^^^^^^^^^^^^^^^^^^^^^^^^^^^^^^^^^^^^^^^^^^^^^^^^^^^^^
  File "/lustre09/project/6032307/arnauddr/MiniCPBP/server_mlm.py", line 147, in perplexity
    return {"perplexity": calculate_perplexity(sentence)}
                          ^^^^^^^^^^^^^^^^^^^^^^^^^^^^^^
  File "/lustre09/project/6032307/arnauddr/MiniCPBP/server_mlm.py", line 134, in calculate_perplexity
    with mutex:
TypeError: 'Lock' object does not support the context manager protocol
127.0.0.1 - - [30/Nov/2025 21:53:21] "[35m[1mPOST /perplexity HTTP/1.1[0m" 500 -
[2025-11-30 21:53:21,258] ERROR in app: Exception on /perplexity [POST]
Traceback (most recent call last):
  File "/lustre09/project/6032307/arnauddr/MiniCPBP/venv/lib/python3.11/site-packages/flask/app.py", line 1511, in wsgi_app
    response = self.full_dispatch_request()
               ^^^^^^^^^^^^^^^^^^^^^^^^^^^^
  File "/lustre09/project/6032307/arnauddr/MiniCPBP/venv/lib/python3.11/site-packages/flask/app.py", line 919, in full_dispatch_request
    rv = self.handle_user_exception(e)
         ^^^^^^^^^^^^^^^^^^^^^^^^^^^^^
  File "/lustre09/project/6032307/arnauddr/MiniCPBP/venv/lib/python3.11/site-packages/flask/app.py", line 917, in full_dispatch_request
    rv = self.dispatch_request()
         ^^^^^^^^^^^^^^^^^^^^^^^
  File "/lustre09/project/6032307/arnauddr/MiniCPBP/venv/lib/python3.11/site-packages/flask/app.py", line 902, in dispatch_request
    return self.ensure_sync(self.view_functions[rule.endpoint])(**view_args)  # type: ignore[no-any-return]
           ^^^^^^^^^^^^^^^^^^^^^^^^^^^^^^^^^^^^^^^^^^^^^^^^^^^^^^^^^^^^^^^^^
  File "/lustre09/project/6032307/arnauddr/MiniCPBP/server_mlm.py", line 147, in perplexity
    return {"perplexity": calculate_perplexity(sentence)}
                          ^^^^^^^^^^^^^^^^^^^^^^^^^^^^^^
  File "/lustre09/project/6032307/arnauddr/MiniCPBP/server_mlm.py", line 134, in calculate_perplexity
    with mutex:
TypeError: 'Lock' object does not support the context manager protocol
127.0.0.1 - - [30/Nov/2025 21:53:21] "[35m[1mPOST /perplexity HTTP/1.1[0m" 500 -
[2025-11-30 21:53:21,327] ERROR in app: Exception on /perplexity [POST]
Traceback (most recent call last):
  File "/lustre09/project/6032307/arnauddr/MiniCPBP/venv/lib/python3.11/site-packages/flask/app.py", line 1511, in wsgi_app
    response = self.full_dispatch_request()
               ^^^^^^^^^^^^^^^^^^^^^^^^^^^^
  File "/lustre09/project/6032307/arnauddr/MiniCPBP/venv/lib/python3.11/site-packages/flask/app.py", line 919, in full_dispatch_request
    rv = self.handle_user_exception(e)
         ^^^^^^^^^^^^^^^^^^^^^^^^^^^^^
  File "/lustre09/project/6032307/arnauddr/MiniCPBP/venv/lib/python3.11/site-packages/flask/app.py", line 917, in full_dispatch_request
    rv = self.dispatch_request()
         ^^^^^^^^^^^^^^^^^^^^^^^
  File "/lustre09/project/6032307/arnauddr/MiniCPBP/venv/lib/python3.11/site-packages/flask/app.py", line 902, in dispatch_request
    return self.ensure_sync(self.view_functions[rule.endpoint])(**view_args)  # type: ignore[no-any-return]
           ^^^^^^^^^^^^^^^^^^^^^^^^^^^^^^^^^^^^^^^^^^^^^^^^^^^^^^^^^^^^^^^^^
  File "/lustre09/project/6032307/arnauddr/MiniCPBP/server_mlm.py", line 147, in perplexity
    return {"perplexity": calculate_perplexity(sentence)}
                          ^^^^^^^^^^^^^^^^^^^^^^^^^^^^^^
  File "/lustre09/project/6032307/arnauddr/MiniCPBP/server_mlm.py", line 134, in calculate_perplexity
    with mutex:
TypeError: 'Lock' object does not support the context manager protocol
127.0.0.1 - - [30/Nov/2025 21:53:21] "[35m[1mPOST /perplexity HTTP/1.1[0m" 500 -
[2025-11-30 21:53:21,350] ERROR in app: Exception on /perplexity [POST]
Traceback (most recent call last):
  File "/lustre09/project/6032307/arnauddr/MiniCPBP/venv/lib/python3.11/site-packages/flask/app.py", line 1511, in wsgi_app
    response = self.full_dispatch_request()
               ^^^^^^^^^^^^^^^^^^^^^^^^^^^^
  File "/lustre09/project/6032307/arnauddr/MiniCPBP/venv/lib/python3.11/site-packages/flask/app.py", line 919, in full_dispatch_request
    rv = self.handle_user_exception(e)
         ^^^^^^^^^^^^^^^^^^^^^^^^^^^^^
  File "/lustre09/project/6032307/arnauddr/MiniCPBP/venv/lib/python3.11/site-packages/flask/app.py", line 917, in full_dispatch_request
    rv = self.dispatch_request()
         ^^^^^^^^^^^^^^^^^^^^^^^
  File "/lustre09/project/6032307/arnauddr/MiniCPBP/venv/lib/python3.11/site-packages/flask/app.py", line 902, in dispatch_request
    return self.ensure_sync(self.view_functions[rule.endpoint])(**view_args)  # type: ignore[no-any-return]
           ^^^^^^^^^^^^^^^^^^^^^^^^^^^^^^^^^^^^^^^^^^^^^^^^^^^^^^^^^^^^^^^^^
  File "/lustre09/project/6032307/arnauddr/MiniCPBP/server_mlm.py", line 147, in perplexity
    return {"perplexity": calculate_perplexity(sentence)}
                          ^^^^^^^^^^^^^^^^^^^^^^^^^^^^^^
  File "/lustre09/project/6032307/arnauddr/MiniCPBP/server_mlm.py", line 134, in calculate_perplexity
    with mutex:
TypeError: 'Lock' object does not support the context manager protocol
127.0.0.1 - - [30/Nov/2025 21:53:21] "[35m[1mPOST /perplexity HTTP/1.1[0m" 500 -
[2025-11-30 21:53:21,393] ERROR in app: Exception on /perplexity [POST]
Traceback (most recent call last):
  File "/lustre09/project/6032307/arnauddr/MiniCPBP/venv/lib/python3.11/site-packages/flask/app.py", line 1511, in wsgi_app
    response = self.full_dispatch_request()
               ^^^^^^^^^^^^^^^^^^^^^^^^^^^^
  File "/lustre09/project/6032307/arnauddr/MiniCPBP/venv/lib/python3.11/site-packages/flask/app.py", line 919, in full_dispatch_request
    rv = self.handle_user_exception(e)
         ^^^^^^^^^^^^^^^^^^^^^^^^^^^^^
  File "/lustre09/project/6032307/arnauddr/MiniCPBP/venv/lib/python3.11/site-packages/flask/app.py", line 917, in full_dispatch_request
    rv = self.dispatch_request()
         ^^^^^^^^^^^^^^^^^^^^^^^
  File "/lustre09/project/6032307/arnauddr/MiniCPBP/venv/lib/python3.11/site-packages/flask/app.py", line 902, in dispatch_request
    return self.ensure_sync(self.view_functions[rule.endpoint])(**view_args)  # type: ignore[no-any-return]
           ^^^^^^^^^^^^^^^^^^^^^^^^^^^^^^^^^^^^^^^^^^^^^^^^^^^^^^^^^^^^^^^^^
  File "/lustre09/project/6032307/arnauddr/MiniCPBP/server_mlm.py", line 147, in perplexity
    return {"perplexity": calculate_perplexity(sentence)}
                          ^^^^^^^^^^^^^^^^^^^^^^^^^^^^^^
  File "/lustre09/project/6032307/arnauddr/MiniCPBP/server_mlm.py", line 134, in calculate_perplexity
    with mutex:
TypeError: 'Lock' object does not support the context manager protocol
127.0.0.1 - - [30/Nov/2025 21:53:21] "[35m[1mPOST /perplexity HTTP/1.1[0m" 500 -
[2025-11-30 21:53:21,429] ERROR in app: Exception on /perplexity [POST]
Traceback (most recent call last):
  File "/lustre09/project/6032307/arnauddr/MiniCPBP/venv/lib/python3.11/site-packages/flask/app.py", line 1511, in wsgi_app
    response = self.full_dispatch_request()
               ^^^^^^^^^^^^^^^^^^^^^^^^^^^^
  File "/lustre09/project/6032307/arnauddr/MiniCPBP/venv/lib/python3.11/site-packages/flask/app.py", line 919, in full_dispatch_request
    rv = self.handle_user_exception(e)
         ^^^^^^^^^^^^^^^^^^^^^^^^^^^^^
  File "/lustre09/project/6032307/arnauddr/MiniCPBP/venv/lib/python3.11/site-packages/flask/app.py", line 917, in full_dispatch_request
    rv = self.dispatch_request()
         ^^^^^^^^^^^^^^^^^^^^^^^
  File "/lustre09/project/6032307/arnauddr/MiniCPBP/venv/lib/python3.11/site-packages/flask/app.py", line 902, in dispatch_request
    return self.ensure_sync(self.view_functions[rule.endpoint])(**view_args)  # type: ignore[no-any-return]
           ^^^^^^^^^^^^^^^^^^^^^^^^^^^^^^^^^^^^^^^^^^^^^^^^^^^^^^^^^^^^^^^^^
  File "/lustre09/project/6032307/arnauddr/MiniCPBP/server_mlm.py", line 147, in perplexity
    return {"perplexity": calculate_perplexity(sentence)}
                          ^^^^^^^^^^^^^^^^^^^^^^^^^^^^^^
  File "/lustre09/project/6032307/arnauddr/MiniCPBP/server_mlm.py", line 134, in calculate_perplexity
    with mutex:
TypeError: 'Lock' object does not support the context manager protocol
127.0.0.1 - - [30/Nov/2025 21:53:21] "[35m[1mPOST /perplexity HTTP/1.1[0m" 500 -
[2025-11-30 21:53:21,534] ERROR in app: Exception on /perplexity [POST]
Traceback (most recent call last):
  File "/lustre09/project/6032307/arnauddr/MiniCPBP/venv/lib/python3.11/site-packages/flask/app.py", line 1511, in wsgi_app
    response = self.full_dispatch_request()
               ^^^^^^^^^^^^^^^^^^^^^^^^^^^^
  File "/lustre09/project/6032307/arnauddr/MiniCPBP/venv/lib/python3.11/site-packages/flask/app.py", line 919, in full_dispatch_request
    rv = self.handle_user_exception(e)
         ^^^^^^^^^^^^^^^^^^^^^^^^^^^^^
  File "/lustre09/project/6032307/arnauddr/MiniCPBP/venv/lib/python3.11/site-packages/flask/app.py", line 917, in full_dispatch_request
    rv = self.dispatch_request()
         ^^^^^^^^^^^^^^^^^^^^^^^
  File "/lustre09/project/6032307/arnauddr/MiniCPBP/venv/lib/python3.11/site-packages/flask/app.py", line 902, in dispatch_request
    return self.ensure_sync(self.view_functions[rule.endpoint])(**view_args)  # type: ignore[no-any-return]
           ^^^^^^^^^^^^^^^^^^^^^^^^^^^^^^^^^^^^^^^^^^^^^^^^^^^^^^^^^^^^^^^^^
  File "/lustre09/project/6032307/arnauddr/MiniCPBP/server_mlm.py", line 147, in perplexity
    return {"perplexity": calculate_perplexity(sentence)}
                          ^^^^^^^^^^^^^^^^^^^^^^^^^^^^^^
  File "/lustre09/project/6032307/arnauddr/MiniCPBP/server_mlm.py", line 134, in calculate_perplexity
    with mutex:
TypeError: 'Lock' object does not support the context manager protocol
127.0.0.1 - - [30/Nov/2025 21:53:21] "[35m[1mPOST /perplexity HTTP/1.1[0m" 500 -
[2025-11-30 21:53:21,610] ERROR in app: Exception on /perplexity [POST]
Traceback (most recent call last):
  File "/lustre09/project/6032307/arnauddr/MiniCPBP/venv/lib/python3.11/site-packages/flask/app.py", line 1511, in wsgi_app
    response = self.full_dispatch_request()
               ^^^^^^^^^^^^^^^^^^^^^^^^^^^^
  File "/lustre09/project/6032307/arnauddr/MiniCPBP/venv/lib/python3.11/site-packages/flask/app.py", line 919, in full_dispatch_request
    rv = self.handle_user_exception(e)
         ^^^^^^^^^^^^^^^^^^^^^^^^^^^^^
  File "/lustre09/project/6032307/arnauddr/MiniCPBP/venv/lib/python3.11/site-packages/flask/app.py", line 917, in full_dispatch_request
    rv = self.dispatch_request()
         ^^^^^^^^^^^^^^^^^^^^^^^
  File "/lustre09/project/6032307/arnauddr/MiniCPBP/venv/lib/python3.11/site-packages/flask/app.py", line 902, in dispatch_request
    return self.ensure_sync(self.view_functions[rule.endpoint])(**view_args)  # type: ignore[no-any-return]
           ^^^^^^^^^^^^^^^^^^^^^^^^^^^^^^^^^^^^^^^^^^^^^^^^^^^^^^^^^^^^^^^^^
  File "/lustre09/project/6032307/arnauddr/MiniCPBP/server_mlm.py", line 147, in perplexity
    return {"perplexity": calculate_perplexity(sentence)}
                          ^^^^^^^^^^^^^^^^^^^^^^^^^^^^^^
  File "/lustre09/project/6032307/arnauddr/MiniCPBP/server_mlm.py", line 134, in calculate_perplexity
    with mutex:
TypeError: 'Lock' object does not support the context manager protocol
127.0.0.1 - - [30/Nov/2025 21:53:21] "[35m[1mPOST /perplexity HTTP/1.1[0m" 500 -
[2025-11-30 21:53:21,691] ERROR in app: Exception on /perplexity [POST]
Traceback (most recent call last):
  File "/lustre09/project/6032307/arnauddr/MiniCPBP/venv/lib/python3.11/site-packages/flask/app.py", line 1511, in wsgi_app
    response = self.full_dispatch_request()
               ^^^^^^^^^^^^^^^^^^^^^^^^^^^^
  File "/lustre09/project/6032307/arnauddr/MiniCPBP/venv/lib/python3.11/site-packages/flask/app.py", line 919, in full_dispatch_request
    rv = self.handle_user_exception(e)
         ^^^^^^^^^^^^^^^^^^^^^^^^^^^^^
  File "/lustre09/project/6032307/arnauddr/MiniCPBP/venv/lib/python3.11/site-packages/flask/app.py", line 917, in full_dispatch_request
    rv = self.dispatch_request()
         ^^^^^^^^^^^^^^^^^^^^^^^
  File "/lustre09/project/6032307/arnauddr/MiniCPBP/venv/lib/python3.11/site-packages/flask/app.py", line 902, in dispatch_request
    return self.ensure_sync(self.view_functions[rule.endpoint])(**view_args)  # type: ignore[no-any-return]
           ^^^^^^^^^^^^^^^^^^^^^^^^^^^^^^^^^^^^^^^^^^^^^^^^^^^^^^^^^^^^^^^^^
  File "/lustre09/project/6032307/arnauddr/MiniCPBP/server_mlm.py", line 147, in perplexity
    return {"perplexity": calculate_perplexity(sentence)}
                          ^^^^^^^^^^^^^^^^^^^^^^^^^^^^^^
  File "/lustre09/project/6032307/arnauddr/MiniCPBP/server_mlm.py", line 134, in calculate_perplexity
    with mutex:
TypeError: 'Lock' object does not support the context manager protocol
127.0.0.1 - - [30/Nov/2025 21:53:21] "[35m[1mPOST /perplexity HTTP/1.1[0m" 500 -
[2025-11-30 21:53:21,747] ERROR in app: Exception on /perplexity [POST]
Traceback (most recent call last):
  File "/lustre09/project/6032307/arnauddr/MiniCPBP/venv/lib/python3.11/site-packages/flask/app.py", line 1511, in wsgi_app
    response = self.full_dispatch_request()
               ^^^^^^^^^^^^^^^^^^^^^^^^^^^^
  File "/lustre09/project/6032307/arnauddr/MiniCPBP/venv/lib/python3.11/site-packages/flask/app.py", line 919, in full_dispatch_request
    rv = self.handle_user_exception(e)
         ^^^^^^^^^^^^^^^^^^^^^^^^^^^^^
  File "/lustre09/project/6032307/arnauddr/MiniCPBP/venv/lib/python3.11/site-packages/flask/app.py", line 917, in full_dispatch_request
    rv = self.dispatch_request()
         ^^^^^^^^^^^^^^^^^^^^^^^
  File "/lustre09/project/6032307/arnauddr/MiniCPBP/venv/lib/python3.11/site-packages/flask/app.py", line 902, in dispatch_request
    return self.ensure_sync(self.view_functions[rule.endpoint])(**view_args)  # type: ignore[no-any-return]
           ^^^^^^^^^^^^^^^^^^^^^^^^^^^^^^^^^^^^^^^^^^^^^^^^^^^^^^^^^^^^^^^^^
  File "/lustre09/project/6032307/arnauddr/MiniCPBP/server_mlm.py", line 147, in perplexity
    return {"perplexity": calculate_perplexity(sentence)}
                          ^^^^^^^^^^^^^^^^^^^^^^^^^^^^^^
  File "/lustre09/project/6032307/arnauddr/MiniCPBP/server_mlm.py", line 134, in calculate_perplexity
    with mutex:
TypeError: 'Lock' object does not support the context manager protocol
127.0.0.1 - - [30/Nov/2025 21:53:21] "[35m[1mPOST /perplexity HTTP/1.1[0m" 500 -
[2025-11-30 21:53:21,800] ERROR in app: Exception on /perplexity [POST]
Traceback (most recent call last):
  File "/lustre09/project/6032307/arnauddr/MiniCPBP/venv/lib/python3.11/site-packages/flask/app.py", line 1511, in wsgi_app
    response = self.full_dispatch_request()
               ^^^^^^^^^^^^^^^^^^^^^^^^^^^^
  File "/lustre09/project/6032307/arnauddr/MiniCPBP/venv/lib/python3.11/site-packages/flask/app.py", line 919, in full_dispatch_request
    rv = self.handle_user_exception(e)
         ^^^^^^^^^^^^^^^^^^^^^^^^^^^^^
  File "/lustre09/project/6032307/arnauddr/MiniCPBP/venv/lib/python3.11/site-packages/flask/app.py", line 917, in full_dispatch_request
    rv = self.dispatch_request()
         ^^^^^^^^^^^^^^^^^^^^^^^
  File "/lustre09/project/6032307/arnauddr/MiniCPBP/venv/lib/python3.11/site-packages/flask/app.py", line 902, in dispatch_request
    return self.ensure_sync(self.view_functions[rule.endpoint])(**view_args)  # type: ignore[no-any-return]
           ^^^^^^^^^^^^^^^^^^^^^^^^^^^^^^^^^^^^^^^^^^^^^^^^^^^^^^^^^^^^^^^^^
  File "/lustre09/project/6032307/arnauddr/MiniCPBP/server_mlm.py", line 147, in perplexity
    return {"perplexity": calculate_perplexity(sentence)}
                          ^^^^^^^^^^^^^^^^^^^^^^^^^^^^^^
  File "/lustre09/project/6032307/arnauddr/MiniCPBP/server_mlm.py", line 134, in calculate_perplexity
    with mutex:
TypeError: 'Lock' object does not support the context manager protocol
127.0.0.1 - - [30/Nov/2025 21:53:21] "[35m[1mPOST /perplexity HTTP/1.1[0m" 500 -
[2025-11-30 21:53:21,861] ERROR in app: Exception on /perplexity [POST]
Traceback (most recent call last):
  File "/lustre09/project/6032307/arnauddr/MiniCPBP/venv/lib/python3.11/site-packages/flask/app.py", line 1511, in wsgi_app
    response = self.full_dispatch_request()
               ^^^^^^^^^^^^^^^^^^^^^^^^^^^^
  File "/lustre09/project/6032307/arnauddr/MiniCPBP/venv/lib/python3.11/site-packages/flask/app.py", line 919, in full_dispatch_request
    rv = self.handle_user_exception(e)
         ^^^^^^^^^^^^^^^^^^^^^^^^^^^^^
  File "/lustre09/project/6032307/arnauddr/MiniCPBP/venv/lib/python3.11/site-packages/flask/app.py", line 917, in full_dispatch_request
    rv = self.dispatch_request()
         ^^^^^^^^^^^^^^^^^^^^^^^
  File "/lustre09/project/6032307/arnauddr/MiniCPBP/venv/lib/python3.11/site-packages/flask/app.py", line 902, in dispatch_request
    return self.ensure_sync(self.view_functions[rule.endpoint])(**view_args)  # type: ignore[no-any-return]
           ^^^^^^^^^^^^^^^^^^^^^^^^^^^^^^^^^^^^^^^^^^^^^^^^^^^^^^^^^^^^^^^^^
  File "/lustre09/project/6032307/arnauddr/MiniCPBP/server_mlm.py", line 147, in perplexity
    return {"perplexity": calculate_perplexity(sentence)}
                          ^^^^^^^^^^^^^^^^^^^^^^^^^^^^^^
  File "/lustre09/project/6032307/arnauddr/MiniCPBP/server_mlm.py", line 134, in calculate_perplexity
    with mutex:
TypeError: 'Lock' object does not support the context manager protocol
127.0.0.1 - - [30/Nov/2025 21:53:21] "[35m[1mPOST /perplexity HTTP/1.1[0m" 500 -
[2025-11-30 21:53:21,908] ERROR in app: Exception on /perplexity [POST]
Traceback (most recent call last):
  File "/lustre09/project/6032307/arnauddr/MiniCPBP/venv/lib/python3.11/site-packages/flask/app.py", line 1511, in wsgi_app
    response = self.full_dispatch_request()
               ^^^^^^^^^^^^^^^^^^^^^^^^^^^^
  File "/lustre09/project/6032307/arnauddr/MiniCPBP/venv/lib/python3.11/site-packages/flask/app.py", line 919, in full_dispatch_request
    rv = self.handle_user_exception(e)
         ^^^^^^^^^^^^^^^^^^^^^^^^^^^^^
  File "/lustre09/project/6032307/arnauddr/MiniCPBP/venv/lib/python3.11/site-packages/flask/app.py", line 917, in full_dispatch_request
    rv = self.dispatch_request()
         ^^^^^^^^^^^^^^^^^^^^^^^
  File "/lustre09/project/6032307/arnauddr/MiniCPBP/venv/lib/python3.11/site-packages/flask/app.py", line 902, in dispatch_request
    return self.ensure_sync(self.view_functions[rule.endpoint])(**view_args)  # type: ignore[no-any-return]
           ^^^^^^^^^^^^^^^^^^^^^^^^^^^^^^^^^^^^^^^^^^^^^^^^^^^^^^^^^^^^^^^^^
  File "/lustre09/project/6032307/arnauddr/MiniCPBP/server_mlm.py", line 147, in perplexity
    return {"perplexity": calculate_perplexity(sentence)}
                          ^^^^^^^^^^^^^^^^^^^^^^^^^^^^^^
  File "/lustre09/project/6032307/arnauddr/MiniCPBP/server_mlm.py", line 134, in calculate_perplexity
    with mutex:
TypeError: 'Lock' object does not support the context manager protocol
127.0.0.1 - - [30/Nov/2025 21:53:21] "[35m[1mPOST /perplexity HTTP/1.1[0m" 500 -
[2025-11-30 21:53:21,999] ERROR in app: Exception on /perplexity [POST]
Traceback (most recent call last):
  File "/lustre09/project/6032307/arnauddr/MiniCPBP/venv/lib/python3.11/site-packages/flask/app.py", line 1511, in wsgi_app
    response = self.full_dispatch_request()
               ^^^^^^^^^^^^^^^^^^^^^^^^^^^^
  File "/lustre09/project/6032307/arnauddr/MiniCPBP/venv/lib/python3.11/site-packages/flask/app.py", line 919, in full_dispatch_request
    rv = self.handle_user_exception(e)
         ^^^^^^^^^^^^^^^^^^^^^^^^^^^^^
  File "/lustre09/project/6032307/arnauddr/MiniCPBP/venv/lib/python3.11/site-packages/flask/app.py", line 917, in full_dispatch_request
    rv = self.dispatch_request()
         ^^^^^^^^^^^^^^^^^^^^^^^
  File "/lustre09/project/6032307/arnauddr/MiniCPBP/venv/lib/python3.11/site-packages/flask/app.py", line 902, in dispatch_request
    return self.ensure_sync(self.view_functions[rule.endpoint])(**view_args)  # type: ignore[no-any-return]
           ^^^^^^^^^^^^^^^^^^^^^^^^^^^^^^^^^^^^^^^^^^^^^^^^^^^^^^^^^^^^^^^^^
  File "/lustre09/project/6032307/arnauddr/MiniCPBP/server_mlm.py", line 147, in perplexity
    return {"perplexity": calculate_perplexity(sentence)}
                          ^^^^^^^^^^^^^^^^^^^^^^^^^^^^^^
  File "/lustre09/project/6032307/arnauddr/MiniCPBP/server_mlm.py", line 134, in calculate_perplexity
    with mutex:
TypeError: 'Lock' object does not support the context manager protocol
127.0.0.1 - - [30/Nov/2025 21:53:22] "[35m[1mPOST /perplexity HTTP/1.1[0m" 500 -
[2025-11-30 21:53:22,078] ERROR in app: Exception on /perplexity [POST]
Traceback (most recent call last):
  File "/lustre09/project/6032307/arnauddr/MiniCPBP/venv/lib/python3.11/site-packages/flask/app.py", line 1511, in wsgi_app
    response = self.full_dispatch_request()
               ^^^^^^^^^^^^^^^^^^^^^^^^^^^^
  File "/lustre09/project/6032307/arnauddr/MiniCPBP/venv/lib/python3.11/site-packages/flask/app.py", line 919, in full_dispatch_request
    rv = self.handle_user_exception(e)
         ^^^^^^^^^^^^^^^^^^^^^^^^^^^^^
  File "/lustre09/project/6032307/arnauddr/MiniCPBP/venv/lib/python3.11/site-packages/flask/app.py", line 917, in full_dispatch_request
    rv = self.dispatch_request()
         ^^^^^^^^^^^^^^^^^^^^^^^
  File "/lustre09/project/6032307/arnauddr/MiniCPBP/venv/lib/python3.11/site-packages/flask/app.py", line 902, in dispatch_request
    return self.ensure_sync(self.view_functions[rule.endpoint])(**view_args)  # type: ignore[no-any-return]
           ^^^^^^^^^^^^^^^^^^^^^^^^^^^^^^^^^^^^^^^^^^^^^^^^^^^^^^^^^^^^^^^^^
  File "/lustre09/project/6032307/arnauddr/MiniCPBP/server_mlm.py", line 147, in perplexity
    return {"perplexity": calculate_perplexity(sentence)}
                          ^^^^^^^^^^^^^^^^^^^^^^^^^^^^^^
  File "/lustre09/project/6032307/arnauddr/MiniCPBP/server_mlm.py", line 134, in calculate_perplexity
    with mutex:
TypeError: 'Lock' object does not support the context manager protocol
127.0.0.1 - - [30/Nov/2025 21:53:22] "[35m[1mPOST /perplexity HTTP/1.1[0m" 500 -
[2025-11-30 21:53:22,180] ERROR in app: Exception on /perplexity [POST]
Traceback (most recent call last):
  File "/lustre09/project/6032307/arnauddr/MiniCPBP/venv/lib/python3.11/site-packages/flask/app.py", line 1511, in wsgi_app
    response = self.full_dispatch_request()
               ^^^^^^^^^^^^^^^^^^^^^^^^^^^^
  File "/lustre09/project/6032307/arnauddr/MiniCPBP/venv/lib/python3.11/site-packages/flask/app.py", line 919, in full_dispatch_request
    rv = self.handle_user_exception(e)
         ^^^^^^^^^^^^^^^^^^^^^^^^^^^^^
  File "/lustre09/project/6032307/arnauddr/MiniCPBP/venv/lib/python3.11/site-packages/flask/app.py", line 917, in full_dispatch_request
    rv = self.dispatch_request()
         ^^^^^^^^^^^^^^^^^^^^^^^
  File "/lustre09/project/6032307/arnauddr/MiniCPBP/venv/lib/python3.11/site-packages/flask/app.py", line 902, in dispatch_request
    return self.ensure_sync(self.view_functions[rule.endpoint])(**view_args)  # type: ignore[no-any-return]
           ^^^^^^^^^^^^^^^^^^^^^^^^^^^^^^^^^^^^^^^^^^^^^^^^^^^^^^^^^^^^^^^^^
  File "/lustre09/project/6032307/arnauddr/MiniCPBP/server_mlm.py", line 147, in perplexity
    return {"perplexity": calculate_perplexity(sentence)}
                          ^^^^^^^^^^^^^^^^^^^^^^^^^^^^^^
  File "/lustre09/project/6032307/arnauddr/MiniCPBP/server_mlm.py", line 134, in calculate_perplexity
    with mutex:
TypeError: 'Lock' object does not support the context manager protocol
127.0.0.1 - - [30/Nov/2025 21:53:22] "[35m[1mPOST /perplexity HTTP/1.1[0m" 500 -
[2025-11-30 21:53:22,224] ERROR in app: Exception on /perplexity [POST]
Traceback (most recent call last):
  File "/lustre09/project/6032307/arnauddr/MiniCPBP/venv/lib/python3.11/site-packages/flask/app.py", line 1511, in wsgi_app
    response = self.full_dispatch_request()
               ^^^^^^^^^^^^^^^^^^^^^^^^^^^^
  File "/lustre09/project/6032307/arnauddr/MiniCPBP/venv/lib/python3.11/site-packages/flask/app.py", line 919, in full_dispatch_request
    rv = self.handle_user_exception(e)
         ^^^^^^^^^^^^^^^^^^^^^^^^^^^^^
  File "/lustre09/project/6032307/arnauddr/MiniCPBP/venv/lib/python3.11/site-packages/flask/app.py", line 917, in full_dispatch_request
    rv = self.dispatch_request()
         ^^^^^^^^^^^^^^^^^^^^^^^
  File "/lustre09/project/6032307/arnauddr/MiniCPBP/venv/lib/python3.11/site-packages/flask/app.py", line 902, in dispatch_request
    return self.ensure_sync(self.view_functions[rule.endpoint])(**view_args)  # type: ignore[no-any-return]
           ^^^^^^^^^^^^^^^^^^^^^^^^^^^^^^^^^^^^^^^^^^^^^^^^^^^^^^^^^^^^^^^^^
  File "/lustre09/project/6032307/arnauddr/MiniCPBP/server_mlm.py", line 147, in perplexity
    return {"perplexity": calculate_perplexity(sentence)}
                          ^^^^^^^^^^^^^^^^^^^^^^^^^^^^^^
  File "/lustre09/project/6032307/arnauddr/MiniCPBP/server_mlm.py", line 134, in calculate_perplexity
    with mutex:
TypeError: 'Lock' object does not support the context manager protocol
127.0.0.1 - - [30/Nov/2025 21:53:22] "[35m[1mPOST /perplexity HTTP/1.1[0m" 500 -
[2025-11-30 21:53:22,274] ERROR in app: Exception on /perplexity [POST]
Traceback (most recent call last):
  File "/lustre09/project/6032307/arnauddr/MiniCPBP/venv/lib/python3.11/site-packages/flask/app.py", line 1511, in wsgi_app
    response = self.full_dispatch_request()
               ^^^^^^^^^^^^^^^^^^^^^^^^^^^^
  File "/lustre09/project/6032307/arnauddr/MiniCPBP/venv/lib/python3.11/site-packages/flask/app.py", line 919, in full_dispatch_request
    rv = self.handle_user_exception(e)
         ^^^^^^^^^^^^^^^^^^^^^^^^^^^^^
  File "/lustre09/project/6032307/arnauddr/MiniCPBP/venv/lib/python3.11/site-packages/flask/app.py", line 917, in full_dispatch_request
    rv = self.dispatch_request()
         ^^^^^^^^^^^^^^^^^^^^^^^
  File "/lustre09/project/6032307/arnauddr/MiniCPBP/venv/lib/python3.11/site-packages/flask/app.py", line 902, in dispatch_request
    return self.ensure_sync(self.view_functions[rule.endpoint])(**view_args)  # type: ignore[no-any-return]
           ^^^^^^^^^^^^^^^^^^^^^^^^^^^^^^^^^^^^^^^^^^^^^^^^^^^^^^^^^^^^^^^^^
  File "/lustre09/project/6032307/arnauddr/MiniCPBP/server_mlm.py", line 147, in perplexity
    return {"perplexity": calculate_perplexity(sentence)}
                          ^^^^^^^^^^^^^^^^^^^^^^^^^^^^^^
  File "/lustre09/project/6032307/arnauddr/MiniCPBP/server_mlm.py", line 134, in calculate_perplexity
    with mutex:
TypeError: 'Lock' object does not support the context manager protocol
127.0.0.1 - - [30/Nov/2025 21:53:22] "[35m[1mPOST /perplexity HTTP/1.1[0m" 500 -
[2025-11-30 21:53:22,305] ERROR in app: Exception on /perplexity [POST]
Traceback (most recent call last):
  File "/lustre09/project/6032307/arnauddr/MiniCPBP/venv/lib/python3.11/site-packages/flask/app.py", line 1511, in wsgi_app
    response = self.full_dispatch_request()
               ^^^^^^^^^^^^^^^^^^^^^^^^^^^^
  File "/lustre09/project/6032307/arnauddr/MiniCPBP/venv/lib/python3.11/site-packages/flask/app.py", line 919, in full_dispatch_request
    rv = self.handle_user_exception(e)
         ^^^^^^^^^^^^^^^^^^^^^^^^^^^^^
  File "/lustre09/project/6032307/arnauddr/MiniCPBP/venv/lib/python3.11/site-packages/flask/app.py", line 917, in full_dispatch_request
    rv = self.dispatch_request()
         ^^^^^^^^^^^^^^^^^^^^^^^
  File "/lustre09/project/6032307/arnauddr/MiniCPBP/venv/lib/python3.11/site-packages/flask/app.py", line 902, in dispatch_request
    return self.ensure_sync(self.view_functions[rule.endpoint])(**view_args)  # type: ignore[no-any-return]
           ^^^^^^^^^^^^^^^^^^^^^^^^^^^^^^^^^^^^^^^^^^^^^^^^^^^^^^^^^^^^^^^^^
  File "/lustre09/project/6032307/arnauddr/MiniCPBP/server_mlm.py", line 147, in perplexity
    return {"perplexity": calculate_perplexity(sentence)}
                          ^^^^^^^^^^^^^^^^^^^^^^^^^^^^^^
  File "/lustre09/project/6032307/arnauddr/MiniCPBP/server_mlm.py", line 134, in calculate_perplexity
    with mutex:
TypeError: 'Lock' object does not support the context manager protocol
127.0.0.1 - - [30/Nov/2025 21:53:22] "[35m[1mPOST /perplexity HTTP/1.1[0m" 500 -
[2025-11-30 21:53:22,380] ERROR in app: Exception on /perplexity [POST]
Traceback (most recent call last):
  File "/lustre09/project/6032307/arnauddr/MiniCPBP/venv/lib/python3.11/site-packages/flask/app.py", line 1511, in wsgi_app
    response = self.full_dispatch_request()
               ^^^^^^^^^^^^^^^^^^^^^^^^^^^^
  File "/lustre09/project/6032307/arnauddr/MiniCPBP/venv/lib/python3.11/site-packages/flask/app.py", line 919, in full_dispatch_request
    rv = self.handle_user_exception(e)
         ^^^^^^^^^^^^^^^^^^^^^^^^^^^^^
  File "/lustre09/project/6032307/arnauddr/MiniCPBP/venv/lib/python3.11/site-packages/flask/app.py", line 917, in full_dispatch_request
    rv = self.dispatch_request()
         ^^^^^^^^^^^^^^^^^^^^^^^
  File "/lustre09/project/6032307/arnauddr/MiniCPBP/venv/lib/python3.11/site-packages/flask/app.py", line 902, in dispatch_request
    return self.ensure_sync(self.view_functions[rule.endpoint])(**view_args)  # type: ignore[no-any-return]
           ^^^^^^^^^^^^^^^^^^^^^^^^^^^^^^^^^^^^^^^^^^^^^^^^^^^^^^^^^^^^^^^^^
  File "/lustre09/project/6032307/arnauddr/MiniCPBP/server_mlm.py", line 147, in perplexity
    return {"perplexity": calculate_perplexity(sentence)}
                          ^^^^^^^^^^^^^^^^^^^^^^^^^^^^^^
  File "/lustre09/project/6032307/arnauddr/MiniCPBP/server_mlm.py", line 134, in calculate_perplexity
    with mutex:
TypeError: 'Lock' object does not support the context manager protocol
127.0.0.1 - - [30/Nov/2025 21:53:22] "[35m[1mPOST /perplexity HTTP/1.1[0m" 500 -
[2025-11-30 21:53:22,472] ERROR in app: Exception on /perplexity [POST]
Traceback (most recent call last):
  File "/lustre09/project/6032307/arnauddr/MiniCPBP/venv/lib/python3.11/site-packages/flask/app.py", line 1511, in wsgi_app
    response = self.full_dispatch_request()
               ^^^^^^^^^^^^^^^^^^^^^^^^^^^^
  File "/lustre09/project/6032307/arnauddr/MiniCPBP/venv/lib/python3.11/site-packages/flask/app.py", line 919, in full_dispatch_request
    rv = self.handle_user_exception(e)
         ^^^^^^^^^^^^^^^^^^^^^^^^^^^^^
  File "/lustre09/project/6032307/arnauddr/MiniCPBP/venv/lib/python3.11/site-packages/flask/app.py", line 917, in full_dispatch_request
    rv = self.dispatch_request()
         ^^^^^^^^^^^^^^^^^^^^^^^
  File "/lustre09/project/6032307/arnauddr/MiniCPBP/venv/lib/python3.11/site-packages/flask/app.py", line 902, in dispatch_request
    return self.ensure_sync(self.view_functions[rule.endpoint])(**view_args)  # type: ignore[no-any-return]
           ^^^^^^^^^^^^^^^^^^^^^^^^^^^^^^^^^^^^^^^^^^^^^^^^^^^^^^^^^^^^^^^^^
  File "/lustre09/project/6032307/arnauddr/MiniCPBP/server_mlm.py", line 147, in perplexity
    return {"perplexity": calculate_perplexity(sentence)}
                          ^^^^^^^^^^^^^^^^^^^^^^^^^^^^^^
  File "/lustre09/project/6032307/arnauddr/MiniCPBP/server_mlm.py", line 134, in calculate_perplexity
    with mutex:
TypeError: 'Lock' object does not support the context manager protocol
127.0.0.1 - - [30/Nov/2025 21:53:22] "[35m[1mPOST /perplexity HTTP/1.1[0m" 500 -
[2025-11-30 21:53:22,513] ERROR in app: Exception on /perplexity [POST]
Traceback (most recent call last):
  File "/lustre09/project/6032307/arnauddr/MiniCPBP/venv/lib/python3.11/site-packages/flask/app.py", line 1511, in wsgi_app
    response = self.full_dispatch_request()
               ^^^^^^^^^^^^^^^^^^^^^^^^^^^^
  File "/lustre09/project/6032307/arnauddr/MiniCPBP/venv/lib/python3.11/site-packages/flask/app.py", line 919, in full_dispatch_request
    rv = self.handle_user_exception(e)
         ^^^^^^^^^^^^^^^^^^^^^^^^^^^^^
  File "/lustre09/project/6032307/arnauddr/MiniCPBP/venv/lib/python3.11/site-packages/flask/app.py", line 917, in full_dispatch_request
    rv = self.dispatch_request()
         ^^^^^^^^^^^^^^^^^^^^^^^
  File "/lustre09/project/6032307/arnauddr/MiniCPBP/venv/lib/python3.11/site-packages/flask/app.py", line 902, in dispatch_request
    return self.ensure_sync(self.view_functions[rule.endpoint])(**view_args)  # type: ignore[no-any-return]
           ^^^^^^^^^^^^^^^^^^^^^^^^^^^^^^^^^^^^^^^^^^^^^^^^^^^^^^^^^^^^^^^^^
  File "/lustre09/project/6032307/arnauddr/MiniCPBP/server_mlm.py", line 147, in perplexity
    return {"perplexity": calculate_perplexity(sentence)}
                          ^^^^^^^^^^^^^^^^^^^^^^^^^^^^^^
  File "/lustre09/project/6032307/arnauddr/MiniCPBP/server_mlm.py", line 134, in calculate_perplexity
    with mutex:
TypeError: 'Lock' object does not support the context manager protocol
127.0.0.1 - - [30/Nov/2025 21:53:22] "[35m[1mPOST /perplexity HTTP/1.1[0m" 500 -
[2025-11-30 21:53:22,574] ERROR in app: Exception on /perplexity [POST]
Traceback (most recent call last):
  File "/lustre09/project/6032307/arnauddr/MiniCPBP/venv/lib/python3.11/site-packages/flask/app.py", line 1511, in wsgi_app
    response = self.full_dispatch_request()
               ^^^^^^^^^^^^^^^^^^^^^^^^^^^^
  File "/lustre09/project/6032307/arnauddr/MiniCPBP/venv/lib/python3.11/site-packages/flask/app.py", line 919, in full_dispatch_request
    rv = self.handle_user_exception(e)
         ^^^^^^^^^^^^^^^^^^^^^^^^^^^^^
  File "/lustre09/project/6032307/arnauddr/MiniCPBP/venv/lib/python3.11/site-packages/flask/app.py", line 917, in full_dispatch_request
    rv = self.dispatch_request()
         ^^^^^^^^^^^^^^^^^^^^^^^
  File "/lustre09/project/6032307/arnauddr/MiniCPBP/venv/lib/python3.11/site-packages/flask/app.py", line 902, in dispatch_request
    return self.ensure_sync(self.view_functions[rule.endpoint])(**view_args)  # type: ignore[no-any-return]
           ^^^^^^^^^^^^^^^^^^^^^^^^^^^^^^^^^^^^^^^^^^^^^^^^^^^^^^^^^^^^^^^^^
  File "/lustre09/project/6032307/arnauddr/MiniCPBP/server_mlm.py", line 147, in perplexity
    return {"perplexity": calculate_perplexity(sentence)}
                          ^^^^^^^^^^^^^^^^^^^^^^^^^^^^^^
  File "/lustre09/project/6032307/arnauddr/MiniCPBP/server_mlm.py", line 134, in calculate_perplexity
    with mutex:
TypeError: 'Lock' object does not support the context manager protocol
127.0.0.1 - - [30/Nov/2025 21:53:22] "[35m[1mPOST /perplexity HTTP/1.1[0m" 500 -
[2025-11-30 21:53:22,641] ERROR in app: Exception on /perplexity [POST]
Traceback (most recent call last):
  File "/lustre09/project/6032307/arnauddr/MiniCPBP/venv/lib/python3.11/site-packages/flask/app.py", line 1511, in wsgi_app
    response = self.full_dispatch_request()
               ^^^^^^^^^^^^^^^^^^^^^^^^^^^^
  File "/lustre09/project/6032307/arnauddr/MiniCPBP/venv/lib/python3.11/site-packages/flask/app.py", line 919, in full_dispatch_request
    rv = self.handle_user_exception(e)
         ^^^^^^^^^^^^^^^^^^^^^^^^^^^^^
  File "/lustre09/project/6032307/arnauddr/MiniCPBP/venv/lib/python3.11/site-packages/flask/app.py", line 917, in full_dispatch_request
    rv = self.dispatch_request()
         ^^^^^^^^^^^^^^^^^^^^^^^
  File "/lustre09/project/6032307/arnauddr/MiniCPBP/venv/lib/python3.11/site-packages/flask/app.py", line 902, in dispatch_request
    return self.ensure_sync(self.view_functions[rule.endpoint])(**view_args)  # type: ignore[no-any-return]
           ^^^^^^^^^^^^^^^^^^^^^^^^^^^^^^^^^^^^^^^^^^^^^^^^^^^^^^^^^^^^^^^^^
  File "/lustre09/project/6032307/arnauddr/MiniCPBP/server_mlm.py", line 147, in perplexity
    return {"perplexity": calculate_perplexity(sentence)}
                          ^^^^^^^^^^^^^^^^^^^^^^^^^^^^^^
  File "/lustre09/project/6032307/arnauddr/MiniCPBP/server_mlm.py", line 134, in calculate_perplexity
    with mutex:
TypeError: 'Lock' object does not support the context manager protocol
127.0.0.1 - - [30/Nov/2025 21:53:22] "[35m[1mPOST /perplexity HTTP/1.1[0m" 500 -
[2025-11-30 21:53:22,769] ERROR in app: Exception on /perplexity [POST]
Traceback (most recent call last):
  File "/lustre09/project/6032307/arnauddr/MiniCPBP/venv/lib/python3.11/site-packages/flask/app.py", line 1511, in wsgi_app
    response = self.full_dispatch_request()
               ^^^^^^^^^^^^^^^^^^^^^^^^^^^^
  File "/lustre09/project/6032307/arnauddr/MiniCPBP/venv/lib/python3.11/site-packages/flask/app.py", line 919, in full_dispatch_request
    rv = self.handle_user_exception(e)
         ^^^^^^^^^^^^^^^^^^^^^^^^^^^^^
  File "/lustre09/project/6032307/arnauddr/MiniCPBP/venv/lib/python3.11/site-packages/flask/app.py", line 917, in full_dispatch_request
    rv = self.dispatch_request()
         ^^^^^^^^^^^^^^^^^^^^^^^
  File "/lustre09/project/6032307/arnauddr/MiniCPBP/venv/lib/python3.11/site-packages/flask/app.py", line 902, in dispatch_request
    return self.ensure_sync(self.view_functions[rule.endpoint])(**view_args)  # type: ignore[no-any-return]
           ^^^^^^^^^^^^^^^^^^^^^^^^^^^^^^^^^^^^^^^^^^^^^^^^^^^^^^^^^^^^^^^^^
  File "/lustre09/project/6032307/arnauddr/MiniCPBP/server_mlm.py", line 147, in perplexity
    return {"perplexity": calculate_perplexity(sentence)}
                          ^^^^^^^^^^^^^^^^^^^^^^^^^^^^^^
  File "/lustre09/project/6032307/arnauddr/MiniCPBP/server_mlm.py", line 134, in calculate_perplexity
    with mutex:
TypeError: 'Lock' object does not support the context manager protocol
127.0.0.1 - - [30/Nov/2025 21:53:22] "[35m[1mPOST /perplexity HTTP/1.1[0m" 500 -
[2025-11-30 21:53:22,835] ERROR in app: Exception on /perplexity [POST]
Traceback (most recent call last):
  File "/lustre09/project/6032307/arnauddr/MiniCPBP/venv/lib/python3.11/site-packages/flask/app.py", line 1511, in wsgi_app
    response = self.full_dispatch_request()
               ^^^^^^^^^^^^^^^^^^^^^^^^^^^^
  File "/lustre09/project/6032307/arnauddr/MiniCPBP/venv/lib/python3.11/site-packages/flask/app.py", line 919, in full_dispatch_request
    rv = self.handle_user_exception(e)
         ^^^^^^^^^^^^^^^^^^^^^^^^^^^^^
  File "/lustre09/project/6032307/arnauddr/MiniCPBP/venv/lib/python3.11/site-packages/flask/app.py", line 917, in full_dispatch_request
    rv = self.dispatch_request()
         ^^^^^^^^^^^^^^^^^^^^^^^
  File "/lustre09/project/6032307/arnauddr/MiniCPBP/venv/lib/python3.11/site-packages/flask/app.py", line 902, in dispatch_request
    return self.ensure_sync(self.view_functions[rule.endpoint])(**view_args)  # type: ignore[no-any-return]
           ^^^^^^^^^^^^^^^^^^^^^^^^^^^^^^^^^^^^^^^^^^^^^^^^^^^^^^^^^^^^^^^^^
  File "/lustre09/project/6032307/arnauddr/MiniCPBP/server_mlm.py", line 147, in perplexity
    return {"perplexity": calculate_perplexity(sentence)}
                          ^^^^^^^^^^^^^^^^^^^^^^^^^^^^^^
  File "/lustre09/project/6032307/arnauddr/MiniCPBP/server_mlm.py", line 134, in calculate_perplexity
    with mutex:
TypeError: 'Lock' object does not support the context manager protocol
127.0.0.1 - - [30/Nov/2025 21:53:22] "[35m[1mPOST /perplexity HTTP/1.1[0m" 500 -
[2025-11-30 21:53:22,953] ERROR in app: Exception on /perplexity [POST]
Traceback (most recent call last):
  File "/lustre09/project/6032307/arnauddr/MiniCPBP/venv/lib/python3.11/site-packages/flask/app.py", line 1511, in wsgi_app
    response = self.full_dispatch_request()
               ^^^^^^^^^^^^^^^^^^^^^^^^^^^^
  File "/lustre09/project/6032307/arnauddr/MiniCPBP/venv/lib/python3.11/site-packages/flask/app.py", line 919, in full_dispatch_request
    rv = self.handle_user_exception(e)
         ^^^^^^^^^^^^^^^^^^^^^^^^^^^^^
  File "/lustre09/project/6032307/arnauddr/MiniCPBP/venv/lib/python3.11/site-packages/flask/app.py", line 917, in full_dispatch_request
    rv = self.dispatch_request()
         ^^^^^^^^^^^^^^^^^^^^^^^
  File "/lustre09/project/6032307/arnauddr/MiniCPBP/venv/lib/python3.11/site-packages/flask/app.py", line 902, in dispatch_request
    return self.ensure_sync(self.view_functions[rule.endpoint])(**view_args)  # type: ignore[no-any-return]
           ^^^^^^^^^^^^^^^^^^^^^^^^^^^^^^^^^^^^^^^^^^^^^^^^^^^^^^^^^^^^^^^^^
  File "/lustre09/project/6032307/arnauddr/MiniCPBP/server_mlm.py", line 147, in perplexity
    return {"perplexity": calculate_perplexity(sentence)}
                          ^^^^^^^^^^^^^^^^^^^^^^^^^^^^^^
  File "/lustre09/project/6032307/arnauddr/MiniCPBP/server_mlm.py", line 134, in calculate_perplexity
    with mutex:
TypeError: 'Lock' object does not support the context manager protocol
127.0.0.1 - - [30/Nov/2025 21:53:22] "[35m[1mPOST /perplexity HTTP/1.1[0m" 500 -
[2025-11-30 21:53:23,044] ERROR in app: Exception on /perplexity [POST]
Traceback (most recent call last):
  File "/lustre09/project/6032307/arnauddr/MiniCPBP/venv/lib/python3.11/site-packages/flask/app.py", line 1511, in wsgi_app
    response = self.full_dispatch_request()
               ^^^^^^^^^^^^^^^^^^^^^^^^^^^^
  File "/lustre09/project/6032307/arnauddr/MiniCPBP/venv/lib/python3.11/site-packages/flask/app.py", line 919, in full_dispatch_request
    rv = self.handle_user_exception(e)
         ^^^^^^^^^^^^^^^^^^^^^^^^^^^^^
  File "/lustre09/project/6032307/arnauddr/MiniCPBP/venv/lib/python3.11/site-packages/flask/app.py", line 917, in full_dispatch_request
    rv = self.dispatch_request()
         ^^^^^^^^^^^^^^^^^^^^^^^
  File "/lustre09/project/6032307/arnauddr/MiniCPBP/venv/lib/python3.11/site-packages/flask/app.py", line 902, in dispatch_request
    return self.ensure_sync(self.view_functions[rule.endpoint])(**view_args)  # type: ignore[no-any-return]
           ^^^^^^^^^^^^^^^^^^^^^^^^^^^^^^^^^^^^^^^^^^^^^^^^^^^^^^^^^^^^^^^^^
  File "/lustre09/project/6032307/arnauddr/MiniCPBP/server_mlm.py", line 147, in perplexity
    return {"perplexity": calculate_perplexity(sentence)}
                          ^^^^^^^^^^^^^^^^^^^^^^^^^^^^^^
  File "/lustre09/project/6032307/arnauddr/MiniCPBP/server_mlm.py", line 134, in calculate_perplexity
    with mutex:
TypeError: 'Lock' object does not support the context manager protocol
127.0.0.1 - - [30/Nov/2025 21:53:23] "[35m[1mPOST /perplexity HTTP/1.1[0m" 500 -
[2025-11-30 21:53:23,190] ERROR in app: Exception on /perplexity [POST]
Traceback (most recent call last):
  File "/lustre09/project/6032307/arnauddr/MiniCPBP/venv/lib/python3.11/site-packages/flask/app.py", line 1511, in wsgi_app
    response = self.full_dispatch_request()
               ^^^^^^^^^^^^^^^^^^^^^^^^^^^^
  File "/lustre09/project/6032307/arnauddr/MiniCPBP/venv/lib/python3.11/site-packages/flask/app.py", line 919, in full_dispatch_request
    rv = self.handle_user_exception(e)
         ^^^^^^^^^^^^^^^^^^^^^^^^^^^^^
  File "/lustre09/project/6032307/arnauddr/MiniCPBP/venv/lib/python3.11/site-packages/flask/app.py", line 917, in full_dispatch_request
    rv = self.dispatch_request()
         ^^^^^^^^^^^^^^^^^^^^^^^
  File "/lustre09/project/6032307/arnauddr/MiniCPBP/venv/lib/python3.11/site-packages/flask/app.py", line 902, in dispatch_request
    return self.ensure_sync(self.view_functions[rule.endpoint])(**view_args)  # type: ignore[no-any-return]
           ^^^^^^^^^^^^^^^^^^^^^^^^^^^^^^^^^^^^^^^^^^^^^^^^^^^^^^^^^^^^^^^^^
  File "/lustre09/project/6032307/arnauddr/MiniCPBP/server_mlm.py", line 147, in perplexity
    return {"perplexity": calculate_perplexity(sentence)}
                          ^^^^^^^^^^^^^^^^^^^^^^^^^^^^^^
  File "/lustre09/project/6032307/arnauddr/MiniCPBP/server_mlm.py", line 134, in calculate_perplexity
    with mutex:
TypeError: 'Lock' object does not support the context manager protocol
127.0.0.1 - - [30/Nov/2025 21:53:23] "[35m[1mPOST /perplexity HTTP/1.1[0m" 500 -
[2025-11-30 21:53:27,937] ERROR in app: Exception on /perplexity [POST]
Traceback (most recent call last):
  File "/lustre09/project/6032307/arnauddr/MiniCPBP/venv/lib/python3.11/site-packages/flask/app.py", line 1511, in wsgi_app
    response = self.full_dispatch_request()
               ^^^^^^^^^^^^^^^^^^^^^^^^^^^^
  File "/lustre09/project/6032307/arnauddr/MiniCPBP/venv/lib/python3.11/site-packages/flask/app.py", line 919, in full_dispatch_request
    rv = self.handle_user_exception(e)
         ^^^^^^^^^^^^^^^^^^^^^^^^^^^^^
  File "/lustre09/project/6032307/arnauddr/MiniCPBP/venv/lib/python3.11/site-packages/flask/app.py", line 917, in full_dispatch_request
    rv = self.dispatch_request()
         ^^^^^^^^^^^^^^^^^^^^^^^
  File "/lustre09/project/6032307/arnauddr/MiniCPBP/venv/lib/python3.11/site-packages/flask/app.py", line 902, in dispatch_request
    return self.ensure_sync(self.view_functions[rule.endpoint])(**view_args)  # type: ignore[no-any-return]
           ^^^^^^^^^^^^^^^^^^^^^^^^^^^^^^^^^^^^^^^^^^^^^^^^^^^^^^^^^^^^^^^^^
  File "/lustre09/project/6032307/arnauddr/MiniCPBP/server_mlm.py", line 147, in perplexity
    return {"perplexity": calculate_perplexity(sentence)}
                          ^^^^^^^^^^^^^^^^^^^^^^^^^^^^^^
  File "/lustre09/project/6032307/arnauddr/MiniCPBP/server_mlm.py", line 134, in calculate_perplexity
    with mutex:
TypeError: 'Lock' object does not support the context manager protocol
127.0.0.1 - - [30/Nov/2025 21:53:27] "[35m[1mPOST /perplexity HTTP/1.1[0m" 500 -
[2025-11-30 21:53:28,368] ERROR in app: Exception on /perplexity [POST]
Traceback (most recent call last):
  File "/lustre09/project/6032307/arnauddr/MiniCPBP/venv/lib/python3.11/site-packages/flask/app.py", line 1511, in wsgi_app
    response = self.full_dispatch_request()
               ^^^^^^^^^^^^^^^^^^^^^^^^^^^^
  File "/lustre09/project/6032307/arnauddr/MiniCPBP/venv/lib/python3.11/site-packages/flask/app.py", line 919, in full_dispatch_request
    rv = self.handle_user_exception(e)
         ^^^^^^^^^^^^^^^^^^^^^^^^^^^^^
  File "/lustre09/project/6032307/arnauddr/MiniCPBP/venv/lib/python3.11/site-packages/flask/app.py", line 917, in full_dispatch_request
    rv = self.dispatch_request()
         ^^^^^^^^^^^^^^^^^^^^^^^
  File "/lustre09/project/6032307/arnauddr/MiniCPBP/venv/lib/python3.11/site-packages/flask/app.py", line 902, in dispatch_request
    return self.ensure_sync(self.view_functions[rule.endpoint])(**view_args)  # type: ignore[no-any-return]
           ^^^^^^^^^^^^^^^^^^^^^^^^^^^^^^^^^^^^^^^^^^^^^^^^^^^^^^^^^^^^^^^^^
  File "/lustre09/project/6032307/arnauddr/MiniCPBP/server_mlm.py", line 147, in perplexity
    return {"perplexity": calculate_perplexity(sentence)}
                          ^^^^^^^^^^^^^^^^^^^^^^^^^^^^^^
  File "/lustre09/project/6032307/arnauddr/MiniCPBP/server_mlm.py", line 134, in calculate_perplexity
    with mutex:
TypeError: 'Lock' object does not support the context manager protocol
127.0.0.1 - - [30/Nov/2025 21:53:28] "[35m[1mPOST /perplexity HTTP/1.1[0m" 500 -
[2025-11-30 21:53:29,815] ERROR in app: Exception on /perplexity [POST]
Traceback (most recent call last):
  File "/lustre09/project/6032307/arnauddr/MiniCPBP/venv/lib/python3.11/site-packages/flask/app.py", line 1511, in wsgi_app
    response = self.full_dispatch_request()
               ^^^^^^^^^^^^^^^^^^^^^^^^^^^^
  File "/lustre09/project/6032307/arnauddr/MiniCPBP/venv/lib/python3.11/site-packages/flask/app.py", line 919, in full_dispatch_request
    rv = self.handle_user_exception(e)
         ^^^^^^^^^^^^^^^^^^^^^^^^^^^^^
  File "/lustre09/project/6032307/arnauddr/MiniCPBP/venv/lib/python3.11/site-packages/flask/app.py", line 917, in full_dispatch_request
    rv = self.dispatch_request()
         ^^^^^^^^^^^^^^^^^^^^^^^
  File "/lustre09/project/6032307/arnauddr/MiniCPBP/venv/lib/python3.11/site-packages/flask/app.py", line 902, in dispatch_request
    return self.ensure_sync(self.view_functions[rule.endpoint])(**view_args)  # type: ignore[no-any-return]
           ^^^^^^^^^^^^^^^^^^^^^^^^^^^^^^^^^^^^^^^^^^^^^^^^^^^^^^^^^^^^^^^^^
  File "/lustre09/project/6032307/arnauddr/MiniCPBP/server_mlm.py", line 147, in perplexity
    return {"perplexity": calculate_perplexity(sentence)}
                          ^^^^^^^^^^^^^^^^^^^^^^^^^^^^^^
  File "/lustre09/project/6032307/arnauddr/MiniCPBP/server_mlm.py", line 134, in calculate_perplexity
    with mutex:
TypeError: 'Lock' object does not support the context manager protocol
127.0.0.1 - - [30/Nov/2025 21:53:29] "[35m[1mPOST /perplexity HTTP/1.1[0m" 500 -
[2025-11-30 21:53:31,179] ERROR in app: Exception on /perplexity [POST]
Traceback (most recent call last):
  File "/lustre09/project/6032307/arnauddr/MiniCPBP/venv/lib/python3.11/site-packages/flask/app.py", line 1511, in wsgi_app
    response = self.full_dispatch_request()
               ^^^^^^^^^^^^^^^^^^^^^^^^^^^^
  File "/lustre09/project/6032307/arnauddr/MiniCPBP/venv/lib/python3.11/site-packages/flask/app.py", line 919, in full_dispatch_request
    rv = self.handle_user_exception(e)
         ^^^^^^^^^^^^^^^^^^^^^^^^^^^^^
  File "/lustre09/project/6032307/arnauddr/MiniCPBP/venv/lib/python3.11/site-packages/flask/app.py", line 917, in full_dispatch_request
    rv = self.dispatch_request()
         ^^^^^^^^^^^^^^^^^^^^^^^
  File "/lustre09/project/6032307/arnauddr/MiniCPBP/venv/lib/python3.11/site-packages/flask/app.py", line 902, in dispatch_request
    return self.ensure_sync(self.view_functions[rule.endpoint])(**view_args)  # type: ignore[no-any-return]
           ^^^^^^^^^^^^^^^^^^^^^^^^^^^^^^^^^^^^^^^^^^^^^^^^^^^^^^^^^^^^^^^^^
  File "/lustre09/project/6032307/arnauddr/MiniCPBP/server_mlm.py", line 147, in perplexity
    return {"perplexity": calculate_perplexity(sentence)}
                          ^^^^^^^^^^^^^^^^^^^^^^^^^^^^^^
  File "/lustre09/project/6032307/arnauddr/MiniCPBP/server_mlm.py", line 134, in calculate_perplexity
    with mutex:
TypeError: 'Lock' object does not support the context manager protocol
127.0.0.1 - - [30/Nov/2025 21:53:31] "[35m[1mPOST /perplexity HTTP/1.1[0m" 500 -
[2025-11-30 21:53:31,298] ERROR in app: Exception on /perplexity [POST]
Traceback (most recent call last):
  File "/lustre09/project/6032307/arnauddr/MiniCPBP/venv/lib/python3.11/site-packages/flask/app.py", line 1511, in wsgi_app
    response = self.full_dispatch_request()
               ^^^^^^^^^^^^^^^^^^^^^^^^^^^^
  File "/lustre09/project/6032307/arnauddr/MiniCPBP/venv/lib/python3.11/site-packages/flask/app.py", line 919, in full_dispatch_request
    rv = self.handle_user_exception(e)
         ^^^^^^^^^^^^^^^^^^^^^^^^^^^^^
  File "/lustre09/project/6032307/arnauddr/MiniCPBP/venv/lib/python3.11/site-packages/flask/app.py", line 917, in full_dispatch_request
    rv = self.dispatch_request()
         ^^^^^^^^^^^^^^^^^^^^^^^
  File "/lustre09/project/6032307/arnauddr/MiniCPBP/venv/lib/python3.11/site-packages/flask/app.py", line 902, in dispatch_request
    return self.ensure_sync(self.view_functions[rule.endpoint])(**view_args)  # type: ignore[no-any-return]
           ^^^^^^^^^^^^^^^^^^^^^^^^^^^^^^^^^^^^^^^^^^^^^^^^^^^^^^^^^^^^^^^^^
  File "/lustre09/project/6032307/arnauddr/MiniCPBP/server_mlm.py", line 147, in perplexity
    return {"perplexity": calculate_perplexity(sentence)}
                          ^^^^^^^^^^^^^^^^^^^^^^^^^^^^^^
  File "/lustre09/project/6032307/arnauddr/MiniCPBP/server_mlm.py", line 134, in calculate_perplexity
    with mutex:
TypeError: 'Lock' object does not support the context manager protocol
127.0.0.1 - - [30/Nov/2025 21:53:31] "[35m[1mPOST /perplexity HTTP/1.1[0m" 500 -
[2025-11-30 21:53:31,455] ERROR in app: Exception on /perplexity [POST]
Traceback (most recent call last):
  File "/lustre09/project/6032307/arnauddr/MiniCPBP/venv/lib/python3.11/site-packages/flask/app.py", line 1511, in wsgi_app
    response = self.full_dispatch_request()
               ^^^^^^^^^^^^^^^^^^^^^^^^^^^^
  File "/lustre09/project/6032307/arnauddr/MiniCPBP/venv/lib/python3.11/site-packages/flask/app.py", line 919, in full_dispatch_request
    rv = self.handle_user_exception(e)
         ^^^^^^^^^^^^^^^^^^^^^^^^^^^^^
  File "/lustre09/project/6032307/arnauddr/MiniCPBP/venv/lib/python3.11/site-packages/flask/app.py", line 917, in full_dispatch_request
    rv = self.dispatch_request()
         ^^^^^^^^^^^^^^^^^^^^^^^
  File "/lustre09/project/6032307/arnauddr/MiniCPBP/venv/lib/python3.11/site-packages/flask/app.py", line 902, in dispatch_request
    return self.ensure_sync(self.view_functions[rule.endpoint])(**view_args)  # type: ignore[no-any-return]
           ^^^^^^^^^^^^^^^^^^^^^^^^^^^^^^^^^^^^^^^^^^^^^^^^^^^^^^^^^^^^^^^^^
  File "/lustre09/project/6032307/arnauddr/MiniCPBP/server_mlm.py", line 147, in perplexity
    return {"perplexity": calculate_perplexity(sentence)}
                          ^^^^^^^^^^^^^^^^^^^^^^^^^^^^^^
  File "/lustre09/project/6032307/arnauddr/MiniCPBP/server_mlm.py", line 134, in calculate_perplexity
    with mutex:
TypeError: 'Lock' object does not support the context manager protocol
127.0.0.1 - - [30/Nov/2025 21:53:31] "[35m[1mPOST /perplexity HTTP/1.1[0m" 500 -
[2025-11-30 21:53:31,714] ERROR in app: Exception on /perplexity [POST]
Traceback (most recent call last):
  File "/lustre09/project/6032307/arnauddr/MiniCPBP/venv/lib/python3.11/site-packages/flask/app.py", line 1511, in wsgi_app
    response = self.full_dispatch_request()
               ^^^^^^^^^^^^^^^^^^^^^^^^^^^^
  File "/lustre09/project/6032307/arnauddr/MiniCPBP/venv/lib/python3.11/site-packages/flask/app.py", line 919, in full_dispatch_request
    rv = self.handle_user_exception(e)
         ^^^^^^^^^^^^^^^^^^^^^^^^^^^^^
  File "/lustre09/project/6032307/arnauddr/MiniCPBP/venv/lib/python3.11/site-packages/flask/app.py", line 917, in full_dispatch_request
    rv = self.dispatch_request()
         ^^^^^^^^^^^^^^^^^^^^^^^
  File "/lustre09/project/6032307/arnauddr/MiniCPBP/venv/lib/python3.11/site-packages/flask/app.py", line 902, in dispatch_request
    return self.ensure_sync(self.view_functions[rule.endpoint])(**view_args)  # type: ignore[no-any-return]
           ^^^^^^^^^^^^^^^^^^^^^^^^^^^^^^^^^^^^^^^^^^^^^^^^^^^^^^^^^^^^^^^^^
  File "/lustre09/project/6032307/arnauddr/MiniCPBP/server_mlm.py", line 147, in perplexity
    return {"perplexity": calculate_perplexity(sentence)}
                          ^^^^^^^^^^^^^^^^^^^^^^^^^^^^^^
  File "/lustre09/project/6032307/arnauddr/MiniCPBP/server_mlm.py", line 134, in calculate_perplexity
    with mutex:
TypeError: 'Lock' object does not support the context manager protocol
127.0.0.1 - - [30/Nov/2025 21:53:31] "[35m[1mPOST /perplexity HTTP/1.1[0m" 500 -
[2025-11-30 21:53:32,071] ERROR in app: Exception on /perplexity [POST]
Traceback (most recent call last):
  File "/lustre09/project/6032307/arnauddr/MiniCPBP/venv/lib/python3.11/site-packages/flask/app.py", line 1511, in wsgi_app
    response = self.full_dispatch_request()
               ^^^^^^^^^^^^^^^^^^^^^^^^^^^^
  File "/lustre09/project/6032307/arnauddr/MiniCPBP/venv/lib/python3.11/site-packages/flask/app.py", line 919, in full_dispatch_request
    rv = self.handle_user_exception(e)
         ^^^^^^^^^^^^^^^^^^^^^^^^^^^^^
  File "/lustre09/project/6032307/arnauddr/MiniCPBP/venv/lib/python3.11/site-packages/flask/app.py", line 917, in full_dispatch_request
    rv = self.dispatch_request()
         ^^^^^^^^^^^^^^^^^^^^^^^
  File "/lustre09/project/6032307/arnauddr/MiniCPBP/venv/lib/python3.11/site-packages/flask/app.py", line 902, in dispatch_request
    return self.ensure_sync(self.view_functions[rule.endpoint])(**view_args)  # type: ignore[no-any-return]
           ^^^^^^^^^^^^^^^^^^^^^^^^^^^^^^^^^^^^^^^^^^^^^^^^^^^^^^^^^^^^^^^^^
  File "/lustre09/project/6032307/arnauddr/MiniCPBP/server_mlm.py", line 147, in perplexity
    return {"perplexity": calculate_perplexity(sentence)}
                          ^^^^^^^^^^^^^^^^^^^^^^^^^^^^^^
  File "/lustre09/project/6032307/arnauddr/MiniCPBP/server_mlm.py", line 134, in calculate_perplexity
    with mutex:
TypeError: 'Lock' object does not support the context manager protocol
127.0.0.1 - - [30/Nov/2025 21:53:32] "[35m[1mPOST /perplexity HTTP/1.1[0m" 500 -
[2025-11-30 21:53:32,272] ERROR in app: Exception on /perplexity [POST]
Traceback (most recent call last):
  File "/lustre09/project/6032307/arnauddr/MiniCPBP/venv/lib/python3.11/site-packages/flask/app.py", line 1511, in wsgi_app
    response = self.full_dispatch_request()
               ^^^^^^^^^^^^^^^^^^^^^^^^^^^^
  File "/lustre09/project/6032307/arnauddr/MiniCPBP/venv/lib/python3.11/site-packages/flask/app.py", line 919, in full_dispatch_request
    rv = self.handle_user_exception(e)
         ^^^^^^^^^^^^^^^^^^^^^^^^^^^^^
  File "/lustre09/project/6032307/arnauddr/MiniCPBP/venv/lib/python3.11/site-packages/flask/app.py", line 917, in full_dispatch_request
    rv = self.dispatch_request()
         ^^^^^^^^^^^^^^^^^^^^^^^
  File "/lustre09/project/6032307/arnauddr/MiniCPBP/venv/lib/python3.11/site-packages/flask/app.py", line 902, in dispatch_request
    return self.ensure_sync(self.view_functions[rule.endpoint])(**view_args)  # type: ignore[no-any-return]
           ^^^^^^^^^^^^^^^^^^^^^^^^^^^^^^^^^^^^^^^^^^^^^^^^^^^^^^^^^^^^^^^^^
  File "/lustre09/project/6032307/arnauddr/MiniCPBP/server_mlm.py", line 147, in perplexity
    return {"perplexity": calculate_perplexity(sentence)}
                          ^^^^^^^^^^^^^^^^^^^^^^^^^^^^^^
  File "/lustre09/project/6032307/arnauddr/MiniCPBP/server_mlm.py", line 134, in calculate_perplexity
    with mutex:
TypeError: 'Lock' object does not support the context manager protocol
127.0.0.1 - - [30/Nov/2025 21:53:32] "[35m[1mPOST /perplexity HTTP/1.1[0m" 500 -
[2025-11-30 21:53:32,389] ERROR in app: Exception on /perplexity [POST]
Traceback (most recent call last):
  File "/lustre09/project/6032307/arnauddr/MiniCPBP/venv/lib/python3.11/site-packages/flask/app.py", line 1511, in wsgi_app
    response = self.full_dispatch_request()
               ^^^^^^^^^^^^^^^^^^^^^^^^^^^^
  File "/lustre09/project/6032307/arnauddr/MiniCPBP/venv/lib/python3.11/site-packages/flask/app.py", line 919, in full_dispatch_request
    rv = self.handle_user_exception(e)
         ^^^^^^^^^^^^^^^^^^^^^^^^^^^^^
  File "/lustre09/project/6032307/arnauddr/MiniCPBP/venv/lib/python3.11/site-packages/flask/app.py", line 917, in full_dispatch_request
    rv = self.dispatch_request()
         ^^^^^^^^^^^^^^^^^^^^^^^
  File "/lustre09/project/6032307/arnauddr/MiniCPBP/venv/lib/python3.11/site-packages/flask/app.py", line 902, in dispatch_request
    return self.ensure_sync(self.view_functions[rule.endpoint])(**view_args)  # type: ignore[no-any-return]
           ^^^^^^^^^^^^^^^^^^^^^^^^^^^^^^^^^^^^^^^^^^^^^^^^^^^^^^^^^^^^^^^^^
  File "/lustre09/project/6032307/arnauddr/MiniCPBP/server_mlm.py", line 147, in perplexity
    return {"perplexity": calculate_perplexity(sentence)}
                          ^^^^^^^^^^^^^^^^^^^^^^^^^^^^^^
  File "/lustre09/project/6032307/arnauddr/MiniCPBP/server_mlm.py", line 134, in calculate_perplexity
    with mutex:
TypeError: 'Lock' object does not support the context manager protocol
127.0.0.1 - - [30/Nov/2025 21:53:32] "[35m[1mPOST /perplexity HTTP/1.1[0m" 500 -
[2025-11-30 21:53:32,533] ERROR in app: Exception on /perplexity [POST]
Traceback (most recent call last):
  File "/lustre09/project/6032307/arnauddr/MiniCPBP/venv/lib/python3.11/site-packages/flask/app.py", line 1511, in wsgi_app
    response = self.full_dispatch_request()
               ^^^^^^^^^^^^^^^^^^^^^^^^^^^^
  File "/lustre09/project/6032307/arnauddr/MiniCPBP/venv/lib/python3.11/site-packages/flask/app.py", line 919, in full_dispatch_request
    rv = self.handle_user_exception(e)
         ^^^^^^^^^^^^^^^^^^^^^^^^^^^^^
  File "/lustre09/project/6032307/arnauddr/MiniCPBP/venv/lib/python3.11/site-packages/flask/app.py", line 917, in full_dispatch_request
    rv = self.dispatch_request()
         ^^^^^^^^^^^^^^^^^^^^^^^
  File "/lustre09/project/6032307/arnauddr/MiniCPBP/venv/lib/python3.11/site-packages/flask/app.py", line 902, in dispatch_request
    return self.ensure_sync(self.view_functions[rule.endpoint])(**view_args)  # type: ignore[no-any-return]
           ^^^^^^^^^^^^^^^^^^^^^^^^^^^^^^^^^^^^^^^^^^^^^^^^^^^^^^^^^^^^^^^^^
  File "/lustre09/project/6032307/arnauddr/MiniCPBP/server_mlm.py", line 147, in perplexity
    return {"perplexity": calculate_perplexity(sentence)}
                          ^^^^^^^^^^^^^^^^^^^^^^^^^^^^^^
  File "/lustre09/project/6032307/arnauddr/MiniCPBP/server_mlm.py", line 134, in calculate_perplexity
    with mutex:
TypeError: 'Lock' object does not support the context manager protocol
127.0.0.1 - - [30/Nov/2025 21:53:32] "[35m[1mPOST /perplexity HTTP/1.1[0m" 500 -
[2025-11-30 21:53:32,582] ERROR in app: Exception on /perplexity [POST]
Traceback (most recent call last):
  File "/lustre09/project/6032307/arnauddr/MiniCPBP/venv/lib/python3.11/site-packages/flask/app.py", line 1511, in wsgi_app
    response = self.full_dispatch_request()
               ^^^^^^^^^^^^^^^^^^^^^^^^^^^^
  File "/lustre09/project/6032307/arnauddr/MiniCPBP/venv/lib/python3.11/site-packages/flask/app.py", line 919, in full_dispatch_request
    rv = self.handle_user_exception(e)
         ^^^^^^^^^^^^^^^^^^^^^^^^^^^^^
  File "/lustre09/project/6032307/arnauddr/MiniCPBP/venv/lib/python3.11/site-packages/flask/app.py", line 917, in full_dispatch_request
    rv = self.dispatch_request()
         ^^^^^^^^^^^^^^^^^^^^^^^
  File "/lustre09/project/6032307/arnauddr/MiniCPBP/venv/lib/python3.11/site-packages/flask/app.py", line 902, in dispatch_request
    return self.ensure_sync(self.view_functions[rule.endpoint])(**view_args)  # type: ignore[no-any-return]
           ^^^^^^^^^^^^^^^^^^^^^^^^^^^^^^^^^^^^^^^^^^^^^^^^^^^^^^^^^^^^^^^^^
  File "/lustre09/project/6032307/arnauddr/MiniCPBP/server_mlm.py", line 147, in perplexity
    return {"perplexity": calculate_perplexity(sentence)}
                          ^^^^^^^^^^^^^^^^^^^^^^^^^^^^^^
  File "/lustre09/project/6032307/arnauddr/MiniCPBP/server_mlm.py", line 134, in calculate_perplexity
    with mutex:
TypeError: 'Lock' object does not support the context manager protocol
127.0.0.1 - - [30/Nov/2025 21:53:32] "[35m[1mPOST /perplexity HTTP/1.1[0m" 500 -
[2025-11-30 21:53:33,245] ERROR in app: Exception on /perplexity [POST]
Traceback (most recent call last):
  File "/lustre09/project/6032307/arnauddr/MiniCPBP/venv/lib/python3.11/site-packages/flask/app.py", line 1511, in wsgi_app
    response = self.full_dispatch_request()
               ^^^^^^^^^^^^^^^^^^^^^^^^^^^^
  File "/lustre09/project/6032307/arnauddr/MiniCPBP/venv/lib/python3.11/site-packages/flask/app.py", line 919, in full_dispatch_request
    rv = self.handle_user_exception(e)
         ^^^^^^^^^^^^^^^^^^^^^^^^^^^^^
  File "/lustre09/project/6032307/arnauddr/MiniCPBP/venv/lib/python3.11/site-packages/flask/app.py", line 917, in full_dispatch_request
    rv = self.dispatch_request()
         ^^^^^^^^^^^^^^^^^^^^^^^
  File "/lustre09/project/6032307/arnauddr/MiniCPBP/venv/lib/python3.11/site-packages/flask/app.py", line 902, in dispatch_request
    return self.ensure_sync(self.view_functions[rule.endpoint])(**view_args)  # type: ignore[no-any-return]
           ^^^^^^^^^^^^^^^^^^^^^^^^^^^^^^^^^^^^^^^^^^^^^^^^^^^^^^^^^^^^^^^^^
  File "/lustre09/project/6032307/arnauddr/MiniCPBP/server_mlm.py", line 147, in perplexity
    return {"perplexity": calculate_perplexity(sentence)}
                          ^^^^^^^^^^^^^^^^^^^^^^^^^^^^^^
  File "/lustre09/project/6032307/arnauddr/MiniCPBP/server_mlm.py", line 134, in calculate_perplexity
    with mutex:
TypeError: 'Lock' object does not support the context manager protocol
127.0.0.1 - - [30/Nov/2025 21:53:33] "[35m[1mPOST /perplexity HTTP/1.1[0m" 500 -
[2025-11-30 21:53:33,355] ERROR in app: Exception on /perplexity [POST]
Traceback (most recent call last):
  File "/lustre09/project/6032307/arnauddr/MiniCPBP/venv/lib/python3.11/site-packages/flask/app.py", line 1511, in wsgi_app
    response = self.full_dispatch_request()
               ^^^^^^^^^^^^^^^^^^^^^^^^^^^^
  File "/lustre09/project/6032307/arnauddr/MiniCPBP/venv/lib/python3.11/site-packages/flask/app.py", line 919, in full_dispatch_request
    rv = self.handle_user_exception(e)
         ^^^^^^^^^^^^^^^^^^^^^^^^^^^^^
  File "/lustre09/project/6032307/arnauddr/MiniCPBP/venv/lib/python3.11/site-packages/flask/app.py", line 917, in full_dispatch_request
    rv = self.dispatch_request()
         ^^^^^^^^^^^^^^^^^^^^^^^
  File "/lustre09/project/6032307/arnauddr/MiniCPBP/venv/lib/python3.11/site-packages/flask/app.py", line 902, in dispatch_request
    return self.ensure_sync(self.view_functions[rule.endpoint])(**view_args)  # type: ignore[no-any-return]
           ^^^^^^^^^^^^^^^^^^^^^^^^^^^^^^^^^^^^^^^^^^^^^^^^^^^^^^^^^^^^^^^^^
  File "/lustre09/project/6032307/arnauddr/MiniCPBP/server_mlm.py", line 147, in perplexity
    return {"perplexity": calculate_perplexity(sentence)}
                          ^^^^^^^^^^^^^^^^^^^^^^^^^^^^^^
  File "/lustre09/project/6032307/arnauddr/MiniCPBP/server_mlm.py", line 134, in calculate_perplexity
    with mutex:
TypeError: 'Lock' object does not support the context manager protocol
127.0.0.1 - - [30/Nov/2025 21:53:33] "[35m[1mPOST /perplexity HTTP/1.1[0m" 500 -
[2025-11-30 21:53:34,886] ERROR in app: Exception on /perplexity [POST]
Traceback (most recent call last):
  File "/lustre09/project/6032307/arnauddr/MiniCPBP/venv/lib/python3.11/site-packages/flask/app.py", line 1511, in wsgi_app
    response = self.full_dispatch_request()
               ^^^^^^^^^^^^^^^^^^^^^^^^^^^^
  File "/lustre09/project/6032307/arnauddr/MiniCPBP/venv/lib/python3.11/site-packages/flask/app.py", line 919, in full_dispatch_request
    rv = self.handle_user_exception(e)
         ^^^^^^^^^^^^^^^^^^^^^^^^^^^^^
  File "/lustre09/project/6032307/arnauddr/MiniCPBP/venv/lib/python3.11/site-packages/flask/app.py", line 917, in full_dispatch_request
    rv = self.dispatch_request()
         ^^^^^^^^^^^^^^^^^^^^^^^
  File "/lustre09/project/6032307/arnauddr/MiniCPBP/venv/lib/python3.11/site-packages/flask/app.py", line 902, in dispatch_request
    return self.ensure_sync(self.view_functions[rule.endpoint])(**view_args)  # type: ignore[no-any-return]
           ^^^^^^^^^^^^^^^^^^^^^^^^^^^^^^^^^^^^^^^^^^^^^^^^^^^^^^^^^^^^^^^^^
  File "/lustre09/project/6032307/arnauddr/MiniCPBP/server_mlm.py", line 147, in perplexity
    return {"perplexity": calculate_perplexity(sentence)}
                          ^^^^^^^^^^^^^^^^^^^^^^^^^^^^^^
  File "/lustre09/project/6032307/arnauddr/MiniCPBP/server_mlm.py", line 134, in calculate_perplexity
    with mutex:
TypeError: 'Lock' object does not support the context manager protocol
127.0.0.1 - - [30/Nov/2025 21:53:34] "[35m[1mPOST /perplexity HTTP/1.1[0m" 500 -
[2025-11-30 21:53:34,930] ERROR in app: Exception on /perplexity [POST]
Traceback (most recent call last):
  File "/lustre09/project/6032307/arnauddr/MiniCPBP/venv/lib/python3.11/site-packages/flask/app.py", line 1511, in wsgi_app
    response = self.full_dispatch_request()
               ^^^^^^^^^^^^^^^^^^^^^^^^^^^^
  File "/lustre09/project/6032307/arnauddr/MiniCPBP/venv/lib/python3.11/site-packages/flask/app.py", line 919, in full_dispatch_request
    rv = self.handle_user_exception(e)
         ^^^^^^^^^^^^^^^^^^^^^^^^^^^^^
  File "/lustre09/project/6032307/arnauddr/MiniCPBP/venv/lib/python3.11/site-packages/flask/app.py", line 917, in full_dispatch_request
    rv = self.dispatch_request()
         ^^^^^^^^^^^^^^^^^^^^^^^
  File "/lustre09/project/6032307/arnauddr/MiniCPBP/venv/lib/python3.11/site-packages/flask/app.py", line 902, in dispatch_request
    return self.ensure_sync(self.view_functions[rule.endpoint])(**view_args)  # type: ignore[no-any-return]
           ^^^^^^^^^^^^^^^^^^^^^^^^^^^^^^^^^^^^^^^^^^^^^^^^^^^^^^^^^^^^^^^^^
  File "/lustre09/project/6032307/arnauddr/MiniCPBP/server_mlm.py", line 147, in perplexity
    return {"perplexity": calculate_perplexity(sentence)}
                          ^^^^^^^^^^^^^^^^^^^^^^^^^^^^^^
  File "/lustre09/project/6032307/arnauddr/MiniCPBP/server_mlm.py", line 134, in calculate_perplexity
    with mutex:
TypeError: 'Lock' object does not support the context manager protocol
127.0.0.1 - - [30/Nov/2025 21:53:34] "[35m[1mPOST /perplexity HTTP/1.1[0m" 500 -
[2025-11-30 21:53:36,109] ERROR in app: Exception on /perplexity [POST]
Traceback (most recent call last):
  File "/lustre09/project/6032307/arnauddr/MiniCPBP/venv/lib/python3.11/site-packages/flask/app.py", line 1511, in wsgi_app
    response = self.full_dispatch_request()
               ^^^^^^^^^^^^^^^^^^^^^^^^^^^^
  File "/lustre09/project/6032307/arnauddr/MiniCPBP/venv/lib/python3.11/site-packages/flask/app.py", line 919, in full_dispatch_request
    rv = self.handle_user_exception(e)
         ^^^^^^^^^^^^^^^^^^^^^^^^^^^^^
  File "/lustre09/project/6032307/arnauddr/MiniCPBP/venv/lib/python3.11/site-packages/flask/app.py", line 917, in full_dispatch_request
    rv = self.dispatch_request()
         ^^^^^^^^^^^^^^^^^^^^^^^
  File "/lustre09/project/6032307/arnauddr/MiniCPBP/venv/lib/python3.11/site-packages/flask/app.py", line 902, in dispatch_request
    return self.ensure_sync(self.view_functions[rule.endpoint])(**view_args)  # type: ignore[no-any-return]
           ^^^^^^^^^^^^^^^^^^^^^^^^^^^^^^^^^^^^^^^^^^^^^^^^^^^^^^^^^^^^^^^^^
  File "/lustre09/project/6032307/arnauddr/MiniCPBP/server_mlm.py", line 147, in perplexity
    return {"perplexity": calculate_perplexity(sentence)}
                          ^^^^^^^^^^^^^^^^^^^^^^^^^^^^^^
  File "/lustre09/project/6032307/arnauddr/MiniCPBP/server_mlm.py", line 134, in calculate_perplexity
    with mutex:
TypeError: 'Lock' object does not support the context manager protocol
127.0.0.1 - - [30/Nov/2025 21:53:36] "[35m[1mPOST /perplexity HTTP/1.1[0m" 500 -
[2025-11-30 21:53:36,227] ERROR in app: Exception on /perplexity [POST]
Traceback (most recent call last):
  File "/lustre09/project/6032307/arnauddr/MiniCPBP/venv/lib/python3.11/site-packages/flask/app.py", line 1511, in wsgi_app
    response = self.full_dispatch_request()
               ^^^^^^^^^^^^^^^^^^^^^^^^^^^^
  File "/lustre09/project/6032307/arnauddr/MiniCPBP/venv/lib/python3.11/site-packages/flask/app.py", line 919, in full_dispatch_request
    rv = self.handle_user_exception(e)
         ^^^^^^^^^^^^^^^^^^^^^^^^^^^^^
  File "/lustre09/project/6032307/arnauddr/MiniCPBP/venv/lib/python3.11/site-packages/flask/app.py", line 917, in full_dispatch_request
    rv = self.dispatch_request()
         ^^^^^^^^^^^^^^^^^^^^^^^
  File "/lustre09/project/6032307/arnauddr/MiniCPBP/venv/lib/python3.11/site-packages/flask/app.py", line 902, in dispatch_request
    return self.ensure_sync(self.view_functions[rule.endpoint])(**view_args)  # type: ignore[no-any-return]
           ^^^^^^^^^^^^^^^^^^^^^^^^^^^^^^^^^^^^^^^^^^^^^^^^^^^^^^^^^^^^^^^^^
  File "/lustre09/project/6032307/arnauddr/MiniCPBP/server_mlm.py", line 147, in perplexity
    return {"perplexity": calculate_perplexity(sentence)}
                          ^^^^^^^^^^^^^^^^^^^^^^^^^^^^^^
  File "/lustre09/project/6032307/arnauddr/MiniCPBP/server_mlm.py", line 134, in calculate_perplexity
    with mutex:
TypeError: 'Lock' object does not support the context manager protocol
127.0.0.1 - - [30/Nov/2025 21:53:36] "[35m[1mPOST /perplexity HTTP/1.1[0m" 500 -
[2025-11-30 21:53:36,663] ERROR in app: Exception on /perplexity [POST]
Traceback (most recent call last):
  File "/lustre09/project/6032307/arnauddr/MiniCPBP/venv/lib/python3.11/site-packages/flask/app.py", line 1511, in wsgi_app
    response = self.full_dispatch_request()
               ^^^^^^^^^^^^^^^^^^^^^^^^^^^^
  File "/lustre09/project/6032307/arnauddr/MiniCPBP/venv/lib/python3.11/site-packages/flask/app.py", line 919, in full_dispatch_request
    rv = self.handle_user_exception(e)
         ^^^^^^^^^^^^^^^^^^^^^^^^^^^^^
  File "/lustre09/project/6032307/arnauddr/MiniCPBP/venv/lib/python3.11/site-packages/flask/app.py", line 917, in full_dispatch_request
    rv = self.dispatch_request()
         ^^^^^^^^^^^^^^^^^^^^^^^
  File "/lustre09/project/6032307/arnauddr/MiniCPBP/venv/lib/python3.11/site-packages/flask/app.py", line 902, in dispatch_request
    return self.ensure_sync(self.view_functions[rule.endpoint])(**view_args)  # type: ignore[no-any-return]
           ^^^^^^^^^^^^^^^^^^^^^^^^^^^^^^^^^^^^^^^^^^^^^^^^^^^^^^^^^^^^^^^^^
  File "/lustre09/project/6032307/arnauddr/MiniCPBP/server_mlm.py", line 147, in perplexity
    return {"perplexity": calculate_perplexity(sentence)}
                          ^^^^^^^^^^^^^^^^^^^^^^^^^^^^^^
  File "/lustre09/project/6032307/arnauddr/MiniCPBP/server_mlm.py", line 134, in calculate_perplexity
    with mutex:
TypeError: 'Lock' object does not support the context manager protocol
127.0.0.1 - - [30/Nov/2025 21:53:36] "[35m[1mPOST /perplexity HTTP/1.1[0m" 500 -
[2025-11-30 21:53:36,925] ERROR in app: Exception on /perplexity [POST]
Traceback (most recent call last):
  File "/lustre09/project/6032307/arnauddr/MiniCPBP/venv/lib/python3.11/site-packages/flask/app.py", line 1511, in wsgi_app
    response = self.full_dispatch_request()
               ^^^^^^^^^^^^^^^^^^^^^^^^^^^^
  File "/lustre09/project/6032307/arnauddr/MiniCPBP/venv/lib/python3.11/site-packages/flask/app.py", line 919, in full_dispatch_request
    rv = self.handle_user_exception(e)
         ^^^^^^^^^^^^^^^^^^^^^^^^^^^^^
  File "/lustre09/project/6032307/arnauddr/MiniCPBP/venv/lib/python3.11/site-packages/flask/app.py", line 917, in full_dispatch_request
    rv = self.dispatch_request()
         ^^^^^^^^^^^^^^^^^^^^^^^
  File "/lustre09/project/6032307/arnauddr/MiniCPBP/venv/lib/python3.11/site-packages/flask/app.py", line 902, in dispatch_request
    return self.ensure_sync(self.view_functions[rule.endpoint])(**view_args)  # type: ignore[no-any-return]
           ^^^^^^^^^^^^^^^^^^^^^^^^^^^^^^^^^^^^^^^^^^^^^^^^^^^^^^^^^^^^^^^^^
  File "/lustre09/project/6032307/arnauddr/MiniCPBP/server_mlm.py", line 147, in perplexity
    return {"perplexity": calculate_perplexity(sentence)}
                          ^^^^^^^^^^^^^^^^^^^^^^^^^^^^^^
  File "/lustre09/project/6032307/arnauddr/MiniCPBP/server_mlm.py", line 134, in calculate_perplexity
    with mutex:
TypeError: 'Lock' object does not support the context manager protocol
127.0.0.1 - - [30/Nov/2025 21:53:36] "[35m[1mPOST /perplexity HTTP/1.1[0m" 500 -
[2025-11-30 21:53:37,015] ERROR in app: Exception on /perplexity [POST]
Traceback (most recent call last):
  File "/lustre09/project/6032307/arnauddr/MiniCPBP/venv/lib/python3.11/site-packages/flask/app.py", line 1511, in wsgi_app
    response = self.full_dispatch_request()
               ^^^^^^^^^^^^^^^^^^^^^^^^^^^^
  File "/lustre09/project/6032307/arnauddr/MiniCPBP/venv/lib/python3.11/site-packages/flask/app.py", line 919, in full_dispatch_request
    rv = self.handle_user_exception(e)
         ^^^^^^^^^^^^^^^^^^^^^^^^^^^^^
  File "/lustre09/project/6032307/arnauddr/MiniCPBP/venv/lib/python3.11/site-packages/flask/app.py", line 917, in full_dispatch_request
    rv = self.dispatch_request()
         ^^^^^^^^^^^^^^^^^^^^^^^
  File "/lustre09/project/6032307/arnauddr/MiniCPBP/venv/lib/python3.11/site-packages/flask/app.py", line 902, in dispatch_request
    return self.ensure_sync(self.view_functions[rule.endpoint])(**view_args)  # type: ignore[no-any-return]
           ^^^^^^^^^^^^^^^^^^^^^^^^^^^^^^^^^^^^^^^^^^^^^^^^^^^^^^^^^^^^^^^^^
  File "/lustre09/project/6032307/arnauddr/MiniCPBP/server_mlm.py", line 147, in perplexity
    return {"perplexity": calculate_perplexity(sentence)}
                          ^^^^^^^^^^^^^^^^^^^^^^^^^^^^^^
  File "/lustre09/project/6032307/arnauddr/MiniCPBP/server_mlm.py", line 134, in calculate_perplexity
    with mutex:
TypeError: 'Lock' object does not support the context manager protocol
127.0.0.1 - - [30/Nov/2025 21:53:37] "[35m[1mPOST /perplexity HTTP/1.1[0m" 500 -
[2025-11-30 21:53:37,025] ERROR in app: Exception on /perplexity [POST]
Traceback (most recent call last):
  File "/lustre09/project/6032307/arnauddr/MiniCPBP/venv/lib/python3.11/site-packages/flask/app.py", line 1511, in wsgi_app
    response = self.full_dispatch_request()
               ^^^^^^^^^^^^^^^^^^^^^^^^^^^^
  File "/lustre09/project/6032307/arnauddr/MiniCPBP/venv/lib/python3.11/site-packages/flask/app.py", line 919, in full_dispatch_request
    rv = self.handle_user_exception(e)
         ^^^^^^^^^^^^^^^^^^^^^^^^^^^^^
  File "/lustre09/project/6032307/arnauddr/MiniCPBP/venv/lib/python3.11/site-packages/flask/app.py", line 917, in full_dispatch_request
    rv = self.dispatch_request()
         ^^^^^^^^^^^^^^^^^^^^^^^
  File "/lustre09/project/6032307/arnauddr/MiniCPBP/venv/lib/python3.11/site-packages/flask/app.py", line 902, in dispatch_request
    return self.ensure_sync(self.view_functions[rule.endpoint])(**view_args)  # type: ignore[no-any-return]
           ^^^^^^^^^^^^^^^^^^^^^^^^^^^^^^^^^^^^^^^^^^^^^^^^^^^^^^^^^^^^^^^^^
  File "/lustre09/project/6032307/arnauddr/MiniCPBP/server_mlm.py", line 147, in perplexity
    return {"perplexity": calculate_perplexity(sentence)}
                          ^^^^^^^^^^^^^^^^^^^^^^^^^^^^^^
  File "/lustre09/project/6032307/arnauddr/MiniCPBP/server_mlm.py", line 134, in calculate_perplexity
    with mutex:
TypeError: 'Lock' object does not support the context manager protocol
127.0.0.1 - - [30/Nov/2025 21:53:37] "[35m[1mPOST /perplexity HTTP/1.1[0m" 500 -
[2025-11-30 21:53:37,399] ERROR in app: Exception on /perplexity [POST]
Traceback (most recent call last):
  File "/lustre09/project/6032307/arnauddr/MiniCPBP/venv/lib/python3.11/site-packages/flask/app.py", line 1511, in wsgi_app
    response = self.full_dispatch_request()
               ^^^^^^^^^^^^^^^^^^^^^^^^^^^^
  File "/lustre09/project/6032307/arnauddr/MiniCPBP/venv/lib/python3.11/site-packages/flask/app.py", line 919, in full_dispatch_request
    rv = self.handle_user_exception(e)
         ^^^^^^^^^^^^^^^^^^^^^^^^^^^^^
  File "/lustre09/project/6032307/arnauddr/MiniCPBP/venv/lib/python3.11/site-packages/flask/app.py", line 917, in full_dispatch_request
    rv = self.dispatch_request()
         ^^^^^^^^^^^^^^^^^^^^^^^
  File "/lustre09/project/6032307/arnauddr/MiniCPBP/venv/lib/python3.11/site-packages/flask/app.py", line 902, in dispatch_request
    return self.ensure_sync(self.view_functions[rule.endpoint])(**view_args)  # type: ignore[no-any-return]
           ^^^^^^^^^^^^^^^^^^^^^^^^^^^^^^^^^^^^^^^^^^^^^^^^^^^^^^^^^^^^^^^^^
  File "/lustre09/project/6032307/arnauddr/MiniCPBP/server_mlm.py", line 147, in perplexity
    return {"perplexity": calculate_perplexity(sentence)}
                          ^^^^^^^^^^^^^^^^^^^^^^^^^^^^^^
  File "/lustre09/project/6032307/arnauddr/MiniCPBP/server_mlm.py", line 134, in calculate_perplexity
    with mutex:
TypeError: 'Lock' object does not support the context manager protocol
127.0.0.1 - - [30/Nov/2025 21:53:37] "[35m[1mPOST /perplexity HTTP/1.1[0m" 500 -
[2025-11-30 21:53:38,385] ERROR in app: Exception on /perplexity [POST]
Traceback (most recent call last):
  File "/lustre09/project/6032307/arnauddr/MiniCPBP/venv/lib/python3.11/site-packages/flask/app.py", line 1511, in wsgi_app
    response = self.full_dispatch_request()
               ^^^^^^^^^^^^^^^^^^^^^^^^^^^^
  File "/lustre09/project/6032307/arnauddr/MiniCPBP/venv/lib/python3.11/site-packages/flask/app.py", line 919, in full_dispatch_request
    rv = self.handle_user_exception(e)
         ^^^^^^^^^^^^^^^^^^^^^^^^^^^^^
  File "/lustre09/project/6032307/arnauddr/MiniCPBP/venv/lib/python3.11/site-packages/flask/app.py", line 917, in full_dispatch_request
    rv = self.dispatch_request()
         ^^^^^^^^^^^^^^^^^^^^^^^
  File "/lustre09/project/6032307/arnauddr/MiniCPBP/venv/lib/python3.11/site-packages/flask/app.py", line 902, in dispatch_request
    return self.ensure_sync(self.view_functions[rule.endpoint])(**view_args)  # type: ignore[no-any-return]
           ^^^^^^^^^^^^^^^^^^^^^^^^^^^^^^^^^^^^^^^^^^^^^^^^^^^^^^^^^^^^^^^^^
  File "/lustre09/project/6032307/arnauddr/MiniCPBP/server_mlm.py", line 147, in perplexity
    return {"perplexity": calculate_perplexity(sentence)}
                          ^^^^^^^^^^^^^^^^^^^^^^^^^^^^^^
  File "/lustre09/project/6032307/arnauddr/MiniCPBP/server_mlm.py", line 134, in calculate_perplexity
    with mutex:
TypeError: 'Lock' object does not support the context manager protocol
127.0.0.1 - - [30/Nov/2025 21:53:38] "[35m[1mPOST /perplexity HTTP/1.1[0m" 500 -
[2025-11-30 21:53:38,560] ERROR in app: Exception on /perplexity [POST]
Traceback (most recent call last):
  File "/lustre09/project/6032307/arnauddr/MiniCPBP/venv/lib/python3.11/site-packages/flask/app.py", line 1511, in wsgi_app
    response = self.full_dispatch_request()
               ^^^^^^^^^^^^^^^^^^^^^^^^^^^^
  File "/lustre09/project/6032307/arnauddr/MiniCPBP/venv/lib/python3.11/site-packages/flask/app.py", line 919, in full_dispatch_request
    rv = self.handle_user_exception(e)
         ^^^^^^^^^^^^^^^^^^^^^^^^^^^^^
  File "/lustre09/project/6032307/arnauddr/MiniCPBP/venv/lib/python3.11/site-packages/flask/app.py", line 917, in full_dispatch_request
    rv = self.dispatch_request()
         ^^^^^^^^^^^^^^^^^^^^^^^
  File "/lustre09/project/6032307/arnauddr/MiniCPBP/venv/lib/python3.11/site-packages/flask/app.py", line 902, in dispatch_request
    return self.ensure_sync(self.view_functions[rule.endpoint])(**view_args)  # type: ignore[no-any-return]
           ^^^^^^^^^^^^^^^^^^^^^^^^^^^^^^^^^^^^^^^^^^^^^^^^^^^^^^^^^^^^^^^^^
  File "/lustre09/project/6032307/arnauddr/MiniCPBP/server_mlm.py", line 147, in perplexity
    return {"perplexity": calculate_perplexity(sentence)}
                          ^^^^^^^^^^^^^^^^^^^^^^^^^^^^^^
  File "/lustre09/project/6032307/arnauddr/MiniCPBP/server_mlm.py", line 134, in calculate_perplexity
    with mutex:
TypeError: 'Lock' object does not support the context manager protocol
127.0.0.1 - - [30/Nov/2025 21:53:38] "[35m[1mPOST /perplexity HTTP/1.1[0m" 500 -
[2025-11-30 21:53:38,643] ERROR in app: Exception on /perplexity [POST]
Traceback (most recent call last):
  File "/lustre09/project/6032307/arnauddr/MiniCPBP/venv/lib/python3.11/site-packages/flask/app.py", line 1511, in wsgi_app
    response = self.full_dispatch_request()
               ^^^^^^^^^^^^^^^^^^^^^^^^^^^^
  File "/lustre09/project/6032307/arnauddr/MiniCPBP/venv/lib/python3.11/site-packages/flask/app.py", line 919, in full_dispatch_request
    rv = self.handle_user_exception(e)
         ^^^^^^^^^^^^^^^^^^^^^^^^^^^^^
  File "/lustre09/project/6032307/arnauddr/MiniCPBP/venv/lib/python3.11/site-packages/flask/app.py", line 917, in full_dispatch_request
    rv = self.dispatch_request()
         ^^^^^^^^^^^^^^^^^^^^^^^
  File "/lustre09/project/6032307/arnauddr/MiniCPBP/venv/lib/python3.11/site-packages/flask/app.py", line 902, in dispatch_request
    return self.ensure_sync(self.view_functions[rule.endpoint])(**view_args)  # type: ignore[no-any-return]
           ^^^^^^^^^^^^^^^^^^^^^^^^^^^^^^^^^^^^^^^^^^^^^^^^^^^^^^^^^^^^^^^^^
  File "/lustre09/project/6032307/arnauddr/MiniCPBP/server_mlm.py", line 147, in perplexity
    return {"perplexity": calculate_perplexity(sentence)}
                          ^^^^^^^^^^^^^^^^^^^^^^^^^^^^^^
  File "/lustre09/project/6032307/arnauddr/MiniCPBP/server_mlm.py", line 134, in calculate_perplexity
    with mutex:
TypeError: 'Lock' object does not support the context manager protocol
127.0.0.1 - - [30/Nov/2025 21:53:38] "[35m[1mPOST /perplexity HTTP/1.1[0m" 500 -
[2025-11-30 21:53:38,970] ERROR in app: Exception on /perplexity [POST]
Traceback (most recent call last):
  File "/lustre09/project/6032307/arnauddr/MiniCPBP/venv/lib/python3.11/site-packages/flask/app.py", line 1511, in wsgi_app
    response = self.full_dispatch_request()
               ^^^^^^^^^^^^^^^^^^^^^^^^^^^^
  File "/lustre09/project/6032307/arnauddr/MiniCPBP/venv/lib/python3.11/site-packages/flask/app.py", line 919, in full_dispatch_request
    rv = self.handle_user_exception(e)
         ^^^^^^^^^^^^^^^^^^^^^^^^^^^^^
  File "/lustre09/project/6032307/arnauddr/MiniCPBP/venv/lib/python3.11/site-packages/flask/app.py", line 917, in full_dispatch_request
    rv = self.dispatch_request()
         ^^^^^^^^^^^^^^^^^^^^^^^
  File "/lustre09/project/6032307/arnauddr/MiniCPBP/venv/lib/python3.11/site-packages/flask/app.py", line 902, in dispatch_request
    return self.ensure_sync(self.view_functions[rule.endpoint])(**view_args)  # type: ignore[no-any-return]
           ^^^^^^^^^^^^^^^^^^^^^^^^^^^^^^^^^^^^^^^^^^^^^^^^^^^^^^^^^^^^^^^^^
  File "/lustre09/project/6032307/arnauddr/MiniCPBP/server_mlm.py", line 147, in perplexity
    return {"perplexity": calculate_perplexity(sentence)}
                          ^^^^^^^^^^^^^^^^^^^^^^^^^^^^^^
  File "/lustre09/project/6032307/arnauddr/MiniCPBP/server_mlm.py", line 134, in calculate_perplexity
    with mutex:
TypeError: 'Lock' object does not support the context manager protocol
127.0.0.1 - - [30/Nov/2025 21:53:38] "[35m[1mPOST /perplexity HTTP/1.1[0m" 500 -
[2025-11-30 21:53:39,048] ERROR in app: Exception on /perplexity [POST]
Traceback (most recent call last):
  File "/lustre09/project/6032307/arnauddr/MiniCPBP/venv/lib/python3.11/site-packages/flask/app.py", line 1511, in wsgi_app
    response = self.full_dispatch_request()
               ^^^^^^^^^^^^^^^^^^^^^^^^^^^^
  File "/lustre09/project/6032307/arnauddr/MiniCPBP/venv/lib/python3.11/site-packages/flask/app.py", line 919, in full_dispatch_request
    rv = self.handle_user_exception(e)
         ^^^^^^^^^^^^^^^^^^^^^^^^^^^^^
  File "/lustre09/project/6032307/arnauddr/MiniCPBP/venv/lib/python3.11/site-packages/flask/app.py", line 917, in full_dispatch_request
    rv = self.dispatch_request()
         ^^^^^^^^^^^^^^^^^^^^^^^
  File "/lustre09/project/6032307/arnauddr/MiniCPBP/venv/lib/python3.11/site-packages/flask/app.py", line 902, in dispatch_request
    return self.ensure_sync(self.view_functions[rule.endpoint])(**view_args)  # type: ignore[no-any-return]
           ^^^^^^^^^^^^^^^^^^^^^^^^^^^^^^^^^^^^^^^^^^^^^^^^^^^^^^^^^^^^^^^^^
  File "/lustre09/project/6032307/arnauddr/MiniCPBP/server_mlm.py", line 147, in perplexity
    return {"perplexity": calculate_perplexity(sentence)}
                          ^^^^^^^^^^^^^^^^^^^^^^^^^^^^^^
  File "/lustre09/project/6032307/arnauddr/MiniCPBP/server_mlm.py", line 134, in calculate_perplexity
    with mutex:
TypeError: 'Lock' object does not support the context manager protocol
127.0.0.1 - - [30/Nov/2025 21:53:39] "[35m[1mPOST /perplexity HTTP/1.1[0m" 500 -
[2025-11-30 21:53:39,382] ERROR in app: Exception on /perplexity [POST]
Traceback (most recent call last):
  File "/lustre09/project/6032307/arnauddr/MiniCPBP/venv/lib/python3.11/site-packages/flask/app.py", line 1511, in wsgi_app
    response = self.full_dispatch_request()
               ^^^^^^^^^^^^^^^^^^^^^^^^^^^^
  File "/lustre09/project/6032307/arnauddr/MiniCPBP/venv/lib/python3.11/site-packages/flask/app.py", line 919, in full_dispatch_request
    rv = self.handle_user_exception(e)
         ^^^^^^^^^^^^^^^^^^^^^^^^^^^^^
  File "/lustre09/project/6032307/arnauddr/MiniCPBP/venv/lib/python3.11/site-packages/flask/app.py", line 917, in full_dispatch_request
    rv = self.dispatch_request()
         ^^^^^^^^^^^^^^^^^^^^^^^
  File "/lustre09/project/6032307/arnauddr/MiniCPBP/venv/lib/python3.11/site-packages/flask/app.py", line 902, in dispatch_request
    return self.ensure_sync(self.view_functions[rule.endpoint])(**view_args)  # type: ignore[no-any-return]
           ^^^^^^^^^^^^^^^^^^^^^^^^^^^^^^^^^^^^^^^^^^^^^^^^^^^^^^^^^^^^^^^^^
  File "/lustre09/project/6032307/arnauddr/MiniCPBP/server_mlm.py", line 147, in perplexity
    return {"perplexity": calculate_perplexity(sentence)}
                          ^^^^^^^^^^^^^^^^^^^^^^^^^^^^^^
  File "/lustre09/project/6032307/arnauddr/MiniCPBP/server_mlm.py", line 134, in calculate_perplexity
    with mutex:
TypeError: 'Lock' object does not support the context manager protocol
127.0.0.1 - - [30/Nov/2025 21:53:39] "[35m[1mPOST /perplexity HTTP/1.1[0m" 500 -
[2025-11-30 21:53:39,563] ERROR in app: Exception on /perplexity [POST]
Traceback (most recent call last):
  File "/lustre09/project/6032307/arnauddr/MiniCPBP/venv/lib/python3.11/site-packages/flask/app.py", line 1511, in wsgi_app
    response = self.full_dispatch_request()
               ^^^^^^^^^^^^^^^^^^^^^^^^^^^^
  File "/lustre09/project/6032307/arnauddr/MiniCPBP/venv/lib/python3.11/site-packages/flask/app.py", line 919, in full_dispatch_request
    rv = self.handle_user_exception(e)
         ^^^^^^^^^^^^^^^^^^^^^^^^^^^^^
  File "/lustre09/project/6032307/arnauddr/MiniCPBP/venv/lib/python3.11/site-packages/flask/app.py", line 917, in full_dispatch_request
    rv = self.dispatch_request()
         ^^^^^^^^^^^^^^^^^^^^^^^
  File "/lustre09/project/6032307/arnauddr/MiniCPBP/venv/lib/python3.11/site-packages/flask/app.py", line 902, in dispatch_request
    return self.ensure_sync(self.view_functions[rule.endpoint])(**view_args)  # type: ignore[no-any-return]
           ^^^^^^^^^^^^^^^^^^^^^^^^^^^^^^^^^^^^^^^^^^^^^^^^^^^^^^^^^^^^^^^^^
  File "/lustre09/project/6032307/arnauddr/MiniCPBP/server_mlm.py", line 147, in perplexity
    return {"perplexity": calculate_perplexity(sentence)}
                          ^^^^^^^^^^^^^^^^^^^^^^^^^^^^^^
  File "/lustre09/project/6032307/arnauddr/MiniCPBP/server_mlm.py", line 134, in calculate_perplexity
    with mutex:
TypeError: 'Lock' object does not support the context manager protocol
127.0.0.1 - - [30/Nov/2025 21:53:39] "[35m[1mPOST /perplexity HTTP/1.1[0m" 500 -
[2025-11-30 21:53:39,599] ERROR in app: Exception on /perplexity [POST]
Traceback (most recent call last):
  File "/lustre09/project/6032307/arnauddr/MiniCPBP/venv/lib/python3.11/site-packages/flask/app.py", line 1511, in wsgi_app
    response = self.full_dispatch_request()
               ^^^^^^^^^^^^^^^^^^^^^^^^^^^^
  File "/lustre09/project/6032307/arnauddr/MiniCPBP/venv/lib/python3.11/site-packages/flask/app.py", line 919, in full_dispatch_request
    rv = self.handle_user_exception(e)
         ^^^^^^^^^^^^^^^^^^^^^^^^^^^^^
  File "/lustre09/project/6032307/arnauddr/MiniCPBP/venv/lib/python3.11/site-packages/flask/app.py", line 917, in full_dispatch_request
    rv = self.dispatch_request()
         ^^^^^^^^^^^^^^^^^^^^^^^
  File "/lustre09/project/6032307/arnauddr/MiniCPBP/venv/lib/python3.11/site-packages/flask/app.py", line 902, in dispatch_request
    return self.ensure_sync(self.view_functions[rule.endpoint])(**view_args)  # type: ignore[no-any-return]
           ^^^^^^^^^^^^^^^^^^^^^^^^^^^^^^^^^^^^^^^^^^^^^^^^^^^^^^^^^^^^^^^^^
  File "/lustre09/project/6032307/arnauddr/MiniCPBP/server_mlm.py", line 147, in perplexity
    return {"perplexity": calculate_perplexity(sentence)}
                          ^^^^^^^^^^^^^^^^^^^^^^^^^^^^^^
  File "/lustre09/project/6032307/arnauddr/MiniCPBP/server_mlm.py", line 134, in calculate_perplexity
    with mutex:
TypeError: 'Lock' object does not support the context manager protocol
127.0.0.1 - - [30/Nov/2025 21:53:39] "[35m[1mPOST /perplexity HTTP/1.1[0m" 500 -
[2025-11-30 21:53:39,791] ERROR in app: Exception on /perplexity [POST]
Traceback (most recent call last):
  File "/lustre09/project/6032307/arnauddr/MiniCPBP/venv/lib/python3.11/site-packages/flask/app.py", line 1511, in wsgi_app
    response = self.full_dispatch_request()
               ^^^^^^^^^^^^^^^^^^^^^^^^^^^^
  File "/lustre09/project/6032307/arnauddr/MiniCPBP/venv/lib/python3.11/site-packages/flask/app.py", line 919, in full_dispatch_request
    rv = self.handle_user_exception(e)
         ^^^^^^^^^^^^^^^^^^^^^^^^^^^^^
  File "/lustre09/project/6032307/arnauddr/MiniCPBP/venv/lib/python3.11/site-packages/flask/app.py", line 917, in full_dispatch_request
    rv = self.dispatch_request()
         ^^^^^^^^^^^^^^^^^^^^^^^
  File "/lustre09/project/6032307/arnauddr/MiniCPBP/venv/lib/python3.11/site-packages/flask/app.py", line 902, in dispatch_request
    return self.ensure_sync(self.view_functions[rule.endpoint])(**view_args)  # type: ignore[no-any-return]
           ^^^^^^^^^^^^^^^^^^^^^^^^^^^^^^^^^^^^^^^^^^^^^^^^^^^^^^^^^^^^^^^^^
  File "/lustre09/project/6032307/arnauddr/MiniCPBP/server_mlm.py", line 147, in perplexity
    return {"perplexity": calculate_perplexity(sentence)}
                          ^^^^^^^^^^^^^^^^^^^^^^^^^^^^^^
  File "/lustre09/project/6032307/arnauddr/MiniCPBP/server_mlm.py", line 134, in calculate_perplexity
    with mutex:
TypeError: 'Lock' object does not support the context manager protocol
127.0.0.1 - - [30/Nov/2025 21:53:39] "[35m[1mPOST /perplexity HTTP/1.1[0m" 500 -
[2025-11-30 21:53:39,886] ERROR in app: Exception on /perplexity [POST]
Traceback (most recent call last):
  File "/lustre09/project/6032307/arnauddr/MiniCPBP/venv/lib/python3.11/site-packages/flask/app.py", line 1511, in wsgi_app
    response = self.full_dispatch_request()
               ^^^^^^^^^^^^^^^^^^^^^^^^^^^^
  File "/lustre09/project/6032307/arnauddr/MiniCPBP/venv/lib/python3.11/site-packages/flask/app.py", line 919, in full_dispatch_request
    rv = self.handle_user_exception(e)
         ^^^^^^^^^^^^^^^^^^^^^^^^^^^^^
  File "/lustre09/project/6032307/arnauddr/MiniCPBP/venv/lib/python3.11/site-packages/flask/app.py", line 917, in full_dispatch_request
    rv = self.dispatch_request()
         ^^^^^^^^^^^^^^^^^^^^^^^
  File "/lustre09/project/6032307/arnauddr/MiniCPBP/venv/lib/python3.11/site-packages/flask/app.py", line 902, in dispatch_request
    return self.ensure_sync(self.view_functions[rule.endpoint])(**view_args)  # type: ignore[no-any-return]
           ^^^^^^^^^^^^^^^^^^^^^^^^^^^^^^^^^^^^^^^^^^^^^^^^^^^^^^^^^^^^^^^^^
  File "/lustre09/project/6032307/arnauddr/MiniCPBP/server_mlm.py", line 147, in perplexity
    return {"perplexity": calculate_perplexity(sentence)}
                          ^^^^^^^^^^^^^^^^^^^^^^^^^^^^^^
  File "/lustre09/project/6032307/arnauddr/MiniCPBP/server_mlm.py", line 134, in calculate_perplexity
    with mutex:
TypeError: 'Lock' object does not support the context manager protocol
127.0.0.1 - - [30/Nov/2025 21:53:39] "[35m[1mPOST /perplexity HTTP/1.1[0m" 500 -
[2025-11-30 21:53:40,107] ERROR in app: Exception on /perplexity [POST]
Traceback (most recent call last):
  File "/lustre09/project/6032307/arnauddr/MiniCPBP/venv/lib/python3.11/site-packages/flask/app.py", line 1511, in wsgi_app
    response = self.full_dispatch_request()
               ^^^^^^^^^^^^^^^^^^^^^^^^^^^^
  File "/lustre09/project/6032307/arnauddr/MiniCPBP/venv/lib/python3.11/site-packages/flask/app.py", line 919, in full_dispatch_request
    rv = self.handle_user_exception(e)
         ^^^^^^^^^^^^^^^^^^^^^^^^^^^^^
  File "/lustre09/project/6032307/arnauddr/MiniCPBP/venv/lib/python3.11/site-packages/flask/app.py", line 917, in full_dispatch_request
    rv = self.dispatch_request()
         ^^^^^^^^^^^^^^^^^^^^^^^
  File "/lustre09/project/6032307/arnauddr/MiniCPBP/venv/lib/python3.11/site-packages/flask/app.py", line 902, in dispatch_request
    return self.ensure_sync(self.view_functions[rule.endpoint])(**view_args)  # type: ignore[no-any-return]
           ^^^^^^^^^^^^^^^^^^^^^^^^^^^^^^^^^^^^^^^^^^^^^^^^^^^^^^^^^^^^^^^^^
  File "/lustre09/project/6032307/arnauddr/MiniCPBP/server_mlm.py", line 147, in perplexity
    return {"perplexity": calculate_perplexity(sentence)}
                          ^^^^^^^^^^^^^^^^^^^^^^^^^^^^^^
  File "/lustre09/project/6032307/arnauddr/MiniCPBP/server_mlm.py", line 134, in calculate_perplexity
    with mutex:
TypeError: 'Lock' object does not support the context manager protocol
127.0.0.1 - - [30/Nov/2025 21:53:40] "[35m[1mPOST /perplexity HTTP/1.1[0m" 500 -
[2025-11-30 21:53:40,283] ERROR in app: Exception on /perplexity [POST]
Traceback (most recent call last):
  File "/lustre09/project/6032307/arnauddr/MiniCPBP/venv/lib/python3.11/site-packages/flask/app.py", line 1511, in wsgi_app
    response = self.full_dispatch_request()
               ^^^^^^^^^^^^^^^^^^^^^^^^^^^^
  File "/lustre09/project/6032307/arnauddr/MiniCPBP/venv/lib/python3.11/site-packages/flask/app.py", line 919, in full_dispatch_request
    rv = self.handle_user_exception(e)
         ^^^^^^^^^^^^^^^^^^^^^^^^^^^^^
  File "/lustre09/project/6032307/arnauddr/MiniCPBP/venv/lib/python3.11/site-packages/flask/app.py", line 917, in full_dispatch_request
    rv = self.dispatch_request()
         ^^^^^^^^^^^^^^^^^^^^^^^
  File "/lustre09/project/6032307/arnauddr/MiniCPBP/venv/lib/python3.11/site-packages/flask/app.py", line 902, in dispatch_request
    return self.ensure_sync(self.view_functions[rule.endpoint])(**view_args)  # type: ignore[no-any-return]
           ^^^^^^^^^^^^^^^^^^^^^^^^^^^^^^^^^^^^^^^^^^^^^^^^^^^^^^^^^^^^^^^^^
  File "/lustre09/project/6032307/arnauddr/MiniCPBP/server_mlm.py", line 147, in perplexity
    return {"perplexity": calculate_perplexity(sentence)}
                          ^^^^^^^^^^^^^^^^^^^^^^^^^^^^^^
  File "/lustre09/project/6032307/arnauddr/MiniCPBP/server_mlm.py", line 134, in calculate_perplexity
    with mutex:
TypeError: 'Lock' object does not support the context manager protocol
127.0.0.1 - - [30/Nov/2025 21:53:40] "[35m[1mPOST /perplexity HTTP/1.1[0m" 500 -
[2025-11-30 21:53:40,547] ERROR in app: Exception on /perplexity [POST]
Traceback (most recent call last):
  File "/lustre09/project/6032307/arnauddr/MiniCPBP/venv/lib/python3.11/site-packages/flask/app.py", line 1511, in wsgi_app
    response = self.full_dispatch_request()
               ^^^^^^^^^^^^^^^^^^^^^^^^^^^^
  File "/lustre09/project/6032307/arnauddr/MiniCPBP/venv/lib/python3.11/site-packages/flask/app.py", line 919, in full_dispatch_request
    rv = self.handle_user_exception(e)
         ^^^^^^^^^^^^^^^^^^^^^^^^^^^^^
  File "/lustre09/project/6032307/arnauddr/MiniCPBP/venv/lib/python3.11/site-packages/flask/app.py", line 917, in full_dispatch_request
    rv = self.dispatch_request()
         ^^^^^^^^^^^^^^^^^^^^^^^
  File "/lustre09/project/6032307/arnauddr/MiniCPBP/venv/lib/python3.11/site-packages/flask/app.py", line 902, in dispatch_request
    return self.ensure_sync(self.view_functions[rule.endpoint])(**view_args)  # type: ignore[no-any-return]
           ^^^^^^^^^^^^^^^^^^^^^^^^^^^^^^^^^^^^^^^^^^^^^^^^^^^^^^^^^^^^^^^^^
  File "/lustre09/project/6032307/arnauddr/MiniCPBP/server_mlm.py", line 147, in perplexity
    return {"perplexity": calculate_perplexity(sentence)}
                          ^^^^^^^^^^^^^^^^^^^^^^^^^^^^^^
  File "/lustre09/project/6032307/arnauddr/MiniCPBP/server_mlm.py", line 134, in calculate_perplexity
    with mutex:
TypeError: 'Lock' object does not support the context manager protocol
127.0.0.1 - - [30/Nov/2025 21:53:40] "[35m[1mPOST /perplexity HTTP/1.1[0m" 500 -
[2025-11-30 21:53:40,762] ERROR in app: Exception on /perplexity [POST]
Traceback (most recent call last):
  File "/lustre09/project/6032307/arnauddr/MiniCPBP/venv/lib/python3.11/site-packages/flask/app.py", line 1511, in wsgi_app
    response = self.full_dispatch_request()
               ^^^^^^^^^^^^^^^^^^^^^^^^^^^^
  File "/lustre09/project/6032307/arnauddr/MiniCPBP/venv/lib/python3.11/site-packages/flask/app.py", line 919, in full_dispatch_request
    rv = self.handle_user_exception(e)
         ^^^^^^^^^^^^^^^^^^^^^^^^^^^^^
  File "/lustre09/project/6032307/arnauddr/MiniCPBP/venv/lib/python3.11/site-packages/flask/app.py", line 917, in full_dispatch_request
    rv = self.dispatch_request()
         ^^^^^^^^^^^^^^^^^^^^^^^
  File "/lustre09/project/6032307/arnauddr/MiniCPBP/venv/lib/python3.11/site-packages/flask/app.py", line 902, in dispatch_request
    return self.ensure_sync(self.view_functions[rule.endpoint])(**view_args)  # type: ignore[no-any-return]
           ^^^^^^^^^^^^^^^^^^^^^^^^^^^^^^^^^^^^^^^^^^^^^^^^^^^^^^^^^^^^^^^^^
  File "/lustre09/project/6032307/arnauddr/MiniCPBP/server_mlm.py", line 147, in perplexity
    return {"perplexity": calculate_perplexity(sentence)}
                          ^^^^^^^^^^^^^^^^^^^^^^^^^^^^^^
  File "/lustre09/project/6032307/arnauddr/MiniCPBP/server_mlm.py", line 134, in calculate_perplexity
    with mutex:
TypeError: 'Lock' object does not support the context manager protocol
127.0.0.1 - - [30/Nov/2025 21:53:40] "[35m[1mPOST /perplexity HTTP/1.1[0m" 500 -
[2025-11-30 21:53:40,988] ERROR in app: Exception on /perplexity [POST]
Traceback (most recent call last):
  File "/lustre09/project/6032307/arnauddr/MiniCPBP/venv/lib/python3.11/site-packages/flask/app.py", line 1511, in wsgi_app
    response = self.full_dispatch_request()
               ^^^^^^^^^^^^^^^^^^^^^^^^^^^^
  File "/lustre09/project/6032307/arnauddr/MiniCPBP/venv/lib/python3.11/site-packages/flask/app.py", line 919, in full_dispatch_request
    rv = self.handle_user_exception(e)
         ^^^^^^^^^^^^^^^^^^^^^^^^^^^^^
  File "/lustre09/project/6032307/arnauddr/MiniCPBP/venv/lib/python3.11/site-packages/flask/app.py", line 917, in full_dispatch_request
    rv = self.dispatch_request()
         ^^^^^^^^^^^^^^^^^^^^^^^
  File "/lustre09/project/6032307/arnauddr/MiniCPBP/venv/lib/python3.11/site-packages/flask/app.py", line 902, in dispatch_request
    return self.ensure_sync(self.view_functions[rule.endpoint])(**view_args)  # type: ignore[no-any-return]
           ^^^^^^^^^^^^^^^^^^^^^^^^^^^^^^^^^^^^^^^^^^^^^^^^^^^^^^^^^^^^^^^^^
  File "/lustre09/project/6032307/arnauddr/MiniCPBP/server_mlm.py", line 147, in perplexity
    return {"perplexity": calculate_perplexity(sentence)}
                          ^^^^^^^^^^^^^^^^^^^^^^^^^^^^^^
  File "/lustre09/project/6032307/arnauddr/MiniCPBP/server_mlm.py", line 134, in calculate_perplexity
    with mutex:
TypeError: 'Lock' object does not support the context manager protocol
127.0.0.1 - - [30/Nov/2025 21:53:40] "[35m[1mPOST /perplexity HTTP/1.1[0m" 500 -
[2025-11-30 21:53:41,230] ERROR in app: Exception on /perplexity [POST]
Traceback (most recent call last):
  File "/lustre09/project/6032307/arnauddr/MiniCPBP/venv/lib/python3.11/site-packages/flask/app.py", line 1511, in wsgi_app
    response = self.full_dispatch_request()
               ^^^^^^^^^^^^^^^^^^^^^^^^^^^^
  File "/lustre09/project/6032307/arnauddr/MiniCPBP/venv/lib/python3.11/site-packages/flask/app.py", line 919, in full_dispatch_request
    rv = self.handle_user_exception(e)
         ^^^^^^^^^^^^^^^^^^^^^^^^^^^^^
  File "/lustre09/project/6032307/arnauddr/MiniCPBP/venv/lib/python3.11/site-packages/flask/app.py", line 917, in full_dispatch_request
    rv = self.dispatch_request()
         ^^^^^^^^^^^^^^^^^^^^^^^
  File "/lustre09/project/6032307/arnauddr/MiniCPBP/venv/lib/python3.11/site-packages/flask/app.py", line 902, in dispatch_request
    return self.ensure_sync(self.view_functions[rule.endpoint])(**view_args)  # type: ignore[no-any-return]
           ^^^^^^^^^^^^^^^^^^^^^^^^^^^^^^^^^^^^^^^^^^^^^^^^^^^^^^^^^^^^^^^^^
  File "/lustre09/project/6032307/arnauddr/MiniCPBP/server_mlm.py", line 147, in perplexity
    return {"perplexity": calculate_perplexity(sentence)}
                          ^^^^^^^^^^^^^^^^^^^^^^^^^^^^^^
  File "/lustre09/project/6032307/arnauddr/MiniCPBP/server_mlm.py", line 134, in calculate_perplexity
    with mutex:
TypeError: 'Lock' object does not support the context manager protocol
127.0.0.1 - - [30/Nov/2025 21:53:41] "[35m[1mPOST /perplexity HTTP/1.1[0m" 500 -
[2025-11-30 21:53:41,460] ERROR in app: Exception on /perplexity [POST]
Traceback (most recent call last):
  File "/lustre09/project/6032307/arnauddr/MiniCPBP/venv/lib/python3.11/site-packages/flask/app.py", line 1511, in wsgi_app
    response = self.full_dispatch_request()
               ^^^^^^^^^^^^^^^^^^^^^^^^^^^^
  File "/lustre09/project/6032307/arnauddr/MiniCPBP/venv/lib/python3.11/site-packages/flask/app.py", line 919, in full_dispatch_request
    rv = self.handle_user_exception(e)
         ^^^^^^^^^^^^^^^^^^^^^^^^^^^^^
  File "/lustre09/project/6032307/arnauddr/MiniCPBP/venv/lib/python3.11/site-packages/flask/app.py", line 917, in full_dispatch_request
    rv = self.dispatch_request()
         ^^^^^^^^^^^^^^^^^^^^^^^
  File "/lustre09/project/6032307/arnauddr/MiniCPBP/venv/lib/python3.11/site-packages/flask/app.py", line 902, in dispatch_request
    return self.ensure_sync(self.view_functions[rule.endpoint])(**view_args)  # type: ignore[no-any-return]
           ^^^^^^^^^^^^^^^^^^^^^^^^^^^^^^^^^^^^^^^^^^^^^^^^^^^^^^^^^^^^^^^^^
  File "/lustre09/project/6032307/arnauddr/MiniCPBP/server_mlm.py", line 147, in perplexity
    return {"perplexity": calculate_perplexity(sentence)}
                          ^^^^^^^^^^^^^^^^^^^^^^^^^^^^^^
  File "/lustre09/project/6032307/arnauddr/MiniCPBP/server_mlm.py", line 134, in calculate_perplexity
    with mutex:
TypeError: 'Lock' object does not support the context manager protocol
127.0.0.1 - - [30/Nov/2025 21:53:41] "[35m[1mPOST /perplexity HTTP/1.1[0m" 500 -
[2025-11-30 21:53:41,687] ERROR in app: Exception on /perplexity [POST]
Traceback (most recent call last):
  File "/lustre09/project/6032307/arnauddr/MiniCPBP/venv/lib/python3.11/site-packages/flask/app.py", line 1511, in wsgi_app
    response = self.full_dispatch_request()
               ^^^^^^^^^^^^^^^^^^^^^^^^^^^^
  File "/lustre09/project/6032307/arnauddr/MiniCPBP/venv/lib/python3.11/site-packages/flask/app.py", line 919, in full_dispatch_request
    rv = self.handle_user_exception(e)
         ^^^^^^^^^^^^^^^^^^^^^^^^^^^^^
  File "/lustre09/project/6032307/arnauddr/MiniCPBP/venv/lib/python3.11/site-packages/flask/app.py", line 917, in full_dispatch_request
    rv = self.dispatch_request()
         ^^^^^^^^^^^^^^^^^^^^^^^
  File "/lustre09/project/6032307/arnauddr/MiniCPBP/venv/lib/python3.11/site-packages/flask/app.py", line 902, in dispatch_request
    return self.ensure_sync(self.view_functions[rule.endpoint])(**view_args)  # type: ignore[no-any-return]
           ^^^^^^^^^^^^^^^^^^^^^^^^^^^^^^^^^^^^^^^^^^^^^^^^^^^^^^^^^^^^^^^^^
  File "/lustre09/project/6032307/arnauddr/MiniCPBP/server_mlm.py", line 147, in perplexity
    return {"perplexity": calculate_perplexity(sentence)}
                          ^^^^^^^^^^^^^^^^^^^^^^^^^^^^^^
  File "/lustre09/project/6032307/arnauddr/MiniCPBP/server_mlm.py", line 134, in calculate_perplexity
    with mutex:
TypeError: 'Lock' object does not support the context manager protocol
127.0.0.1 - - [30/Nov/2025 21:53:41] "[35m[1mPOST /perplexity HTTP/1.1[0m" 500 -
[2025-11-30 21:53:41,959] ERROR in app: Exception on /perplexity [POST]
Traceback (most recent call last):
  File "/lustre09/project/6032307/arnauddr/MiniCPBP/venv/lib/python3.11/site-packages/flask/app.py", line 1511, in wsgi_app
    response = self.full_dispatch_request()
               ^^^^^^^^^^^^^^^^^^^^^^^^^^^^
  File "/lustre09/project/6032307/arnauddr/MiniCPBP/venv/lib/python3.11/site-packages/flask/app.py", line 919, in full_dispatch_request
    rv = self.handle_user_exception(e)
         ^^^^^^^^^^^^^^^^^^^^^^^^^^^^^
  File "/lustre09/project/6032307/arnauddr/MiniCPBP/venv/lib/python3.11/site-packages/flask/app.py", line 917, in full_dispatch_request
    rv = self.dispatch_request()
         ^^^^^^^^^^^^^^^^^^^^^^^
  File "/lustre09/project/6032307/arnauddr/MiniCPBP/venv/lib/python3.11/site-packages/flask/app.py", line 902, in dispatch_request
    return self.ensure_sync(self.view_functions[rule.endpoint])(**view_args)  # type: ignore[no-any-return]
           ^^^^^^^^^^^^^^^^^^^^^^^^^^^^^^^^^^^^^^^^^^^^^^^^^^^^^^^^^^^^^^^^^
  File "/lustre09/project/6032307/arnauddr/MiniCPBP/server_mlm.py", line 147, in perplexity
    return {"perplexity": calculate_perplexity(sentence)}
                          ^^^^^^^^^^^^^^^^^^^^^^^^^^^^^^
  File "/lustre09/project/6032307/arnauddr/MiniCPBP/server_mlm.py", line 134, in calculate_perplexity
    with mutex:
TypeError: 'Lock' object does not support the context manager protocol
127.0.0.1 - - [30/Nov/2025 21:53:41] "[35m[1mPOST /perplexity HTTP/1.1[0m" 500 -
[2025-11-30 21:53:42,278] ERROR in app: Exception on /perplexity [POST]
Traceback (most recent call last):
  File "/lustre09/project/6032307/arnauddr/MiniCPBP/venv/lib/python3.11/site-packages/flask/app.py", line 1511, in wsgi_app
    response = self.full_dispatch_request()
               ^^^^^^^^^^^^^^^^^^^^^^^^^^^^
  File "/lustre09/project/6032307/arnauddr/MiniCPBP/venv/lib/python3.11/site-packages/flask/app.py", line 919, in full_dispatch_request
    rv = self.handle_user_exception(e)
         ^^^^^^^^^^^^^^^^^^^^^^^^^^^^^
  File "/lustre09/project/6032307/arnauddr/MiniCPBP/venv/lib/python3.11/site-packages/flask/app.py", line 917, in full_dispatch_request
    rv = self.dispatch_request()
         ^^^^^^^^^^^^^^^^^^^^^^^
  File "/lustre09/project/6032307/arnauddr/MiniCPBP/venv/lib/python3.11/site-packages/flask/app.py", line 902, in dispatch_request
    return self.ensure_sync(self.view_functions[rule.endpoint])(**view_args)  # type: ignore[no-any-return]
           ^^^^^^^^^^^^^^^^^^^^^^^^^^^^^^^^^^^^^^^^^^^^^^^^^^^^^^^^^^^^^^^^^
  File "/lustre09/project/6032307/arnauddr/MiniCPBP/server_mlm.py", line 147, in perplexity
    return {"perplexity": calculate_perplexity(sentence)}
                          ^^^^^^^^^^^^^^^^^^^^^^^^^^^^^^
  File "/lustre09/project/6032307/arnauddr/MiniCPBP/server_mlm.py", line 134, in calculate_perplexity
    with mutex:
TypeError: 'Lock' object does not support the context manager protocol
127.0.0.1 - - [30/Nov/2025 21:53:42] "[35m[1mPOST /perplexity HTTP/1.1[0m" 500 -
[2025-11-30 21:53:42,623] ERROR in app: Exception on /perplexity [POST]
Traceback (most recent call last):
  File "/lustre09/project/6032307/arnauddr/MiniCPBP/venv/lib/python3.11/site-packages/flask/app.py", line 1511, in wsgi_app
    response = self.full_dispatch_request()
               ^^^^^^^^^^^^^^^^^^^^^^^^^^^^
  File "/lustre09/project/6032307/arnauddr/MiniCPBP/venv/lib/python3.11/site-packages/flask/app.py", line 919, in full_dispatch_request
    rv = self.handle_user_exception(e)
         ^^^^^^^^^^^^^^^^^^^^^^^^^^^^^
  File "/lustre09/project/6032307/arnauddr/MiniCPBP/venv/lib/python3.11/site-packages/flask/app.py", line 917, in full_dispatch_request
    rv = self.dispatch_request()
         ^^^^^^^^^^^^^^^^^^^^^^^
  File "/lustre09/project/6032307/arnauddr/MiniCPBP/venv/lib/python3.11/site-packages/flask/app.py", line 902, in dispatch_request
    return self.ensure_sync(self.view_functions[rule.endpoint])(**view_args)  # type: ignore[no-any-return]
           ^^^^^^^^^^^^^^^^^^^^^^^^^^^^^^^^^^^^^^^^^^^^^^^^^^^^^^^^^^^^^^^^^
  File "/lustre09/project/6032307/arnauddr/MiniCPBP/server_mlm.py", line 147, in perplexity
    return {"perplexity": calculate_perplexity(sentence)}
                          ^^^^^^^^^^^^^^^^^^^^^^^^^^^^^^
  File "/lustre09/project/6032307/arnauddr/MiniCPBP/server_mlm.py", line 134, in calculate_perplexity
    with mutex:
TypeError: 'Lock' object does not support the context manager protocol
127.0.0.1 - - [30/Nov/2025 21:53:42] "[35m[1mPOST /perplexity HTTP/1.1[0m" 500 -
[2025-11-30 21:53:42,963] ERROR in app: Exception on /perplexity [POST]
Traceback (most recent call last):
  File "/lustre09/project/6032307/arnauddr/MiniCPBP/venv/lib/python3.11/site-packages/flask/app.py", line 1511, in wsgi_app
    response = self.full_dispatch_request()
               ^^^^^^^^^^^^^^^^^^^^^^^^^^^^
  File "/lustre09/project/6032307/arnauddr/MiniCPBP/venv/lib/python3.11/site-packages/flask/app.py", line 919, in full_dispatch_request
    rv = self.handle_user_exception(e)
         ^^^^^^^^^^^^^^^^^^^^^^^^^^^^^
  File "/lustre09/project/6032307/arnauddr/MiniCPBP/venv/lib/python3.11/site-packages/flask/app.py", line 917, in full_dispatch_request
    rv = self.dispatch_request()
         ^^^^^^^^^^^^^^^^^^^^^^^
  File "/lustre09/project/6032307/arnauddr/MiniCPBP/venv/lib/python3.11/site-packages/flask/app.py", line 902, in dispatch_request
    return self.ensure_sync(self.view_functions[rule.endpoint])(**view_args)  # type: ignore[no-any-return]
           ^^^^^^^^^^^^^^^^^^^^^^^^^^^^^^^^^^^^^^^^^^^^^^^^^^^^^^^^^^^^^^^^^
  File "/lustre09/project/6032307/arnauddr/MiniCPBP/server_mlm.py", line 147, in perplexity
    return {"perplexity": calculate_perplexity(sentence)}
                          ^^^^^^^^^^^^^^^^^^^^^^^^^^^^^^
  File "/lustre09/project/6032307/arnauddr/MiniCPBP/server_mlm.py", line 134, in calculate_perplexity
    with mutex:
TypeError: 'Lock' object does not support the context manager protocol
127.0.0.1 - - [30/Nov/2025 21:53:42] "[35m[1mPOST /perplexity HTTP/1.1[0m" 500 -
[2025-11-30 21:53:43,165] ERROR in app: Exception on /perplexity [POST]
Traceback (most recent call last):
  File "/lustre09/project/6032307/arnauddr/MiniCPBP/venv/lib/python3.11/site-packages/flask/app.py", line 1511, in wsgi_app
    response = self.full_dispatch_request()
               ^^^^^^^^^^^^^^^^^^^^^^^^^^^^
  File "/lustre09/project/6032307/arnauddr/MiniCPBP/venv/lib/python3.11/site-packages/flask/app.py", line 919, in full_dispatch_request
    rv = self.handle_user_exception(e)
         ^^^^^^^^^^^^^^^^^^^^^^^^^^^^^
  File "/lustre09/project/6032307/arnauddr/MiniCPBP/venv/lib/python3.11/site-packages/flask/app.py", line 917, in full_dispatch_request
    rv = self.dispatch_request()
         ^^^^^^^^^^^^^^^^^^^^^^^
  File "/lustre09/project/6032307/arnauddr/MiniCPBP/venv/lib/python3.11/site-packages/flask/app.py", line 902, in dispatch_request
    return self.ensure_sync(self.view_functions[rule.endpoint])(**view_args)  # type: ignore[no-any-return]
           ^^^^^^^^^^^^^^^^^^^^^^^^^^^^^^^^^^^^^^^^^^^^^^^^^^^^^^^^^^^^^^^^^
  File "/lustre09/project/6032307/arnauddr/MiniCPBP/server_mlm.py", line 147, in perplexity
    return {"perplexity": calculate_perplexity(sentence)}
                          ^^^^^^^^^^^^^^^^^^^^^^^^^^^^^^
  File "/lustre09/project/6032307/arnauddr/MiniCPBP/server_mlm.py", line 134, in calculate_perplexity
    with mutex:
TypeError: 'Lock' object does not support the context manager protocol
127.0.0.1 - - [30/Nov/2025 21:53:43] "[35m[1mPOST /perplexity HTTP/1.1[0m" 500 -
[2025-11-30 21:53:43,402] ERROR in app: Exception on /perplexity [POST]
Traceback (most recent call last):
  File "/lustre09/project/6032307/arnauddr/MiniCPBP/venv/lib/python3.11/site-packages/flask/app.py", line 1511, in wsgi_app
    response = self.full_dispatch_request()
               ^^^^^^^^^^^^^^^^^^^^^^^^^^^^
  File "/lustre09/project/6032307/arnauddr/MiniCPBP/venv/lib/python3.11/site-packages/flask/app.py", line 919, in full_dispatch_request
    rv = self.handle_user_exception(e)
         ^^^^^^^^^^^^^^^^^^^^^^^^^^^^^
  File "/lustre09/project/6032307/arnauddr/MiniCPBP/venv/lib/python3.11/site-packages/flask/app.py", line 917, in full_dispatch_request
    rv = self.dispatch_request()
         ^^^^^^^^^^^^^^^^^^^^^^^
  File "/lustre09/project/6032307/arnauddr/MiniCPBP/venv/lib/python3.11/site-packages/flask/app.py", line 902, in dispatch_request
    return self.ensure_sync(self.view_functions[rule.endpoint])(**view_args)  # type: ignore[no-any-return]
           ^^^^^^^^^^^^^^^^^^^^^^^^^^^^^^^^^^^^^^^^^^^^^^^^^^^^^^^^^^^^^^^^^
  File "/lustre09/project/6032307/arnauddr/MiniCPBP/server_mlm.py", line 147, in perplexity
    return {"perplexity": calculate_perplexity(sentence)}
                          ^^^^^^^^^^^^^^^^^^^^^^^^^^^^^^
  File "/lustre09/project/6032307/arnauddr/MiniCPBP/server_mlm.py", line 134, in calculate_perplexity
    with mutex:
TypeError: 'Lock' object does not support the context manager protocol
127.0.0.1 - - [30/Nov/2025 21:53:43] "[35m[1mPOST /perplexity HTTP/1.1[0m" 500 -
[2025-11-30 21:53:43,666] ERROR in app: Exception on /perplexity [POST]
Traceback (most recent call last):
  File "/lustre09/project/6032307/arnauddr/MiniCPBP/venv/lib/python3.11/site-packages/flask/app.py", line 1511, in wsgi_app
    response = self.full_dispatch_request()
               ^^^^^^^^^^^^^^^^^^^^^^^^^^^^
  File "/lustre09/project/6032307/arnauddr/MiniCPBP/venv/lib/python3.11/site-packages/flask/app.py", line 919, in full_dispatch_request
    rv = self.handle_user_exception(e)
         ^^^^^^^^^^^^^^^^^^^^^^^^^^^^^
  File "/lustre09/project/6032307/arnauddr/MiniCPBP/venv/lib/python3.11/site-packages/flask/app.py", line 917, in full_dispatch_request
    rv = self.dispatch_request()
         ^^^^^^^^^^^^^^^^^^^^^^^
  File "/lustre09/project/6032307/arnauddr/MiniCPBP/venv/lib/python3.11/site-packages/flask/app.py", line 902, in dispatch_request
    return self.ensure_sync(self.view_functions[rule.endpoint])(**view_args)  # type: ignore[no-any-return]
           ^^^^^^^^^^^^^^^^^^^^^^^^^^^^^^^^^^^^^^^^^^^^^^^^^^^^^^^^^^^^^^^^^
  File "/lustre09/project/6032307/arnauddr/MiniCPBP/server_mlm.py", line 147, in perplexity
    return {"perplexity": calculate_perplexity(sentence)}
                          ^^^^^^^^^^^^^^^^^^^^^^^^^^^^^^
  File "/lustre09/project/6032307/arnauddr/MiniCPBP/server_mlm.py", line 134, in calculate_perplexity
    with mutex:
TypeError: 'Lock' object does not support the context manager protocol
127.0.0.1 - - [30/Nov/2025 21:53:43] "[35m[1mPOST /perplexity HTTP/1.1[0m" 500 -
[2025-11-30 21:53:43,903] ERROR in app: Exception on /perplexity [POST]
Traceback (most recent call last):
  File "/lustre09/project/6032307/arnauddr/MiniCPBP/venv/lib/python3.11/site-packages/flask/app.py", line 1511, in wsgi_app
    response = self.full_dispatch_request()
               ^^^^^^^^^^^^^^^^^^^^^^^^^^^^
  File "/lustre09/project/6032307/arnauddr/MiniCPBP/venv/lib/python3.11/site-packages/flask/app.py", line 919, in full_dispatch_request
    rv = self.handle_user_exception(e)
         ^^^^^^^^^^^^^^^^^^^^^^^^^^^^^
  File "/lustre09/project/6032307/arnauddr/MiniCPBP/venv/lib/python3.11/site-packages/flask/app.py", line 917, in full_dispatch_request
    rv = self.dispatch_request()
         ^^^^^^^^^^^^^^^^^^^^^^^
  File "/lustre09/project/6032307/arnauddr/MiniCPBP/venv/lib/python3.11/site-packages/flask/app.py", line 902, in dispatch_request
    return self.ensure_sync(self.view_functions[rule.endpoint])(**view_args)  # type: ignore[no-any-return]
           ^^^^^^^^^^^^^^^^^^^^^^^^^^^^^^^^^^^^^^^^^^^^^^^^^^^^^^^^^^^^^^^^^
  File "/lustre09/project/6032307/arnauddr/MiniCPBP/server_mlm.py", line 147, in perplexity
    return {"perplexity": calculate_perplexity(sentence)}
                          ^^^^^^^^^^^^^^^^^^^^^^^^^^^^^^
  File "/lustre09/project/6032307/arnauddr/MiniCPBP/server_mlm.py", line 134, in calculate_perplexity
    with mutex:
TypeError: 'Lock' object does not support the context manager protocol
127.0.0.1 - - [30/Nov/2025 21:53:43] "[35m[1mPOST /perplexity HTTP/1.1[0m" 500 -
[2025-11-30 21:53:44,203] ERROR in app: Exception on /perplexity [POST]
Traceback (most recent call last):
  File "/lustre09/project/6032307/arnauddr/MiniCPBP/venv/lib/python3.11/site-packages/flask/app.py", line 1511, in wsgi_app
    response = self.full_dispatch_request()
               ^^^^^^^^^^^^^^^^^^^^^^^^^^^^
  File "/lustre09/project/6032307/arnauddr/MiniCPBP/venv/lib/python3.11/site-packages/flask/app.py", line 919, in full_dispatch_request
    rv = self.handle_user_exception(e)
         ^^^^^^^^^^^^^^^^^^^^^^^^^^^^^
  File "/lustre09/project/6032307/arnauddr/MiniCPBP/venv/lib/python3.11/site-packages/flask/app.py", line 917, in full_dispatch_request
    rv = self.dispatch_request()
         ^^^^^^^^^^^^^^^^^^^^^^^
  File "/lustre09/project/6032307/arnauddr/MiniCPBP/venv/lib/python3.11/site-packages/flask/app.py", line 902, in dispatch_request
    return self.ensure_sync(self.view_functions[rule.endpoint])(**view_args)  # type: ignore[no-any-return]
           ^^^^^^^^^^^^^^^^^^^^^^^^^^^^^^^^^^^^^^^^^^^^^^^^^^^^^^^^^^^^^^^^^
  File "/lustre09/project/6032307/arnauddr/MiniCPBP/server_mlm.py", line 147, in perplexity
    return {"perplexity": calculate_perplexity(sentence)}
                          ^^^^^^^^^^^^^^^^^^^^^^^^^^^^^^
  File "/lustre09/project/6032307/arnauddr/MiniCPBP/server_mlm.py", line 134, in calculate_perplexity
    with mutex:
TypeError: 'Lock' object does not support the context manager protocol
127.0.0.1 - - [30/Nov/2025 21:53:44] "[35m[1mPOST /perplexity HTTP/1.1[0m" 500 -
[2025-11-30 21:53:44,496] ERROR in app: Exception on /perplexity [POST]
Traceback (most recent call last):
  File "/lustre09/project/6032307/arnauddr/MiniCPBP/venv/lib/python3.11/site-packages/flask/app.py", line 1511, in wsgi_app
    response = self.full_dispatch_request()
               ^^^^^^^^^^^^^^^^^^^^^^^^^^^^
  File "/lustre09/project/6032307/arnauddr/MiniCPBP/venv/lib/python3.11/site-packages/flask/app.py", line 919, in full_dispatch_request
    rv = self.handle_user_exception(e)
         ^^^^^^^^^^^^^^^^^^^^^^^^^^^^^
  File "/lustre09/project/6032307/arnauddr/MiniCPBP/venv/lib/python3.11/site-packages/flask/app.py", line 917, in full_dispatch_request
    rv = self.dispatch_request()
         ^^^^^^^^^^^^^^^^^^^^^^^
  File "/lustre09/project/6032307/arnauddr/MiniCPBP/venv/lib/python3.11/site-packages/flask/app.py", line 902, in dispatch_request
    return self.ensure_sync(self.view_functions[rule.endpoint])(**view_args)  # type: ignore[no-any-return]
           ^^^^^^^^^^^^^^^^^^^^^^^^^^^^^^^^^^^^^^^^^^^^^^^^^^^^^^^^^^^^^^^^^
  File "/lustre09/project/6032307/arnauddr/MiniCPBP/server_mlm.py", line 147, in perplexity
    return {"perplexity": calculate_perplexity(sentence)}
                          ^^^^^^^^^^^^^^^^^^^^^^^^^^^^^^
  File "/lustre09/project/6032307/arnauddr/MiniCPBP/server_mlm.py", line 134, in calculate_perplexity
    with mutex:
TypeError: 'Lock' object does not support the context manager protocol
127.0.0.1 - - [30/Nov/2025 21:53:44] "[35m[1mPOST /perplexity HTTP/1.1[0m" 500 -
[2025-11-30 21:53:44,729] ERROR in app: Exception on /perplexity [POST]
Traceback (most recent call last):
  File "/lustre09/project/6032307/arnauddr/MiniCPBP/venv/lib/python3.11/site-packages/flask/app.py", line 1511, in wsgi_app
    response = self.full_dispatch_request()
               ^^^^^^^^^^^^^^^^^^^^^^^^^^^^
  File "/lustre09/project/6032307/arnauddr/MiniCPBP/venv/lib/python3.11/site-packages/flask/app.py", line 919, in full_dispatch_request
    rv = self.handle_user_exception(e)
         ^^^^^^^^^^^^^^^^^^^^^^^^^^^^^
  File "/lustre09/project/6032307/arnauddr/MiniCPBP/venv/lib/python3.11/site-packages/flask/app.py", line 917, in full_dispatch_request
    rv = self.dispatch_request()
         ^^^^^^^^^^^^^^^^^^^^^^^
  File "/lustre09/project/6032307/arnauddr/MiniCPBP/venv/lib/python3.11/site-packages/flask/app.py", line 902, in dispatch_request
    return self.ensure_sync(self.view_functions[rule.endpoint])(**view_args)  # type: ignore[no-any-return]
           ^^^^^^^^^^^^^^^^^^^^^^^^^^^^^^^^^^^^^^^^^^^^^^^^^^^^^^^^^^^^^^^^^
  File "/lustre09/project/6032307/arnauddr/MiniCPBP/server_mlm.py", line 147, in perplexity
    return {"perplexity": calculate_perplexity(sentence)}
                          ^^^^^^^^^^^^^^^^^^^^^^^^^^^^^^
  File "/lustre09/project/6032307/arnauddr/MiniCPBP/server_mlm.py", line 134, in calculate_perplexity
    with mutex:
TypeError: 'Lock' object does not support the context manager protocol
127.0.0.1 - - [30/Nov/2025 21:53:44] "[35m[1mPOST /perplexity HTTP/1.1[0m" 500 -
[2025-11-30 21:53:45,041] ERROR in app: Exception on /perplexity [POST]
Traceback (most recent call last):
  File "/lustre09/project/6032307/arnauddr/MiniCPBP/venv/lib/python3.11/site-packages/flask/app.py", line 1511, in wsgi_app
    response = self.full_dispatch_request()
               ^^^^^^^^^^^^^^^^^^^^^^^^^^^^
  File "/lustre09/project/6032307/arnauddr/MiniCPBP/venv/lib/python3.11/site-packages/flask/app.py", line 919, in full_dispatch_request
    rv = self.handle_user_exception(e)
         ^^^^^^^^^^^^^^^^^^^^^^^^^^^^^
  File "/lustre09/project/6032307/arnauddr/MiniCPBP/venv/lib/python3.11/site-packages/flask/app.py", line 917, in full_dispatch_request
    rv = self.dispatch_request()
         ^^^^^^^^^^^^^^^^^^^^^^^
  File "/lustre09/project/6032307/arnauddr/MiniCPBP/venv/lib/python3.11/site-packages/flask/app.py", line 902, in dispatch_request
    return self.ensure_sync(self.view_functions[rule.endpoint])(**view_args)  # type: ignore[no-any-return]
           ^^^^^^^^^^^^^^^^^^^^^^^^^^^^^^^^^^^^^^^^^^^^^^^^^^^^^^^^^^^^^^^^^
  File "/lustre09/project/6032307/arnauddr/MiniCPBP/server_mlm.py", line 147, in perplexity
    return {"perplexity": calculate_perplexity(sentence)}
                          ^^^^^^^^^^^^^^^^^^^^^^^^^^^^^^
  File "/lustre09/project/6032307/arnauddr/MiniCPBP/server_mlm.py", line 134, in calculate_perplexity
    with mutex:
TypeError: 'Lock' object does not support the context manager protocol
127.0.0.1 - - [30/Nov/2025 21:53:45] "[35m[1mPOST /perplexity HTTP/1.1[0m" 500 -
[2025-11-30 21:53:45,405] ERROR in app: Exception on /perplexity [POST]
Traceback (most recent call last):
  File "/lustre09/project/6032307/arnauddr/MiniCPBP/venv/lib/python3.11/site-packages/flask/app.py", line 1511, in wsgi_app
    response = self.full_dispatch_request()
               ^^^^^^^^^^^^^^^^^^^^^^^^^^^^
  File "/lustre09/project/6032307/arnauddr/MiniCPBP/venv/lib/python3.11/site-packages/flask/app.py", line 919, in full_dispatch_request
    rv = self.handle_user_exception(e)
         ^^^^^^^^^^^^^^^^^^^^^^^^^^^^^
  File "/lustre09/project/6032307/arnauddr/MiniCPBP/venv/lib/python3.11/site-packages/flask/app.py", line 917, in full_dispatch_request
    rv = self.dispatch_request()
         ^^^^^^^^^^^^^^^^^^^^^^^
  File "/lustre09/project/6032307/arnauddr/MiniCPBP/venv/lib/python3.11/site-packages/flask/app.py", line 902, in dispatch_request
    return self.ensure_sync(self.view_functions[rule.endpoint])(**view_args)  # type: ignore[no-any-return]
           ^^^^^^^^^^^^^^^^^^^^^^^^^^^^^^^^^^^^^^^^^^^^^^^^^^^^^^^^^^^^^^^^^
  File "/lustre09/project/6032307/arnauddr/MiniCPBP/server_mlm.py", line 147, in perplexity
    return {"perplexity": calculate_perplexity(sentence)}
                          ^^^^^^^^^^^^^^^^^^^^^^^^^^^^^^
  File "/lustre09/project/6032307/arnauddr/MiniCPBP/server_mlm.py", line 134, in calculate_perplexity
    with mutex:
TypeError: 'Lock' object does not support the context manager protocol
127.0.0.1 - - [30/Nov/2025 21:53:45] "[35m[1mPOST /perplexity HTTP/1.1[0m" 500 -
[2025-11-30 21:53:45,612] ERROR in app: Exception on /perplexity [POST]
Traceback (most recent call last):
  File "/lustre09/project/6032307/arnauddr/MiniCPBP/venv/lib/python3.11/site-packages/flask/app.py", line 1511, in wsgi_app
    response = self.full_dispatch_request()
               ^^^^^^^^^^^^^^^^^^^^^^^^^^^^
  File "/lustre09/project/6032307/arnauddr/MiniCPBP/venv/lib/python3.11/site-packages/flask/app.py", line 919, in full_dispatch_request
    rv = self.handle_user_exception(e)
         ^^^^^^^^^^^^^^^^^^^^^^^^^^^^^
  File "/lustre09/project/6032307/arnauddr/MiniCPBP/venv/lib/python3.11/site-packages/flask/app.py", line 917, in full_dispatch_request
    rv = self.dispatch_request()
         ^^^^^^^^^^^^^^^^^^^^^^^
  File "/lustre09/project/6032307/arnauddr/MiniCPBP/venv/lib/python3.11/site-packages/flask/app.py", line 902, in dispatch_request
    return self.ensure_sync(self.view_functions[rule.endpoint])(**view_args)  # type: ignore[no-any-return]
           ^^^^^^^^^^^^^^^^^^^^^^^^^^^^^^^^^^^^^^^^^^^^^^^^^^^^^^^^^^^^^^^^^
  File "/lustre09/project/6032307/arnauddr/MiniCPBP/server_mlm.py", line 147, in perplexity
    return {"perplexity": calculate_perplexity(sentence)}
                          ^^^^^^^^^^^^^^^^^^^^^^^^^^^^^^
  File "/lustre09/project/6032307/arnauddr/MiniCPBP/server_mlm.py", line 134, in calculate_perplexity
    with mutex:
TypeError: 'Lock' object does not support the context manager protocol
127.0.0.1 - - [30/Nov/2025 21:53:45] "[35m[1mPOST /perplexity HTTP/1.1[0m" 500 -
[2025-11-30 21:53:45,829] ERROR in app: Exception on /perplexity [POST]
Traceback (most recent call last):
  File "/lustre09/project/6032307/arnauddr/MiniCPBP/venv/lib/python3.11/site-packages/flask/app.py", line 1511, in wsgi_app
    response = self.full_dispatch_request()
               ^^^^^^^^^^^^^^^^^^^^^^^^^^^^
  File "/lustre09/project/6032307/arnauddr/MiniCPBP/venv/lib/python3.11/site-packages/flask/app.py", line 919, in full_dispatch_request
    rv = self.handle_user_exception(e)
         ^^^^^^^^^^^^^^^^^^^^^^^^^^^^^
  File "/lustre09/project/6032307/arnauddr/MiniCPBP/venv/lib/python3.11/site-packages/flask/app.py", line 917, in full_dispatch_request
    rv = self.dispatch_request()
         ^^^^^^^^^^^^^^^^^^^^^^^
  File "/lustre09/project/6032307/arnauddr/MiniCPBP/venv/lib/python3.11/site-packages/flask/app.py", line 902, in dispatch_request
    return self.ensure_sync(self.view_functions[rule.endpoint])(**view_args)  # type: ignore[no-any-return]
           ^^^^^^^^^^^^^^^^^^^^^^^^^^^^^^^^^^^^^^^^^^^^^^^^^^^^^^^^^^^^^^^^^
  File "/lustre09/project/6032307/arnauddr/MiniCPBP/server_mlm.py", line 147, in perplexity
    return {"perplexity": calculate_perplexity(sentence)}
                          ^^^^^^^^^^^^^^^^^^^^^^^^^^^^^^
  File "/lustre09/project/6032307/arnauddr/MiniCPBP/server_mlm.py", line 134, in calculate_perplexity
    with mutex:
TypeError: 'Lock' object does not support the context manager protocol
127.0.0.1 - - [30/Nov/2025 21:53:45] "[35m[1mPOST /perplexity HTTP/1.1[0m" 500 -
[2025-11-30 21:53:46,109] ERROR in app: Exception on /perplexity [POST]
Traceback (most recent call last):
  File "/lustre09/project/6032307/arnauddr/MiniCPBP/venv/lib/python3.11/site-packages/flask/app.py", line 1511, in wsgi_app
    response = self.full_dispatch_request()
               ^^^^^^^^^^^^^^^^^^^^^^^^^^^^
  File "/lustre09/project/6032307/arnauddr/MiniCPBP/venv/lib/python3.11/site-packages/flask/app.py", line 919, in full_dispatch_request
    rv = self.handle_user_exception(e)
         ^^^^^^^^^^^^^^^^^^^^^^^^^^^^^
  File "/lustre09/project/6032307/arnauddr/MiniCPBP/venv/lib/python3.11/site-packages/flask/app.py", line 917, in full_dispatch_request
    rv = self.dispatch_request()
         ^^^^^^^^^^^^^^^^^^^^^^^
  File "/lustre09/project/6032307/arnauddr/MiniCPBP/venv/lib/python3.11/site-packages/flask/app.py", line 902, in dispatch_request
    return self.ensure_sync(self.view_functions[rule.endpoint])(**view_args)  # type: ignore[no-any-return]
           ^^^^^^^^^^^^^^^^^^^^^^^^^^^^^^^^^^^^^^^^^^^^^^^^^^^^^^^^^^^^^^^^^
  File "/lustre09/project/6032307/arnauddr/MiniCPBP/server_mlm.py", line 147, in perplexity
    return {"perplexity": calculate_perplexity(sentence)}
                          ^^^^^^^^^^^^^^^^^^^^^^^^^^^^^^
  File "/lustre09/project/6032307/arnauddr/MiniCPBP/server_mlm.py", line 134, in calculate_perplexity
    with mutex:
TypeError: 'Lock' object does not support the context manager protocol
127.0.0.1 - - [30/Nov/2025 21:53:46] "[35m[1mPOST /perplexity HTTP/1.1[0m" 500 -
[2025-11-30 21:53:46,318] ERROR in app: Exception on /perplexity [POST]
Traceback (most recent call last):
  File "/lustre09/project/6032307/arnauddr/MiniCPBP/venv/lib/python3.11/site-packages/flask/app.py", line 1511, in wsgi_app
    response = self.full_dispatch_request()
               ^^^^^^^^^^^^^^^^^^^^^^^^^^^^
  File "/lustre09/project/6032307/arnauddr/MiniCPBP/venv/lib/python3.11/site-packages/flask/app.py", line 919, in full_dispatch_request
    rv = self.handle_user_exception(e)
         ^^^^^^^^^^^^^^^^^^^^^^^^^^^^^
  File "/lustre09/project/6032307/arnauddr/MiniCPBP/venv/lib/python3.11/site-packages/flask/app.py", line 917, in full_dispatch_request
    rv = self.dispatch_request()
         ^^^^^^^^^^^^^^^^^^^^^^^
  File "/lustre09/project/6032307/arnauddr/MiniCPBP/venv/lib/python3.11/site-packages/flask/app.py", line 902, in dispatch_request
    return self.ensure_sync(self.view_functions[rule.endpoint])(**view_args)  # type: ignore[no-any-return]
           ^^^^^^^^^^^^^^^^^^^^^^^^^^^^^^^^^^^^^^^^^^^^^^^^^^^^^^^^^^^^^^^^^
  File "/lustre09/project/6032307/arnauddr/MiniCPBP/server_mlm.py", line 147, in perplexity
    return {"perplexity": calculate_perplexity(sentence)}
                          ^^^^^^^^^^^^^^^^^^^^^^^^^^^^^^
  File "/lustre09/project/6032307/arnauddr/MiniCPBP/server_mlm.py", line 134, in calculate_perplexity
    with mutex:
TypeError: 'Lock' object does not support the context manager protocol
127.0.0.1 - - [30/Nov/2025 21:53:46] "[35m[1mPOST /perplexity HTTP/1.1[0m" 500 -
[2025-11-30 21:53:46,571] ERROR in app: Exception on /perplexity [POST]
Traceback (most recent call last):
  File "/lustre09/project/6032307/arnauddr/MiniCPBP/venv/lib/python3.11/site-packages/flask/app.py", line 1511, in wsgi_app
    response = self.full_dispatch_request()
               ^^^^^^^^^^^^^^^^^^^^^^^^^^^^
  File "/lustre09/project/6032307/arnauddr/MiniCPBP/venv/lib/python3.11/site-packages/flask/app.py", line 919, in full_dispatch_request
    rv = self.handle_user_exception(e)
         ^^^^^^^^^^^^^^^^^^^^^^^^^^^^^
  File "/lustre09/project/6032307/arnauddr/MiniCPBP/venv/lib/python3.11/site-packages/flask/app.py", line 917, in full_dispatch_request
    rv = self.dispatch_request()
         ^^^^^^^^^^^^^^^^^^^^^^^
  File "/lustre09/project/6032307/arnauddr/MiniCPBP/venv/lib/python3.11/site-packages/flask/app.py", line 902, in dispatch_request
    return self.ensure_sync(self.view_functions[rule.endpoint])(**view_args)  # type: ignore[no-any-return]
           ^^^^^^^^^^^^^^^^^^^^^^^^^^^^^^^^^^^^^^^^^^^^^^^^^^^^^^^^^^^^^^^^^
  File "/lustre09/project/6032307/arnauddr/MiniCPBP/server_mlm.py", line 147, in perplexity
    return {"perplexity": calculate_perplexity(sentence)}
                          ^^^^^^^^^^^^^^^^^^^^^^^^^^^^^^
  File "/lustre09/project/6032307/arnauddr/MiniCPBP/server_mlm.py", line 134, in calculate_perplexity
    with mutex:
TypeError: 'Lock' object does not support the context manager protocol
127.0.0.1 - - [30/Nov/2025 21:53:46] "[35m[1mPOST /perplexity HTTP/1.1[0m" 500 -
[2025-11-30 21:53:46,871] ERROR in app: Exception on /perplexity [POST]
Traceback (most recent call last):
  File "/lustre09/project/6032307/arnauddr/MiniCPBP/venv/lib/python3.11/site-packages/flask/app.py", line 1511, in wsgi_app
    response = self.full_dispatch_request()
               ^^^^^^^^^^^^^^^^^^^^^^^^^^^^
  File "/lustre09/project/6032307/arnauddr/MiniCPBP/venv/lib/python3.11/site-packages/flask/app.py", line 919, in full_dispatch_request
    rv = self.handle_user_exception(e)
         ^^^^^^^^^^^^^^^^^^^^^^^^^^^^^
  File "/lustre09/project/6032307/arnauddr/MiniCPBP/venv/lib/python3.11/site-packages/flask/app.py", line 917, in full_dispatch_request
    rv = self.dispatch_request()
         ^^^^^^^^^^^^^^^^^^^^^^^
  File "/lustre09/project/6032307/arnauddr/MiniCPBP/venv/lib/python3.11/site-packages/flask/app.py", line 902, in dispatch_request
    return self.ensure_sync(self.view_functions[rule.endpoint])(**view_args)  # type: ignore[no-any-return]
           ^^^^^^^^^^^^^^^^^^^^^^^^^^^^^^^^^^^^^^^^^^^^^^^^^^^^^^^^^^^^^^^^^
  File "/lustre09/project/6032307/arnauddr/MiniCPBP/server_mlm.py", line 147, in perplexity
    return {"perplexity": calculate_perplexity(sentence)}
                          ^^^^^^^^^^^^^^^^^^^^^^^^^^^^^^
  File "/lustre09/project/6032307/arnauddr/MiniCPBP/server_mlm.py", line 134, in calculate_perplexity
    with mutex:
TypeError: 'Lock' object does not support the context manager protocol
127.0.0.1 - - [30/Nov/2025 21:53:46] "[35m[1mPOST /perplexity HTTP/1.1[0m" 500 -
[2025-11-30 21:53:47,103] ERROR in app: Exception on /perplexity [POST]
Traceback (most recent call last):
  File "/lustre09/project/6032307/arnauddr/MiniCPBP/venv/lib/python3.11/site-packages/flask/app.py", line 1511, in wsgi_app
    response = self.full_dispatch_request()
               ^^^^^^^^^^^^^^^^^^^^^^^^^^^^
  File "/lustre09/project/6032307/arnauddr/MiniCPBP/venv/lib/python3.11/site-packages/flask/app.py", line 919, in full_dispatch_request
    rv = self.handle_user_exception(e)
         ^^^^^^^^^^^^^^^^^^^^^^^^^^^^^
  File "/lustre09/project/6032307/arnauddr/MiniCPBP/venv/lib/python3.11/site-packages/flask/app.py", line 917, in full_dispatch_request
    rv = self.dispatch_request()
         ^^^^^^^^^^^^^^^^^^^^^^^
  File "/lustre09/project/6032307/arnauddr/MiniCPBP/venv/lib/python3.11/site-packages/flask/app.py", line 902, in dispatch_request
    return self.ensure_sync(self.view_functions[rule.endpoint])(**view_args)  # type: ignore[no-any-return]
           ^^^^^^^^^^^^^^^^^^^^^^^^^^^^^^^^^^^^^^^^^^^^^^^^^^^^^^^^^^^^^^^^^
  File "/lustre09/project/6032307/arnauddr/MiniCPBP/server_mlm.py", line 147, in perplexity
    return {"perplexity": calculate_perplexity(sentence)}
                          ^^^^^^^^^^^^^^^^^^^^^^^^^^^^^^
  File "/lustre09/project/6032307/arnauddr/MiniCPBP/server_mlm.py", line 134, in calculate_perplexity
    with mutex:
TypeError: 'Lock' object does not support the context manager protocol
127.0.0.1 - - [30/Nov/2025 21:53:47] "[35m[1mPOST /perplexity HTTP/1.1[0m" 500 -
[2025-11-30 21:53:47,357] ERROR in app: Exception on /perplexity [POST]
Traceback (most recent call last):
  File "/lustre09/project/6032307/arnauddr/MiniCPBP/venv/lib/python3.11/site-packages/flask/app.py", line 1511, in wsgi_app
    response = self.full_dispatch_request()
               ^^^^^^^^^^^^^^^^^^^^^^^^^^^^
  File "/lustre09/project/6032307/arnauddr/MiniCPBP/venv/lib/python3.11/site-packages/flask/app.py", line 919, in full_dispatch_request
    rv = self.handle_user_exception(e)
         ^^^^^^^^^^^^^^^^^^^^^^^^^^^^^
  File "/lustre09/project/6032307/arnauddr/MiniCPBP/venv/lib/python3.11/site-packages/flask/app.py", line 917, in full_dispatch_request
    rv = self.dispatch_request()
         ^^^^^^^^^^^^^^^^^^^^^^^
  File "/lustre09/project/6032307/arnauddr/MiniCPBP/venv/lib/python3.11/site-packages/flask/app.py", line 902, in dispatch_request
    return self.ensure_sync(self.view_functions[rule.endpoint])(**view_args)  # type: ignore[no-any-return]
           ^^^^^^^^^^^^^^^^^^^^^^^^^^^^^^^^^^^^^^^^^^^^^^^^^^^^^^^^^^^^^^^^^
  File "/lustre09/project/6032307/arnauddr/MiniCPBP/server_mlm.py", line 147, in perplexity
    return {"perplexity": calculate_perplexity(sentence)}
                          ^^^^^^^^^^^^^^^^^^^^^^^^^^^^^^
  File "/lustre09/project/6032307/arnauddr/MiniCPBP/server_mlm.py", line 134, in calculate_perplexity
    with mutex:
TypeError: 'Lock' object does not support the context manager protocol
127.0.0.1 - - [30/Nov/2025 21:53:47] "[35m[1mPOST /perplexity HTTP/1.1[0m" 500 -
[2025-11-30 21:53:47,584] ERROR in app: Exception on /perplexity [POST]
Traceback (most recent call last):
  File "/lustre09/project/6032307/arnauddr/MiniCPBP/venv/lib/python3.11/site-packages/flask/app.py", line 1511, in wsgi_app
    response = self.full_dispatch_request()
               ^^^^^^^^^^^^^^^^^^^^^^^^^^^^
  File "/lustre09/project/6032307/arnauddr/MiniCPBP/venv/lib/python3.11/site-packages/flask/app.py", line 919, in full_dispatch_request
    rv = self.handle_user_exception(e)
         ^^^^^^^^^^^^^^^^^^^^^^^^^^^^^
  File "/lustre09/project/6032307/arnauddr/MiniCPBP/venv/lib/python3.11/site-packages/flask/app.py", line 917, in full_dispatch_request
    rv = self.dispatch_request()
         ^^^^^^^^^^^^^^^^^^^^^^^
  File "/lustre09/project/6032307/arnauddr/MiniCPBP/venv/lib/python3.11/site-packages/flask/app.py", line 902, in dispatch_request
    return self.ensure_sync(self.view_functions[rule.endpoint])(**view_args)  # type: ignore[no-any-return]
           ^^^^^^^^^^^^^^^^^^^^^^^^^^^^^^^^^^^^^^^^^^^^^^^^^^^^^^^^^^^^^^^^^
  File "/lustre09/project/6032307/arnauddr/MiniCPBP/server_mlm.py", line 147, in perplexity
    return {"perplexity": calculate_perplexity(sentence)}
                          ^^^^^^^^^^^^^^^^^^^^^^^^^^^^^^
  File "/lustre09/project/6032307/arnauddr/MiniCPBP/server_mlm.py", line 134, in calculate_perplexity
    with mutex:
TypeError: 'Lock' object does not support the context manager protocol
127.0.0.1 - - [30/Nov/2025 21:53:47] "[35m[1mPOST /perplexity HTTP/1.1[0m" 500 -
[2025-11-30 21:53:47,845] ERROR in app: Exception on /perplexity [POST]
Traceback (most recent call last):
  File "/lustre09/project/6032307/arnauddr/MiniCPBP/venv/lib/python3.11/site-packages/flask/app.py", line 1511, in wsgi_app
    response = self.full_dispatch_request()
               ^^^^^^^^^^^^^^^^^^^^^^^^^^^^
  File "/lustre09/project/6032307/arnauddr/MiniCPBP/venv/lib/python3.11/site-packages/flask/app.py", line 919, in full_dispatch_request
    rv = self.handle_user_exception(e)
         ^^^^^^^^^^^^^^^^^^^^^^^^^^^^^
  File "/lustre09/project/6032307/arnauddr/MiniCPBP/venv/lib/python3.11/site-packages/flask/app.py", line 917, in full_dispatch_request
    rv = self.dispatch_request()
         ^^^^^^^^^^^^^^^^^^^^^^^
  File "/lustre09/project/6032307/arnauddr/MiniCPBP/venv/lib/python3.11/site-packages/flask/app.py", line 902, in dispatch_request
    return self.ensure_sync(self.view_functions[rule.endpoint])(**view_args)  # type: ignore[no-any-return]
           ^^^^^^^^^^^^^^^^^^^^^^^^^^^^^^^^^^^^^^^^^^^^^^^^^^^^^^^^^^^^^^^^^
  File "/lustre09/project/6032307/arnauddr/MiniCPBP/server_mlm.py", line 147, in perplexity
    return {"perplexity": calculate_perplexity(sentence)}
                          ^^^^^^^^^^^^^^^^^^^^^^^^^^^^^^
  File "/lustre09/project/6032307/arnauddr/MiniCPBP/server_mlm.py", line 134, in calculate_perplexity
    with mutex:
TypeError: 'Lock' object does not support the context manager protocol
127.0.0.1 - - [30/Nov/2025 21:53:47] "[35m[1mPOST /perplexity HTTP/1.1[0m" 500 -
[2025-11-30 21:53:48,074] ERROR in app: Exception on /perplexity [POST]
Traceback (most recent call last):
  File "/lustre09/project/6032307/arnauddr/MiniCPBP/venv/lib/python3.11/site-packages/flask/app.py", line 1511, in wsgi_app
    response = self.full_dispatch_request()
               ^^^^^^^^^^^^^^^^^^^^^^^^^^^^
  File "/lustre09/project/6032307/arnauddr/MiniCPBP/venv/lib/python3.11/site-packages/flask/app.py", line 919, in full_dispatch_request
    rv = self.handle_user_exception(e)
         ^^^^^^^^^^^^^^^^^^^^^^^^^^^^^
  File "/lustre09/project/6032307/arnauddr/MiniCPBP/venv/lib/python3.11/site-packages/flask/app.py", line 917, in full_dispatch_request
    rv = self.dispatch_request()
         ^^^^^^^^^^^^^^^^^^^^^^^
  File "/lustre09/project/6032307/arnauddr/MiniCPBP/venv/lib/python3.11/site-packages/flask/app.py", line 902, in dispatch_request
    return self.ensure_sync(self.view_functions[rule.endpoint])(**view_args)  # type: ignore[no-any-return]
           ^^^^^^^^^^^^^^^^^^^^^^^^^^^^^^^^^^^^^^^^^^^^^^^^^^^^^^^^^^^^^^^^^
  File "/lustre09/project/6032307/arnauddr/MiniCPBP/server_mlm.py", line 147, in perplexity
    return {"perplexity": calculate_perplexity(sentence)}
                          ^^^^^^^^^^^^^^^^^^^^^^^^^^^^^^
  File "/lustre09/project/6032307/arnauddr/MiniCPBP/server_mlm.py", line 134, in calculate_perplexity
    with mutex:
TypeError: 'Lock' object does not support the context manager protocol
127.0.0.1 - - [30/Nov/2025 21:53:48] "[35m[1mPOST /perplexity HTTP/1.1[0m" 500 -
[2025-11-30 21:53:48,419] ERROR in app: Exception on /perplexity [POST]
Traceback (most recent call last):
  File "/lustre09/project/6032307/arnauddr/MiniCPBP/venv/lib/python3.11/site-packages/flask/app.py", line 1511, in wsgi_app
    response = self.full_dispatch_request()
               ^^^^^^^^^^^^^^^^^^^^^^^^^^^^
  File "/lustre09/project/6032307/arnauddr/MiniCPBP/venv/lib/python3.11/site-packages/flask/app.py", line 919, in full_dispatch_request
    rv = self.handle_user_exception(e)
         ^^^^^^^^^^^^^^^^^^^^^^^^^^^^^
  File "/lustre09/project/6032307/arnauddr/MiniCPBP/venv/lib/python3.11/site-packages/flask/app.py", line 917, in full_dispatch_request
    rv = self.dispatch_request()
         ^^^^^^^^^^^^^^^^^^^^^^^
  File "/lustre09/project/6032307/arnauddr/MiniCPBP/venv/lib/python3.11/site-packages/flask/app.py", line 902, in dispatch_request
    return self.ensure_sync(self.view_functions[rule.endpoint])(**view_args)  # type: ignore[no-any-return]
           ^^^^^^^^^^^^^^^^^^^^^^^^^^^^^^^^^^^^^^^^^^^^^^^^^^^^^^^^^^^^^^^^^
  File "/lustre09/project/6032307/arnauddr/MiniCPBP/server_mlm.py", line 147, in perplexity
    return {"perplexity": calculate_perplexity(sentence)}
                          ^^^^^^^^^^^^^^^^^^^^^^^^^^^^^^
  File "/lustre09/project/6032307/arnauddr/MiniCPBP/server_mlm.py", line 134, in calculate_perplexity
    with mutex:
TypeError: 'Lock' object does not support the context manager protocol
127.0.0.1 - - [30/Nov/2025 21:53:48] "[35m[1mPOST /perplexity HTTP/1.1[0m" 500 -
[2025-11-30 21:53:48,685] ERROR in app: Exception on /perplexity [POST]
Traceback (most recent call last):
  File "/lustre09/project/6032307/arnauddr/MiniCPBP/venv/lib/python3.11/site-packages/flask/app.py", line 1511, in wsgi_app
    response = self.full_dispatch_request()
               ^^^^^^^^^^^^^^^^^^^^^^^^^^^^
  File "/lustre09/project/6032307/arnauddr/MiniCPBP/venv/lib/python3.11/site-packages/flask/app.py", line 919, in full_dispatch_request
    rv = self.handle_user_exception(e)
         ^^^^^^^^^^^^^^^^^^^^^^^^^^^^^
  File "/lustre09/project/6032307/arnauddr/MiniCPBP/venv/lib/python3.11/site-packages/flask/app.py", line 917, in full_dispatch_request
    rv = self.dispatch_request()
         ^^^^^^^^^^^^^^^^^^^^^^^
  File "/lustre09/project/6032307/arnauddr/MiniCPBP/venv/lib/python3.11/site-packages/flask/app.py", line 902, in dispatch_request
    return self.ensure_sync(self.view_functions[rule.endpoint])(**view_args)  # type: ignore[no-any-return]
           ^^^^^^^^^^^^^^^^^^^^^^^^^^^^^^^^^^^^^^^^^^^^^^^^^^^^^^^^^^^^^^^^^
  File "/lustre09/project/6032307/arnauddr/MiniCPBP/server_mlm.py", line 147, in perplexity
    return {"perplexity": calculate_perplexity(sentence)}
                          ^^^^^^^^^^^^^^^^^^^^^^^^^^^^^^
  File "/lustre09/project/6032307/arnauddr/MiniCPBP/server_mlm.py", line 134, in calculate_perplexity
    with mutex:
TypeError: 'Lock' object does not support the context manager protocol
127.0.0.1 - - [30/Nov/2025 21:53:48] "[35m[1mPOST /perplexity HTTP/1.1[0m" 500 -
[2025-11-30 21:53:49,018] ERROR in app: Exception on /perplexity [POST]
Traceback (most recent call last):
  File "/lustre09/project/6032307/arnauddr/MiniCPBP/venv/lib/python3.11/site-packages/flask/app.py", line 1511, in wsgi_app
    response = self.full_dispatch_request()
               ^^^^^^^^^^^^^^^^^^^^^^^^^^^^
  File "/lustre09/project/6032307/arnauddr/MiniCPBP/venv/lib/python3.11/site-packages/flask/app.py", line 919, in full_dispatch_request
    rv = self.handle_user_exception(e)
         ^^^^^^^^^^^^^^^^^^^^^^^^^^^^^
  File "/lustre09/project/6032307/arnauddr/MiniCPBP/venv/lib/python3.11/site-packages/flask/app.py", line 917, in full_dispatch_request
    rv = self.dispatch_request()
         ^^^^^^^^^^^^^^^^^^^^^^^
  File "/lustre09/project/6032307/arnauddr/MiniCPBP/venv/lib/python3.11/site-packages/flask/app.py", line 902, in dispatch_request
    return self.ensure_sync(self.view_functions[rule.endpoint])(**view_args)  # type: ignore[no-any-return]
           ^^^^^^^^^^^^^^^^^^^^^^^^^^^^^^^^^^^^^^^^^^^^^^^^^^^^^^^^^^^^^^^^^
  File "/lustre09/project/6032307/arnauddr/MiniCPBP/server_mlm.py", line 147, in perplexity
    return {"perplexity": calculate_perplexity(sentence)}
                          ^^^^^^^^^^^^^^^^^^^^^^^^^^^^^^
  File "/lustre09/project/6032307/arnauddr/MiniCPBP/server_mlm.py", line 134, in calculate_perplexity
    with mutex:
TypeError: 'Lock' object does not support the context manager protocol
127.0.0.1 - - [30/Nov/2025 21:53:49] "[35m[1mPOST /perplexity HTTP/1.1[0m" 500 -
[2025-11-30 21:53:49,207] ERROR in app: Exception on /perplexity [POST]
Traceback (most recent call last):
  File "/lustre09/project/6032307/arnauddr/MiniCPBP/venv/lib/python3.11/site-packages/flask/app.py", line 1511, in wsgi_app
    response = self.full_dispatch_request()
               ^^^^^^^^^^^^^^^^^^^^^^^^^^^^
  File "/lustre09/project/6032307/arnauddr/MiniCPBP/venv/lib/python3.11/site-packages/flask/app.py", line 919, in full_dispatch_request
    rv = self.handle_user_exception(e)
         ^^^^^^^^^^^^^^^^^^^^^^^^^^^^^
  File "/lustre09/project/6032307/arnauddr/MiniCPBP/venv/lib/python3.11/site-packages/flask/app.py", line 917, in full_dispatch_request
    rv = self.dispatch_request()
         ^^^^^^^^^^^^^^^^^^^^^^^
  File "/lustre09/project/6032307/arnauddr/MiniCPBP/venv/lib/python3.11/site-packages/flask/app.py", line 902, in dispatch_request
    return self.ensure_sync(self.view_functions[rule.endpoint])(**view_args)  # type: ignore[no-any-return]
           ^^^^^^^^^^^^^^^^^^^^^^^^^^^^^^^^^^^^^^^^^^^^^^^^^^^^^^^^^^^^^^^^^
  File "/lustre09/project/6032307/arnauddr/MiniCPBP/server_mlm.py", line 147, in perplexity
    return {"perplexity": calculate_perplexity(sentence)}
                          ^^^^^^^^^^^^^^^^^^^^^^^^^^^^^^
  File "/lustre09/project/6032307/arnauddr/MiniCPBP/server_mlm.py", line 134, in calculate_perplexity
    with mutex:
TypeError: 'Lock' object does not support the context manager protocol
[2025-11-30 21:53:49,410] ERROR in app: Exception on /perplexity [POST]
Traceback (most recent call last):
  File "/lustre09/project/6032307/arnauddr/MiniCPBP/venv/lib/python3.11/site-packages/flask/app.py", line 1511, in wsgi_app
    response = self.full_dispatch_request()
               ^^^^^^^^^^^^^^^^^^^^^^^^^^^^
  File "/lustre09/project/6032307/arnauddr/MiniCPBP/venv/lib/python3.11/site-packages/flask/app.py", line 919, in full_dispatch_request
    rv = self.handle_user_exception(e)
         ^^^^^^^^^^^^^^^^^^^^^^^^^^^^^
  File "/lustre09/project/6032307/arnauddr/MiniCPBP/venv/lib/python3.11/site-packages/flask/app.py", line 917, in full_dispatch_request
    rv = self.dispatch_request()
         ^^^^^^^^^^^^^^^^^^^^^^^
  File "/lustre09/project/6032307/arnauddr/MiniCPBP/venv/lib/python3.11/site-packages/flask/app.py", line 902, in dispatch_request
    return self.ensure_sync(self.view_functions[rule.endpoint])(**view_args)  # type: ignore[no-any-return]
           ^^^^^^^^^^^^^^^^^^^^^^^^^^^^^^^^^^^^^^^^^^^^^^^^^^^^^^^^^^^^^^^^^
  File "/lustre09/project/6032307/arnauddr/MiniCPBP/server_mlm.py", line 147, in perplexity
    return {"perplexity": calculate_perplexity(sentence)}
                          ^^^^^^^^^^^^^^^^^^^^^^^^^^^^^^
  File "/lustre09/project/6032307/arnauddr/MiniCPBP/server_mlm.py", line 134, in calculate_perplexity
    with mutex:
TypeError: 'Lock' object does not support the context manager protocol
127.0.0.1 - - [30/Nov/2025 21:53:49] "[35m[1mPOST /perplexity HTTP/1.1[0m" 500 -
127.0.0.1 - - [30/Nov/2025 21:53:49] "[35m[1mPOST /perplexity HTTP/1.1[0m" 500 -
[2025-11-30 21:53:49,657] ERROR in app: Exception on /perplexity [POST]
Traceback (most recent call last):
  File "/lustre09/project/6032307/arnauddr/MiniCPBP/venv/lib/python3.11/site-packages/flask/app.py", line 1511, in wsgi_app
    response = self.full_dispatch_request()
               ^^^^^^^^^^^^^^^^^^^^^^^^^^^^
  File "/lustre09/project/6032307/arnauddr/MiniCPBP/venv/lib/python3.11/site-packages/flask/app.py", line 919, in full_dispatch_request
    rv = self.handle_user_exception(e)
         ^^^^^^^^^^^^^^^^^^^^^^^^^^^^^
  File "/lustre09/project/6032307/arnauddr/MiniCPBP/venv/lib/python3.11/site-packages/flask/app.py", line 917, in full_dispatch_request
    rv = self.dispatch_request()
         ^^^^^^^^^^^^^^^^^^^^^^^
  File "/lustre09/project/6032307/arnauddr/MiniCPBP/venv/lib/python3.11/site-packages/flask/app.py", line 902, in dispatch_request
    return self.ensure_sync(self.view_functions[rule.endpoint])(**view_args)  # type: ignore[no-any-return]
           ^^^^^^^^^^^^^^^^^^^^^^^^^^^^^^^^^^^^^^^^^^^^^^^^^^^^^^^^^^^^^^^^^
  File "/lustre09/project/6032307/arnauddr/MiniCPBP/server_mlm.py", line 147, in perplexity
    return {"perplexity": calculate_perplexity(sentence)}
                          ^^^^^^^^^^^^^^^^^^^^^^^^^^^^^^
  File "/lustre09/project/6032307/arnauddr/MiniCPBP/server_mlm.py", line 134, in calculate_perplexity
    with mutex:
TypeError: 'Lock' object does not support the context manager protocol
127.0.0.1 - - [30/Nov/2025 21:53:49] "[35m[1mPOST /perplexity HTTP/1.1[0m" 500 -
[2025-11-30 21:53:50,025] ERROR in app: Exception on /perplexity [POST]
Traceback (most recent call last):
  File "/lustre09/project/6032307/arnauddr/MiniCPBP/venv/lib/python3.11/site-packages/flask/app.py", line 1511, in wsgi_app
    response = self.full_dispatch_request()
               ^^^^^^^^^^^^^^^^^^^^^^^^^^^^
  File "/lustre09/project/6032307/arnauddr/MiniCPBP/venv/lib/python3.11/site-packages/flask/app.py", line 919, in full_dispatch_request
    rv = self.handle_user_exception(e)
         ^^^^^^^^^^^^^^^^^^^^^^^^^^^^^
  File "/lustre09/project/6032307/arnauddr/MiniCPBP/venv/lib/python3.11/site-packages/flask/app.py", line 917, in full_dispatch_request
    rv = self.dispatch_request()
         ^^^^^^^^^^^^^^^^^^^^^^^
  File "/lustre09/project/6032307/arnauddr/MiniCPBP/venv/lib/python3.11/site-packages/flask/app.py", line 902, in dispatch_request
    return self.ensure_sync(self.view_functions[rule.endpoint])(**view_args)  # type: ignore[no-any-return]
           ^^^^^^^^^^^^^^^^^^^^^^^^^^^^^^^^^^^^^^^^^^^^^^^^^^^^^^^^^^^^^^^^^
  File "/lustre09/project/6032307/arnauddr/MiniCPBP/server_mlm.py", line 147, in perplexity
    return {"perplexity": calculate_perplexity(sentence)}
                          ^^^^^^^^^^^^^^^^^^^^^^^^^^^^^^
  File "/lustre09/project/6032307/arnauddr/MiniCPBP/server_mlm.py", line 134, in calculate_perplexity
    with mutex:
TypeError: 'Lock' object does not support the context manager protocol
127.0.0.1 - - [30/Nov/2025 21:53:50] "[35m[1mPOST /perplexity HTTP/1.1[0m" 500 -
[2025-11-30 21:53:50,199] ERROR in app: Exception on /perplexity [POST]
Traceback (most recent call last):
  File "/lustre09/project/6032307/arnauddr/MiniCPBP/venv/lib/python3.11/site-packages/flask/app.py", line 1511, in wsgi_app
    response = self.full_dispatch_request()
               ^^^^^^^^^^^^^^^^^^^^^^^^^^^^
  File "/lustre09/project/6032307/arnauddr/MiniCPBP/venv/lib/python3.11/site-packages/flask/app.py", line 919, in full_dispatch_request
    rv = self.handle_user_exception(e)
         ^^^^^^^^^^^^^^^^^^^^^^^^^^^^^
  File "/lustre09/project/6032307/arnauddr/MiniCPBP/venv/lib/python3.11/site-packages/flask/app.py", line 917, in full_dispatch_request
    rv = self.dispatch_request()
         ^^^^^^^^^^^^^^^^^^^^^^^
  File "/lustre09/project/6032307/arnauddr/MiniCPBP/venv/lib/python3.11/site-packages/flask/app.py", line 902, in dispatch_request
    return self.ensure_sync(self.view_functions[rule.endpoint])(**view_args)  # type: ignore[no-any-return]
           ^^^^^^^^^^^^^^^^^^^^^^^^^^^^^^^^^^^^^^^^^^^^^^^^^^^^^^^^^^^^^^^^^
  File "/lustre09/project/6032307/arnauddr/MiniCPBP/server_mlm.py", line 147, in perplexity
    return {"perplexity": calculate_perplexity(sentence)}
                          ^^^^^^^^^^^^^^^^^^^^^^^^^^^^^^
  File "/lustre09/project/6032307/arnauddr/MiniCPBP/server_mlm.py", line 134, in calculate_perplexity
    with mutex:
TypeError: 'Lock' object does not support the context manager protocol
127.0.0.1 - - [30/Nov/2025 21:53:50] "[35m[1mPOST /perplexity HTTP/1.1[0m" 500 -
[2025-11-30 21:53:50,222] ERROR in app: Exception on /perplexity [POST]
Traceback (most recent call last):
  File "/lustre09/project/6032307/arnauddr/MiniCPBP/venv/lib/python3.11/site-packages/flask/app.py", line 1511, in wsgi_app
    response = self.full_dispatch_request()
               ^^^^^^^^^^^^^^^^^^^^^^^^^^^^
  File "/lustre09/project/6032307/arnauddr/MiniCPBP/venv/lib/python3.11/site-packages/flask/app.py", line 919, in full_dispatch_request
    rv = self.handle_user_exception(e)
         ^^^^^^^^^^^^^^^^^^^^^^^^^^^^^
  File "/lustre09/project/6032307/arnauddr/MiniCPBP/venv/lib/python3.11/site-packages/flask/app.py", line 917, in full_dispatch_request
    rv = self.dispatch_request()
         ^^^^^^^^^^^^^^^^^^^^^^^
  File "/lustre09/project/6032307/arnauddr/MiniCPBP/venv/lib/python3.11/site-packages/flask/app.py", line 902, in dispatch_request
    return self.ensure_sync(self.view_functions[rule.endpoint])(**view_args)  # type: ignore[no-any-return]
           ^^^^^^^^^^^^^^^^^^^^^^^^^^^^^^^^^^^^^^^^^^^^^^^^^^^^^^^^^^^^^^^^^
  File "/lustre09/project/6032307/arnauddr/MiniCPBP/server_mlm.py", line 147, in perplexity
    return {"perplexity": calculate_perplexity(sentence)}
                          ^^^^^^^^^^^^^^^^^^^^^^^^^^^^^^
  File "/lustre09/project/6032307/arnauddr/MiniCPBP/server_mlm.py", line 134, in calculate_perplexity
    with mutex:
TypeError: 'Lock' object does not support the context manager protocol
127.0.0.1 - - [30/Nov/2025 21:53:50] "[35m[1mPOST /perplexity HTTP/1.1[0m" 500 -
[2025-11-30 21:53:50,467] ERROR in app: Exception on /perplexity [POST]
Traceback (most recent call last):
  File "/lustre09/project/6032307/arnauddr/MiniCPBP/venv/lib/python3.11/site-packages/flask/app.py", line 1511, in wsgi_app
    response = self.full_dispatch_request()
               ^^^^^^^^^^^^^^^^^^^^^^^^^^^^
  File "/lustre09/project/6032307/arnauddr/MiniCPBP/venv/lib/python3.11/site-packages/flask/app.py", line 919, in full_dispatch_request
    rv = self.handle_user_exception(e)
         ^^^^^^^^^^^^^^^^^^^^^^^^^^^^^
  File "/lustre09/project/6032307/arnauddr/MiniCPBP/venv/lib/python3.11/site-packages/flask/app.py", line 917, in full_dispatch_request
    rv = self.dispatch_request()
         ^^^^^^^^^^^^^^^^^^^^^^^
  File "/lustre09/project/6032307/arnauddr/MiniCPBP/venv/lib/python3.11/site-packages/flask/app.py", line 902, in dispatch_request
    return self.ensure_sync(self.view_functions[rule.endpoint])(**view_args)  # type: ignore[no-any-return]
           ^^^^^^^^^^^^^^^^^^^^^^^^^^^^^^^^^^^^^^^^^^^^^^^^^^^^^^^^^^^^^^^^^
  File "/lustre09/project/6032307/arnauddr/MiniCPBP/server_mlm.py", line 147, in perplexity
    return {"perplexity": calculate_perplexity(sentence)}
                          ^^^^^^^^^^^^^^^^^^^^^^^^^^^^^^
  File "/lustre09/project/6032307/arnauddr/MiniCPBP/server_mlm.py", line 134, in calculate_perplexity
    with mutex:
TypeError: 'Lock' object does not support the context manager protocol
127.0.0.1 - - [30/Nov/2025 21:53:50] "[35m[1mPOST /perplexity HTTP/1.1[0m" 500 -
[2025-11-30 21:53:50,729] ERROR in app: Exception on /perplexity [POST]
Traceback (most recent call last):
  File "/lustre09/project/6032307/arnauddr/MiniCPBP/venv/lib/python3.11/site-packages/flask/app.py", line 1511, in wsgi_app
    response = self.full_dispatch_request()
               ^^^^^^^^^^^^^^^^^^^^^^^^^^^^
  File "/lustre09/project/6032307/arnauddr/MiniCPBP/venv/lib/python3.11/site-packages/flask/app.py", line 919, in full_dispatch_request
    rv = self.handle_user_exception(e)
         ^^^^^^^^^^^^^^^^^^^^^^^^^^^^^
  File "/lustre09/project/6032307/arnauddr/MiniCPBP/venv/lib/python3.11/site-packages/flask/app.py", line 917, in full_dispatch_request
    rv = self.dispatch_request()
         ^^^^^^^^^^^^^^^^^^^^^^^
  File "/lustre09/project/6032307/arnauddr/MiniCPBP/venv/lib/python3.11/site-packages/flask/app.py", line 902, in dispatch_request
    return self.ensure_sync(self.view_functions[rule.endpoint])(**view_args)  # type: ignore[no-any-return]
           ^^^^^^^^^^^^^^^^^^^^^^^^^^^^^^^^^^^^^^^^^^^^^^^^^^^^^^^^^^^^^^^^^
  File "/lustre09/project/6032307/arnauddr/MiniCPBP/server_mlm.py", line 147, in perplexity
    return {"perplexity": calculate_perplexity(sentence)}
                          ^^^^^^^^^^^^^^^^^^^^^^^^^^^^^^
  File "/lustre09/project/6032307/arnauddr/MiniCPBP/server_mlm.py", line 134, in calculate_perplexity
    with mutex:
TypeError: 'Lock' object does not support the context manager protocol
127.0.0.1 - - [30/Nov/2025 21:53:50] "[35m[1mPOST /perplexity HTTP/1.1[0m" 500 -
[2025-11-30 21:53:51,005] ERROR in app: Exception on /perplexity [POST]
Traceback (most recent call last):
  File "/lustre09/project/6032307/arnauddr/MiniCPBP/venv/lib/python3.11/site-packages/flask/app.py", line 1511, in wsgi_app
    response = self.full_dispatch_request()
               ^^^^^^^^^^^^^^^^^^^^^^^^^^^^
  File "/lustre09/project/6032307/arnauddr/MiniCPBP/venv/lib/python3.11/site-packages/flask/app.py", line 919, in full_dispatch_request
    rv = self.handle_user_exception(e)
         ^^^^^^^^^^^^^^^^^^^^^^^^^^^^^
  File "/lustre09/project/6032307/arnauddr/MiniCPBP/venv/lib/python3.11/site-packages/flask/app.py", line 917, in full_dispatch_request
    rv = self.dispatch_request()
         ^^^^^^^^^^^^^^^^^^^^^^^
  File "/lustre09/project/6032307/arnauddr/MiniCPBP/venv/lib/python3.11/site-packages/flask/app.py", line 902, in dispatch_request
    return self.ensure_sync(self.view_functions[rule.endpoint])(**view_args)  # type: ignore[no-any-return]
           ^^^^^^^^^^^^^^^^^^^^^^^^^^^^^^^^^^^^^^^^^^^^^^^^^^^^^^^^^^^^^^^^^
  File "/lustre09/project/6032307/arnauddr/MiniCPBP/server_mlm.py", line 147, in perplexity
    return {"perplexity": calculate_perplexity(sentence)}
                          ^^^^^^^^^^^^^^^^^^^^^^^^^^^^^^
  File "/lustre09/project/6032307/arnauddr/MiniCPBP/server_mlm.py", line 134, in calculate_perplexity
    with mutex:
TypeError: 'Lock' object does not support the context manager protocol
127.0.0.1 - - [30/Nov/2025 21:53:51] "[35m[1mPOST /perplexity HTTP/1.1[0m" 500 -
[2025-11-30 21:53:51,228] ERROR in app: Exception on /perplexity [POST]
Traceback (most recent call last):
  File "/lustre09/project/6032307/arnauddr/MiniCPBP/venv/lib/python3.11/site-packages/flask/app.py", line 1511, in wsgi_app
    response = self.full_dispatch_request()
               ^^^^^^^^^^^^^^^^^^^^^^^^^^^^
  File "/lustre09/project/6032307/arnauddr/MiniCPBP/venv/lib/python3.11/site-packages/flask/app.py", line 919, in full_dispatch_request
    rv = self.handle_user_exception(e)
         ^^^^^^^^^^^^^^^^^^^^^^^^^^^^^
  File "/lustre09/project/6032307/arnauddr/MiniCPBP/venv/lib/python3.11/site-packages/flask/app.py", line 917, in full_dispatch_request
    rv = self.dispatch_request()
         ^^^^^^^^^^^^^^^^^^^^^^^
  File "/lustre09/project/6032307/arnauddr/MiniCPBP/venv/lib/python3.11/site-packages/flask/app.py", line 902, in dispatch_request
    return self.ensure_sync(self.view_functions[rule.endpoint])(**view_args)  # type: ignore[no-any-return]
           ^^^^^^^^^^^^^^^^^^^^^^^^^^^^^^^^^^^^^^^^^^^^^^^^^^^^^^^^^^^^^^^^^
  File "/lustre09/project/6032307/arnauddr/MiniCPBP/server_mlm.py", line 147, in perplexity
    return {"perplexity": calculate_perplexity(sentence)}
                          ^^^^^^^^^^^^^^^^^^^^^^^^^^^^^^
  File "/lustre09/project/6032307/arnauddr/MiniCPBP/server_mlm.py", line 134, in calculate_perplexity
    with mutex:
TypeError: 'Lock' object does not support the context manager protocol
127.0.0.1 - - [30/Nov/2025 21:53:51] "[35m[1mPOST /perplexity HTTP/1.1[0m" 500 -
[2025-11-30 21:53:51,408] ERROR in app: Exception on /perplexity [POST]
Traceback (most recent call last):
  File "/lustre09/project/6032307/arnauddr/MiniCPBP/venv/lib/python3.11/site-packages/flask/app.py", line 1511, in wsgi_app
    response = self.full_dispatch_request()
               ^^^^^^^^^^^^^^^^^^^^^^^^^^^^
  File "/lustre09/project/6032307/arnauddr/MiniCPBP/venv/lib/python3.11/site-packages/flask/app.py", line 919, in full_dispatch_request
    rv = self.handle_user_exception(e)
         ^^^^^^^^^^^^^^^^^^^^^^^^^^^^^
  File "/lustre09/project/6032307/arnauddr/MiniCPBP/venv/lib/python3.11/site-packages/flask/app.py", line 917, in full_dispatch_request
    rv = self.dispatch_request()
         ^^^^^^^^^^^^^^^^^^^^^^^
  File "/lustre09/project/6032307/arnauddr/MiniCPBP/venv/lib/python3.11/site-packages/flask/app.py", line 902, in dispatch_request
    return self.ensure_sync(self.view_functions[rule.endpoint])(**view_args)  # type: ignore[no-any-return]
           ^^^^^^^^^^^^^^^^^^^^^^^^^^^^^^^^^^^^^^^^^^^^^^^^^^^^^^^^^^^^^^^^^
  File "/lustre09/project/6032307/arnauddr/MiniCPBP/server_mlm.py", line 147, in perplexity
    return {"perplexity": calculate_perplexity(sentence)}
                          ^^^^^^^^^^^^^^^^^^^^^^^^^^^^^^
  File "/lustre09/project/6032307/arnauddr/MiniCPBP/server_mlm.py", line 134, in calculate_perplexity
    with mutex:
TypeError: 'Lock' object does not support the context manager protocol
127.0.0.1 - - [30/Nov/2025 21:53:51] "[35m[1mPOST /perplexity HTTP/1.1[0m" 500 -
[2025-11-30 21:53:51,706] ERROR in app: Exception on /perplexity [POST]
Traceback (most recent call last):
  File "/lustre09/project/6032307/arnauddr/MiniCPBP/venv/lib/python3.11/site-packages/flask/app.py", line 1511, in wsgi_app
    response = self.full_dispatch_request()
               ^^^^^^^^^^^^^^^^^^^^^^^^^^^^
  File "/lustre09/project/6032307/arnauddr/MiniCPBP/venv/lib/python3.11/site-packages/flask/app.py", line 919, in full_dispatch_request
    rv = self.handle_user_exception(e)
         ^^^^^^^^^^^^^^^^^^^^^^^^^^^^^
  File "/lustre09/project/6032307/arnauddr/MiniCPBP/venv/lib/python3.11/site-packages/flask/app.py", line 917, in full_dispatch_request
    rv = self.dispatch_request()
         ^^^^^^^^^^^^^^^^^^^^^^^
  File "/lustre09/project/6032307/arnauddr/MiniCPBP/venv/lib/python3.11/site-packages/flask/app.py", line 902, in dispatch_request
    return self.ensure_sync(self.view_functions[rule.endpoint])(**view_args)  # type: ignore[no-any-return]
           ^^^^^^^^^^^^^^^^^^^^^^^^^^^^^^^^^^^^^^^^^^^^^^^^^^^^^^^^^^^^^^^^^
  File "/lustre09/project/6032307/arnauddr/MiniCPBP/server_mlm.py", line 147, in perplexity
    return {"perplexity": calculate_perplexity(sentence)}
                          ^^^^^^^^^^^^^^^^^^^^^^^^^^^^^^
  File "/lustre09/project/6032307/arnauddr/MiniCPBP/server_mlm.py", line 134, in calculate_perplexity
    with mutex:
TypeError: 'Lock' object does not support the context manager protocol
127.0.0.1 - - [30/Nov/2025 21:53:51] "[35m[1mPOST /perplexity HTTP/1.1[0m" 500 -
[2025-11-30 21:53:51,820] ERROR in app: Exception on /perplexity [POST]
Traceback (most recent call last):
  File "/lustre09/project/6032307/arnauddr/MiniCPBP/venv/lib/python3.11/site-packages/flask/app.py", line 1511, in wsgi_app
    response = self.full_dispatch_request()
               ^^^^^^^^^^^^^^^^^^^^^^^^^^^^
  File "/lustre09/project/6032307/arnauddr/MiniCPBP/venv/lib/python3.11/site-packages/flask/app.py", line 919, in full_dispatch_request
    rv = self.handle_user_exception(e)
         ^^^^^^^^^^^^^^^^^^^^^^^^^^^^^
  File "/lustre09/project/6032307/arnauddr/MiniCPBP/venv/lib/python3.11/site-packages/flask/app.py", line 917, in full_dispatch_request
    rv = self.dispatch_request()
         ^^^^^^^^^^^^^^^^^^^^^^^
  File "/lustre09/project/6032307/arnauddr/MiniCPBP/venv/lib/python3.11/site-packages/flask/app.py", line 902, in dispatch_request
    return self.ensure_sync(self.view_functions[rule.endpoint])(**view_args)  # type: ignore[no-any-return]
           ^^^^^^^^^^^^^^^^^^^^^^^^^^^^^^^^^^^^^^^^^^^^^^^^^^^^^^^^^^^^^^^^^
  File "/lustre09/project/6032307/arnauddr/MiniCPBP/server_mlm.py", line 147, in perplexity
    return {"perplexity": calculate_perplexity(sentence)}
                          ^^^^^^^^^^^^^^^^^^^^^^^^^^^^^^
  File "/lustre09/project/6032307/arnauddr/MiniCPBP/server_mlm.py", line 134, in calculate_perplexity
    with mutex:
TypeError: 'Lock' object does not support the context manager protocol
127.0.0.1 - - [30/Nov/2025 21:53:51] "[35m[1mPOST /perplexity HTTP/1.1[0m" 500 -
[2025-11-30 21:53:51,826] ERROR in app: Exception on /perplexity [POST]
Traceback (most recent call last):
  File "/lustre09/project/6032307/arnauddr/MiniCPBP/venv/lib/python3.11/site-packages/flask/app.py", line 1511, in wsgi_app
    response = self.full_dispatch_request()
               ^^^^^^^^^^^^^^^^^^^^^^^^^^^^
  File "/lustre09/project/6032307/arnauddr/MiniCPBP/venv/lib/python3.11/site-packages/flask/app.py", line 919, in full_dispatch_request
    rv = self.handle_user_exception(e)
         ^^^^^^^^^^^^^^^^^^^^^^^^^^^^^
  File "/lustre09/project/6032307/arnauddr/MiniCPBP/venv/lib/python3.11/site-packages/flask/app.py", line 917, in full_dispatch_request
    rv = self.dispatch_request()
         ^^^^^^^^^^^^^^^^^^^^^^^
  File "/lustre09/project/6032307/arnauddr/MiniCPBP/venv/lib/python3.11/site-packages/flask/app.py", line 902, in dispatch_request
    return self.ensure_sync(self.view_functions[rule.endpoint])(**view_args)  # type: ignore[no-any-return]
           ^^^^^^^^^^^^^^^^^^^^^^^^^^^^^^^^^^^^^^^^^^^^^^^^^^^^^^^^^^^^^^^^^
  File "/lustre09/project/6032307/arnauddr/MiniCPBP/server_mlm.py", line 147, in perplexity
    return {"perplexity": calculate_perplexity(sentence)}
                          ^^^^^^^^^^^^^^^^^^^^^^^^^^^^^^
  File "/lustre09/project/6032307/arnauddr/MiniCPBP/server_mlm.py", line 134, in calculate_perplexity
    with mutex:
TypeError: 'Lock' object does not support the context manager protocol
127.0.0.1 - - [30/Nov/2025 21:53:51] "[35m[1mPOST /perplexity HTTP/1.1[0m" 500 -
[2025-11-30 21:53:52,107] ERROR in app: Exception on /perplexity [POST]
Traceback (most recent call last):
  File "/lustre09/project/6032307/arnauddr/MiniCPBP/venv/lib/python3.11/site-packages/flask/app.py", line 1511, in wsgi_app
    response = self.full_dispatch_request()
               ^^^^^^^^^^^^^^^^^^^^^^^^^^^^
  File "/lustre09/project/6032307/arnauddr/MiniCPBP/venv/lib/python3.11/site-packages/flask/app.py", line 919, in full_dispatch_request
    rv = self.handle_user_exception(e)
         ^^^^^^^^^^^^^^^^^^^^^^^^^^^^^
  File "/lustre09/project/6032307/arnauddr/MiniCPBP/venv/lib/python3.11/site-packages/flask/app.py", line 917, in full_dispatch_request
    rv = self.dispatch_request()
         ^^^^^^^^^^^^^^^^^^^^^^^
  File "/lustre09/project/6032307/arnauddr/MiniCPBP/venv/lib/python3.11/site-packages/flask/app.py", line 902, in dispatch_request
    return self.ensure_sync(self.view_functions[rule.endpoint])(**view_args)  # type: ignore[no-any-return]
           ^^^^^^^^^^^^^^^^^^^^^^^^^^^^^^^^^^^^^^^^^^^^^^^^^^^^^^^^^^^^^^^^^
  File "/lustre09/project/6032307/arnauddr/MiniCPBP/server_mlm.py", line 147, in perplexity
    return {"perplexity": calculate_perplexity(sentence)}
                          ^^^^^^^^^^^^^^^^^^^^^^^^^^^^^^
  File "/lustre09/project/6032307/arnauddr/MiniCPBP/server_mlm.py", line 134, in calculate_perplexity
    with mutex:
TypeError: 'Lock' object does not support the context manager protocol
127.0.0.1 - - [30/Nov/2025 21:53:52] "[35m[1mPOST /perplexity HTTP/1.1[0m" 500 -
[2025-11-30 21:53:52,398] ERROR in app: Exception on /perplexity [POST]
Traceback (most recent call last):
  File "/lustre09/project/6032307/arnauddr/MiniCPBP/venv/lib/python3.11/site-packages/flask/app.py", line 1511, in wsgi_app
    response = self.full_dispatch_request()
               ^^^^^^^^^^^^^^^^^^^^^^^^^^^^
  File "/lustre09/project/6032307/arnauddr/MiniCPBP/venv/lib/python3.11/site-packages/flask/app.py", line 919, in full_dispatch_request
    rv = self.handle_user_exception(e)
         ^^^^^^^^^^^^^^^^^^^^^^^^^^^^^
  File "/lustre09/project/6032307/arnauddr/MiniCPBP/venv/lib/python3.11/site-packages/flask/app.py", line 917, in full_dispatch_request
    rv = self.dispatch_request()
         ^^^^^^^^^^^^^^^^^^^^^^^
  File "/lustre09/project/6032307/arnauddr/MiniCPBP/venv/lib/python3.11/site-packages/flask/app.py", line 902, in dispatch_request
    return self.ensure_sync(self.view_functions[rule.endpoint])(**view_args)  # type: ignore[no-any-return]
           ^^^^^^^^^^^^^^^^^^^^^^^^^^^^^^^^^^^^^^^^^^^^^^^^^^^^^^^^^^^^^^^^^
  File "/lustre09/project/6032307/arnauddr/MiniCPBP/server_mlm.py", line 147, in perplexity
    return {"perplexity": calculate_perplexity(sentence)}
                          ^^^^^^^^^^^^^^^^^^^^^^^^^^^^^^
  File "/lustre09/project/6032307/arnauddr/MiniCPBP/server_mlm.py", line 134, in calculate_perplexity
    with mutex:
TypeError: 'Lock' object does not support the context manager protocol
127.0.0.1 - - [30/Nov/2025 21:53:52] "[35m[1mPOST /perplexity HTTP/1.1[0m" 500 -
[2025-11-30 21:53:52,696] ERROR in app: Exception on /perplexity [POST]
Traceback (most recent call last):
  File "/lustre09/project/6032307/arnauddr/MiniCPBP/venv/lib/python3.11/site-packages/flask/app.py", line 1511, in wsgi_app
    response = self.full_dispatch_request()
               ^^^^^^^^^^^^^^^^^^^^^^^^^^^^
  File "/lustre09/project/6032307/arnauddr/MiniCPBP/venv/lib/python3.11/site-packages/flask/app.py", line 919, in full_dispatch_request
    rv = self.handle_user_exception(e)
         ^^^^^^^^^^^^^^^^^^^^^^^^^^^^^
  File "/lustre09/project/6032307/arnauddr/MiniCPBP/venv/lib/python3.11/site-packages/flask/app.py", line 917, in full_dispatch_request
    rv = self.dispatch_request()
         ^^^^^^^^^^^^^^^^^^^^^^^
  File "/lustre09/project/6032307/arnauddr/MiniCPBP/venv/lib/python3.11/site-packages/flask/app.py", line 902, in dispatch_request
    return self.ensure_sync(self.view_functions[rule.endpoint])(**view_args)  # type: ignore[no-any-return]
           ^^^^^^^^^^^^^^^^^^^^^^^^^^^^^^^^^^^^^^^^^^^^^^^^^^^^^^^^^^^^^^^^^
  File "/lustre09/project/6032307/arnauddr/MiniCPBP/server_mlm.py", line 147, in perplexity
    return {"perplexity": calculate_perplexity(sentence)}
                          ^^^^^^^^^^^^^^^^^^^^^^^^^^^^^^
  File "/lustre09/project/6032307/arnauddr/MiniCPBP/server_mlm.py", line 134, in calculate_perplexity
    with mutex:
TypeError: 'Lock' object does not support the context manager protocol
127.0.0.1 - - [30/Nov/2025 21:53:52] "[35m[1mPOST /perplexity HTTP/1.1[0m" 500 -
[2025-11-30 21:53:52,916] ERROR in app: Exception on /perplexity [POST]
Traceback (most recent call last):
  File "/lustre09/project/6032307/arnauddr/MiniCPBP/venv/lib/python3.11/site-packages/flask/app.py", line 1511, in wsgi_app
    response = self.full_dispatch_request()
               ^^^^^^^^^^^^^^^^^^^^^^^^^^^^
  File "/lustre09/project/6032307/arnauddr/MiniCPBP/venv/lib/python3.11/site-packages/flask/app.py", line 919, in full_dispatch_request
    rv = self.handle_user_exception(e)
         ^^^^^^^^^^^^^^^^^^^^^^^^^^^^^
  File "/lustre09/project/6032307/arnauddr/MiniCPBP/venv/lib/python3.11/site-packages/flask/app.py", line 917, in full_dispatch_request
    rv = self.dispatch_request()
         ^^^^^^^^^^^^^^^^^^^^^^^
  File "/lustre09/project/6032307/arnauddr/MiniCPBP/venv/lib/python3.11/site-packages/flask/app.py", line 902, in dispatch_request
    return self.ensure_sync(self.view_functions[rule.endpoint])(**view_args)  # type: ignore[no-any-return]
           ^^^^^^^^^^^^^^^^^^^^^^^^^^^^^^^^^^^^^^^^^^^^^^^^^^^^^^^^^^^^^^^^^
  File "/lustre09/project/6032307/arnauddr/MiniCPBP/server_mlm.py", line 147, in perplexity
    return {"perplexity": calculate_perplexity(sentence)}
                          ^^^^^^^^^^^^^^^^^^^^^^^^^^^^^^
  File "/lustre09/project/6032307/arnauddr/MiniCPBP/server_mlm.py", line 134, in calculate_perplexity
    with mutex:
TypeError: 'Lock' object does not support the context manager protocol
127.0.0.1 - - [30/Nov/2025 21:53:52] "[35m[1mPOST /perplexity HTTP/1.1[0m" 500 -
[2025-11-30 21:53:53,125] ERROR in app: Exception on /perplexity [POST]
Traceback (most recent call last):
  File "/lustre09/project/6032307/arnauddr/MiniCPBP/venv/lib/python3.11/site-packages/flask/app.py", line 1511, in wsgi_app
    response = self.full_dispatch_request()
               ^^^^^^^^^^^^^^^^^^^^^^^^^^^^
  File "/lustre09/project/6032307/arnauddr/MiniCPBP/venv/lib/python3.11/site-packages/flask/app.py", line 919, in full_dispatch_request
    rv = self.handle_user_exception(e)
         ^^^^^^^^^^^^^^^^^^^^^^^^^^^^^
  File "/lustre09/project/6032307/arnauddr/MiniCPBP/venv/lib/python3.11/site-packages/flask/app.py", line 917, in full_dispatch_request
    rv = self.dispatch_request()
         ^^^^^^^^^^^^^^^^^^^^^^^
  File "/lustre09/project/6032307/arnauddr/MiniCPBP/venv/lib/python3.11/site-packages/flask/app.py", line 902, in dispatch_request
    return self.ensure_sync(self.view_functions[rule.endpoint])(**view_args)  # type: ignore[no-any-return]
           ^^^^^^^^^^^^^^^^^^^^^^^^^^^^^^^^^^^^^^^^^^^^^^^^^^^^^^^^^^^^^^^^^
  File "/lustre09/project/6032307/arnauddr/MiniCPBP/server_mlm.py", line 147, in perplexity
    return {"perplexity": calculate_perplexity(sentence)}
                          ^^^^^^^^^^^^^^^^^^^^^^^^^^^^^^
  File "/lustre09/project/6032307/arnauddr/MiniCPBP/server_mlm.py", line 134, in calculate_perplexity
    with mutex:
TypeError: 'Lock' object does not support the context manager protocol
127.0.0.1 - - [30/Nov/2025 21:53:53] "[35m[1mPOST /perplexity HTTP/1.1[0m" 500 -
[2025-11-30 21:53:53,257] ERROR in app: Exception on /perplexity [POST]
Traceback (most recent call last):
  File "/lustre09/project/6032307/arnauddr/MiniCPBP/venv/lib/python3.11/site-packages/flask/app.py", line 1511, in wsgi_app
    response = self.full_dispatch_request()
               ^^^^^^^^^^^^^^^^^^^^^^^^^^^^
  File "/lustre09/project/6032307/arnauddr/MiniCPBP/venv/lib/python3.11/site-packages/flask/app.py", line 919, in full_dispatch_request
    rv = self.handle_user_exception(e)
         ^^^^^^^^^^^^^^^^^^^^^^^^^^^^^
  File "/lustre09/project/6032307/arnauddr/MiniCPBP/venv/lib/python3.11/site-packages/flask/app.py", line 917, in full_dispatch_request
    rv = self.dispatch_request()
         ^^^^^^^^^^^^^^^^^^^^^^^
  File "/lustre09/project/6032307/arnauddr/MiniCPBP/venv/lib/python3.11/site-packages/flask/app.py", line 902, in dispatch_request
    return self.ensure_sync(self.view_functions[rule.endpoint])(**view_args)  # type: ignore[no-any-return]
           ^^^^^^^^^^^^^^^^^^^^^^^^^^^^^^^^^^^^^^^^^^^^^^^^^^^^^^^^^^^^^^^^^
  File "/lustre09/project/6032307/arnauddr/MiniCPBP/server_mlm.py", line 147, in perplexity
    return {"perplexity": calculate_perplexity(sentence)}
                          ^^^^^^^^^^^^^^^^^^^^^^^^^^^^^^
  File "/lustre09/project/6032307/arnauddr/MiniCPBP/server_mlm.py", line 134, in calculate_perplexity
    with mutex:
TypeError: 'Lock' object does not support the context manager protocol
127.0.0.1 - - [30/Nov/2025 21:53:53] "[35m[1mPOST /perplexity HTTP/1.1[0m" 500 -
[2025-11-30 21:53:53,528] ERROR in app: Exception on /perplexity [POST]
Traceback (most recent call last):
  File "/lustre09/project/6032307/arnauddr/MiniCPBP/venv/lib/python3.11/site-packages/flask/app.py", line 1511, in wsgi_app
    response = self.full_dispatch_request()
               ^^^^^^^^^^^^^^^^^^^^^^^^^^^^
  File "/lustre09/project/6032307/arnauddr/MiniCPBP/venv/lib/python3.11/site-packages/flask/app.py", line 919, in full_dispatch_request
    rv = self.handle_user_exception(e)
         ^^^^^^^^^^^^^^^^^^^^^^^^^^^^^
  File "/lustre09/project/6032307/arnauddr/MiniCPBP/venv/lib/python3.11/site-packages/flask/app.py", line 917, in full_dispatch_request
    rv = self.dispatch_request()
         ^^^^^^^^^^^^^^^^^^^^^^^
  File "/lustre09/project/6032307/arnauddr/MiniCPBP/venv/lib/python3.11/site-packages/flask/app.py", line 902, in dispatch_request
    return self.ensure_sync(self.view_functions[rule.endpoint])(**view_args)  # type: ignore[no-any-return]
           ^^^^^^^^^^^^^^^^^^^^^^^^^^^^^^^^^^^^^^^^^^^^^^^^^^^^^^^^^^^^^^^^^
  File "/lustre09/project/6032307/arnauddr/MiniCPBP/server_mlm.py", line 147, in perplexity
    return {"perplexity": calculate_perplexity(sentence)}
                          ^^^^^^^^^^^^^^^^^^^^^^^^^^^^^^
  File "/lustre09/project/6032307/arnauddr/MiniCPBP/server_mlm.py", line 134, in calculate_perplexity
    with mutex:
TypeError: 'Lock' object does not support the context manager protocol
127.0.0.1 - - [30/Nov/2025 21:53:53] "[35m[1mPOST /perplexity HTTP/1.1[0m" 500 -
[2025-11-30 21:53:53,639] ERROR in app: Exception on /perplexity [POST]
Traceback (most recent call last):
  File "/lustre09/project/6032307/arnauddr/MiniCPBP/venv/lib/python3.11/site-packages/flask/app.py", line 1511, in wsgi_app
    response = self.full_dispatch_request()
               ^^^^^^^^^^^^^^^^^^^^^^^^^^^^
  File "/lustre09/project/6032307/arnauddr/MiniCPBP/venv/lib/python3.11/site-packages/flask/app.py", line 919, in full_dispatch_request
    rv = self.handle_user_exception(e)
         ^^^^^^^^^^^^^^^^^^^^^^^^^^^^^
  File "/lustre09/project/6032307/arnauddr/MiniCPBP/venv/lib/python3.11/site-packages/flask/app.py", line 917, in full_dispatch_request
    rv = self.dispatch_request()
         ^^^^^^^^^^^^^^^^^^^^^^^
  File "/lustre09/project/6032307/arnauddr/MiniCPBP/venv/lib/python3.11/site-packages/flask/app.py", line 902, in dispatch_request
    return self.ensure_sync(self.view_functions[rule.endpoint])(**view_args)  # type: ignore[no-any-return]
           ^^^^^^^^^^^^^^^^^^^^^^^^^^^^^^^^^^^^^^^^^^^^^^^^^^^^^^^^^^^^^^^^^
  File "/lustre09/project/6032307/arnauddr/MiniCPBP/server_mlm.py", line 147, in perplexity
    return {"perplexity": calculate_perplexity(sentence)}
                          ^^^^^^^^^^^^^^^^^^^^^^^^^^^^^^
  File "/lustre09/project/6032307/arnauddr/MiniCPBP/server_mlm.py", line 134, in calculate_perplexity
    with mutex:
TypeError: 'Lock' object does not support the context manager protocol
127.0.0.1 - - [30/Nov/2025 21:53:53] "[35m[1mPOST /perplexity HTTP/1.1[0m" 500 -
[2025-11-30 21:53:53,962] ERROR in app: Exception on /perplexity [POST]
Traceback (most recent call last):
  File "/lustre09/project/6032307/arnauddr/MiniCPBP/venv/lib/python3.11/site-packages/flask/app.py", line 1511, in wsgi_app
    response = self.full_dispatch_request()
               ^^^^^^^^^^^^^^^^^^^^^^^^^^^^
  File "/lustre09/project/6032307/arnauddr/MiniCPBP/venv/lib/python3.11/site-packages/flask/app.py", line 919, in full_dispatch_request
    rv = self.handle_user_exception(e)
         ^^^^^^^^^^^^^^^^^^^^^^^^^^^^^
  File "/lustre09/project/6032307/arnauddr/MiniCPBP/venv/lib/python3.11/site-packages/flask/app.py", line 917, in full_dispatch_request
    rv = self.dispatch_request()
         ^^^^^^^^^^^^^^^^^^^^^^^
  File "/lustre09/project/6032307/arnauddr/MiniCPBP/venv/lib/python3.11/site-packages/flask/app.py", line 902, in dispatch_request
    return self.ensure_sync(self.view_functions[rule.endpoint])(**view_args)  # type: ignore[no-any-return]
           ^^^^^^^^^^^^^^^^^^^^^^^^^^^^^^^^^^^^^^^^^^^^^^^^^^^^^^^^^^^^^^^^^
  File "/lustre09/project/6032307/arnauddr/MiniCPBP/server_mlm.py", line 147, in perplexity
    return {"perplexity": calculate_perplexity(sentence)}
                          ^^^^^^^^^^^^^^^^^^^^^^^^^^^^^^
  File "/lustre09/project/6032307/arnauddr/MiniCPBP/server_mlm.py", line 134, in calculate_perplexity
    with mutex:
TypeError: 'Lock' object does not support the context manager protocol
127.0.0.1 - - [30/Nov/2025 21:53:53] "[35m[1mPOST /perplexity HTTP/1.1[0m" 500 -
[2025-11-30 21:53:54,141] ERROR in app: Exception on /perplexity [POST]
Traceback (most recent call last):
  File "/lustre09/project/6032307/arnauddr/MiniCPBP/venv/lib/python3.11/site-packages/flask/app.py", line 1511, in wsgi_app
    response = self.full_dispatch_request()
               ^^^^^^^^^^^^^^^^^^^^^^^^^^^^
  File "/lustre09/project/6032307/arnauddr/MiniCPBP/venv/lib/python3.11/site-packages/flask/app.py", line 919, in full_dispatch_request
    rv = self.handle_user_exception(e)
         ^^^^^^^^^^^^^^^^^^^^^^^^^^^^^
  File "/lustre09/project/6032307/arnauddr/MiniCPBP/venv/lib/python3.11/site-packages/flask/app.py", line 917, in full_dispatch_request
    rv = self.dispatch_request()
         ^^^^^^^^^^^^^^^^^^^^^^^
  File "/lustre09/project/6032307/arnauddr/MiniCPBP/venv/lib/python3.11/site-packages/flask/app.py", line 902, in dispatch_request
    return self.ensure_sync(self.view_functions[rule.endpoint])(**view_args)  # type: ignore[no-any-return]
           ^^^^^^^^^^^^^^^^^^^^^^^^^^^^^^^^^^^^^^^^^^^^^^^^^^^^^^^^^^^^^^^^^
  File "/lustre09/project/6032307/arnauddr/MiniCPBP/server_mlm.py", line 147, in perplexity
    return {"perplexity": calculate_perplexity(sentence)}
                          ^^^^^^^^^^^^^^^^^^^^^^^^^^^^^^
  File "/lustre09/project/6032307/arnauddr/MiniCPBP/server_mlm.py", line 134, in calculate_perplexity
    with mutex:
TypeError: 'Lock' object does not support the context manager protocol
127.0.0.1 - - [30/Nov/2025 21:53:54] "[35m[1mPOST /perplexity HTTP/1.1[0m" 500 -
[2025-11-30 21:53:54,478] ERROR in app: Exception on /perplexity [POST]
Traceback (most recent call last):
  File "/lustre09/project/6032307/arnauddr/MiniCPBP/venv/lib/python3.11/site-packages/flask/app.py", line 1511, in wsgi_app
    response = self.full_dispatch_request()
               ^^^^^^^^^^^^^^^^^^^^^^^^^^^^
  File "/lustre09/project/6032307/arnauddr/MiniCPBP/venv/lib/python3.11/site-packages/flask/app.py", line 919, in full_dispatch_request
    rv = self.handle_user_exception(e)
         ^^^^^^^^^^^^^^^^^^^^^^^^^^^^^
  File "/lustre09/project/6032307/arnauddr/MiniCPBP/venv/lib/python3.11/site-packages/flask/app.py", line 917, in full_dispatch_request
    rv = self.dispatch_request()
         ^^^^^^^^^^^^^^^^^^^^^^^
  File "/lustre09/project/6032307/arnauddr/MiniCPBP/venv/lib/python3.11/site-packages/flask/app.py", line 902, in dispatch_request
    return self.ensure_sync(self.view_functions[rule.endpoint])(**view_args)  # type: ignore[no-any-return]
           ^^^^^^^^^^^^^^^^^^^^^^^^^^^^^^^^^^^^^^^^^^^^^^^^^^^^^^^^^^^^^^^^^
  File "/lustre09/project/6032307/arnauddr/MiniCPBP/server_mlm.py", line 147, in perplexity
    return {"perplexity": calculate_perplexity(sentence)}
                          ^^^^^^^^^^^^^^^^^^^^^^^^^^^^^^
  File "/lustre09/project/6032307/arnauddr/MiniCPBP/server_mlm.py", line 134, in calculate_perplexity
    with mutex:
TypeError: 'Lock' object does not support the context manager protocol
127.0.0.1 - - [30/Nov/2025 21:53:54] "[35m[1mPOST /perplexity HTTP/1.1[0m" 500 -
[2025-11-30 21:53:54,678] ERROR in app: Exception on /perplexity [POST]
Traceback (most recent call last):
  File "/lustre09/project/6032307/arnauddr/MiniCPBP/venv/lib/python3.11/site-packages/flask/app.py", line 1511, in wsgi_app
    response = self.full_dispatch_request()
               ^^^^^^^^^^^^^^^^^^^^^^^^^^^^
  File "/lustre09/project/6032307/arnauddr/MiniCPBP/venv/lib/python3.11/site-packages/flask/app.py", line 919, in full_dispatch_request
    rv = self.handle_user_exception(e)
         ^^^^^^^^^^^^^^^^^^^^^^^^^^^^^
  File "/lustre09/project/6032307/arnauddr/MiniCPBP/venv/lib/python3.11/site-packages/flask/app.py", line 917, in full_dispatch_request
    rv = self.dispatch_request()
         ^^^^^^^^^^^^^^^^^^^^^^^
  File "/lustre09/project/6032307/arnauddr/MiniCPBP/venv/lib/python3.11/site-packages/flask/app.py", line 902, in dispatch_request
    return self.ensure_sync(self.view_functions[rule.endpoint])(**view_args)  # type: ignore[no-any-return]
           ^^^^^^^^^^^^^^^^^^^^^^^^^^^^^^^^^^^^^^^^^^^^^^^^^^^^^^^^^^^^^^^^^
  File "/lustre09/project/6032307/arnauddr/MiniCPBP/server_mlm.py", line 147, in perplexity
    return {"perplexity": calculate_perplexity(sentence)}
                          ^^^^^^^^^^^^^^^^^^^^^^^^^^^^^^
  File "/lustre09/project/6032307/arnauddr/MiniCPBP/server_mlm.py", line 134, in calculate_perplexity
    with mutex:
TypeError: 'Lock' object does not support the context manager protocol
127.0.0.1 - - [30/Nov/2025 21:53:54] "[35m[1mPOST /perplexity HTTP/1.1[0m" 500 -
[2025-11-30 21:53:54,919] ERROR in app: Exception on /perplexity [POST]
Traceback (most recent call last):
  File "/lustre09/project/6032307/arnauddr/MiniCPBP/venv/lib/python3.11/site-packages/flask/app.py", line 1511, in wsgi_app
    response = self.full_dispatch_request()
               ^^^^^^^^^^^^^^^^^^^^^^^^^^^^
  File "/lustre09/project/6032307/arnauddr/MiniCPBP/venv/lib/python3.11/site-packages/flask/app.py", line 919, in full_dispatch_request
    rv = self.handle_user_exception(e)
         ^^^^^^^^^^^^^^^^^^^^^^^^^^^^^
  File "/lustre09/project/6032307/arnauddr/MiniCPBP/venv/lib/python3.11/site-packages/flask/app.py", line 917, in full_dispatch_request
    rv = self.dispatch_request()
         ^^^^^^^^^^^^^^^^^^^^^^^
  File "/lustre09/project/6032307/arnauddr/MiniCPBP/venv/lib/python3.11/site-packages/flask/app.py", line 902, in dispatch_request
    return self.ensure_sync(self.view_functions[rule.endpoint])(**view_args)  # type: ignore[no-any-return]
           ^^^^^^^^^^^^^^^^^^^^^^^^^^^^^^^^^^^^^^^^^^^^^^^^^^^^^^^^^^^^^^^^^
  File "/lustre09/project/6032307/arnauddr/MiniCPBP/server_mlm.py", line 147, in perplexity
    return {"perplexity": calculate_perplexity(sentence)}
                          ^^^^^^^^^^^^^^^^^^^^^^^^^^^^^^
  File "/lustre09/project/6032307/arnauddr/MiniCPBP/server_mlm.py", line 134, in calculate_perplexity
    with mutex:
TypeError: 'Lock' object does not support the context manager protocol
127.0.0.1 - - [30/Nov/2025 21:53:54] "[35m[1mPOST /perplexity HTTP/1.1[0m" 500 -
[2025-11-30 21:53:55,191] ERROR in app: Exception on /perplexity [POST]
Traceback (most recent call last):
  File "/lustre09/project/6032307/arnauddr/MiniCPBP/venv/lib/python3.11/site-packages/flask/app.py", line 1511, in wsgi_app
    response = self.full_dispatch_request()
               ^^^^^^^^^^^^^^^^^^^^^^^^^^^^
  File "/lustre09/project/6032307/arnauddr/MiniCPBP/venv/lib/python3.11/site-packages/flask/app.py", line 919, in full_dispatch_request
    rv = self.handle_user_exception(e)
         ^^^^^^^^^^^^^^^^^^^^^^^^^^^^^
  File "/lustre09/project/6032307/arnauddr/MiniCPBP/venv/lib/python3.11/site-packages/flask/app.py", line 917, in full_dispatch_request
    rv = self.dispatch_request()
         ^^^^^^^^^^^^^^^^^^^^^^^
  File "/lustre09/project/6032307/arnauddr/MiniCPBP/venv/lib/python3.11/site-packages/flask/app.py", line 902, in dispatch_request
    return self.ensure_sync(self.view_functions[rule.endpoint])(**view_args)  # type: ignore[no-any-return]
           ^^^^^^^^^^^^^^^^^^^^^^^^^^^^^^^^^^^^^^^^^^^^^^^^^^^^^^^^^^^^^^^^^
  File "/lustre09/project/6032307/arnauddr/MiniCPBP/server_mlm.py", line 147, in perplexity
    return {"perplexity": calculate_perplexity(sentence)}
                          ^^^^^^^^^^^^^^^^^^^^^^^^^^^^^^
  File "/lustre09/project/6032307/arnauddr/MiniCPBP/server_mlm.py", line 134, in calculate_perplexity
    with mutex:
TypeError: 'Lock' object does not support the context manager protocol
127.0.0.1 - - [30/Nov/2025 21:53:55] "[35m[1mPOST /perplexity HTTP/1.1[0m" 500 -
[2025-11-30 21:53:55,416] ERROR in app: Exception on /perplexity [POST]
Traceback (most recent call last):
  File "/lustre09/project/6032307/arnauddr/MiniCPBP/venv/lib/python3.11/site-packages/flask/app.py", line 1511, in wsgi_app
    response = self.full_dispatch_request()
               ^^^^^^^^^^^^^^^^^^^^^^^^^^^^
  File "/lustre09/project/6032307/arnauddr/MiniCPBP/venv/lib/python3.11/site-packages/flask/app.py", line 919, in full_dispatch_request
    rv = self.handle_user_exception(e)
         ^^^^^^^^^^^^^^^^^^^^^^^^^^^^^
  File "/lustre09/project/6032307/arnauddr/MiniCPBP/venv/lib/python3.11/site-packages/flask/app.py", line 917, in full_dispatch_request
    rv = self.dispatch_request()
         ^^^^^^^^^^^^^^^^^^^^^^^
  File "/lustre09/project/6032307/arnauddr/MiniCPBP/venv/lib/python3.11/site-packages/flask/app.py", line 902, in dispatch_request
    return self.ensure_sync(self.view_functions[rule.endpoint])(**view_args)  # type: ignore[no-any-return]
           ^^^^^^^^^^^^^^^^^^^^^^^^^^^^^^^^^^^^^^^^^^^^^^^^^^^^^^^^^^^^^^^^^
  File "/lustre09/project/6032307/arnauddr/MiniCPBP/server_mlm.py", line 147, in perplexity
    return {"perplexity": calculate_perplexity(sentence)}
                          ^^^^^^^^^^^^^^^^^^^^^^^^^^^^^^
  File "/lustre09/project/6032307/arnauddr/MiniCPBP/server_mlm.py", line 134, in calculate_perplexity
    with mutex:
TypeError: 'Lock' object does not support the context manager protocol
127.0.0.1 - - [30/Nov/2025 21:53:55] "[35m[1mPOST /perplexity HTTP/1.1[0m" 500 -
[2025-11-30 21:53:55,690] ERROR in app: Exception on /perplexity [POST]
Traceback (most recent call last):
  File "/lustre09/project/6032307/arnauddr/MiniCPBP/venv/lib/python3.11/site-packages/flask/app.py", line 1511, in wsgi_app
    response = self.full_dispatch_request()
               ^^^^^^^^^^^^^^^^^^^^^^^^^^^^
  File "/lustre09/project/6032307/arnauddr/MiniCPBP/venv/lib/python3.11/site-packages/flask/app.py", line 919, in full_dispatch_request
    rv = self.handle_user_exception(e)
         ^^^^^^^^^^^^^^^^^^^^^^^^^^^^^
  File "/lustre09/project/6032307/arnauddr/MiniCPBP/venv/lib/python3.11/site-packages/flask/app.py", line 917, in full_dispatch_request
    rv = self.dispatch_request()
         ^^^^^^^^^^^^^^^^^^^^^^^
  File "/lustre09/project/6032307/arnauddr/MiniCPBP/venv/lib/python3.11/site-packages/flask/app.py", line 902, in dispatch_request
    return self.ensure_sync(self.view_functions[rule.endpoint])(**view_args)  # type: ignore[no-any-return]
           ^^^^^^^^^^^^^^^^^^^^^^^^^^^^^^^^^^^^^^^^^^^^^^^^^^^^^^^^^^^^^^^^^
  File "/lustre09/project/6032307/arnauddr/MiniCPBP/server_mlm.py", line 147, in perplexity
    return {"perplexity": calculate_perplexity(sentence)}
                          ^^^^^^^^^^^^^^^^^^^^^^^^^^^^^^
  File "/lustre09/project/6032307/arnauddr/MiniCPBP/server_mlm.py", line 134, in calculate_perplexity
    with mutex:
TypeError: 'Lock' object does not support the context manager protocol
127.0.0.1 - - [30/Nov/2025 21:53:55] "[35m[1mPOST /perplexity HTTP/1.1[0m" 500 -
[2025-11-30 21:53:55,866] ERROR in app: Exception on /perplexity [POST]
Traceback (most recent call last):
  File "/lustre09/project/6032307/arnauddr/MiniCPBP/venv/lib/python3.11/site-packages/flask/app.py", line 1511, in wsgi_app
    response = self.full_dispatch_request()
               ^^^^^^^^^^^^^^^^^^^^^^^^^^^^
  File "/lustre09/project/6032307/arnauddr/MiniCPBP/venv/lib/python3.11/site-packages/flask/app.py", line 919, in full_dispatch_request
    rv = self.handle_user_exception(e)
         ^^^^^^^^^^^^^^^^^^^^^^^^^^^^^
  File "/lustre09/project/6032307/arnauddr/MiniCPBP/venv/lib/python3.11/site-packages/flask/app.py", line 917, in full_dispatch_request
    rv = self.dispatch_request()
         ^^^^^^^^^^^^^^^^^^^^^^^
  File "/lustre09/project/6032307/arnauddr/MiniCPBP/venv/lib/python3.11/site-packages/flask/app.py", line 902, in dispatch_request
    return self.ensure_sync(self.view_functions[rule.endpoint])(**view_args)  # type: ignore[no-any-return]
           ^^^^^^^^^^^^^^^^^^^^^^^^^^^^^^^^^^^^^^^^^^^^^^^^^^^^^^^^^^^^^^^^^
  File "/lustre09/project/6032307/arnauddr/MiniCPBP/server_mlm.py", line 147, in perplexity
    return {"perplexity": calculate_perplexity(sentence)}
                          ^^^^^^^^^^^^^^^^^^^^^^^^^^^^^^
  File "/lustre09/project/6032307/arnauddr/MiniCPBP/server_mlm.py", line 134, in calculate_perplexity
    with mutex:
TypeError: 'Lock' object does not support the context manager protocol
127.0.0.1 - - [30/Nov/2025 21:53:55] "[35m[1mPOST /perplexity HTTP/1.1[0m" 500 -
[2025-11-30 21:53:56,090] ERROR in app: Exception on /perplexity [POST]
Traceback (most recent call last):
  File "/lustre09/project/6032307/arnauddr/MiniCPBP/venv/lib/python3.11/site-packages/flask/app.py", line 1511, in wsgi_app
    response = self.full_dispatch_request()
               ^^^^^^^^^^^^^^^^^^^^^^^^^^^^
  File "/lustre09/project/6032307/arnauddr/MiniCPBP/venv/lib/python3.11/site-packages/flask/app.py", line 919, in full_dispatch_request
    rv = self.handle_user_exception(e)
         ^^^^^^^^^^^^^^^^^^^^^^^^^^^^^
  File "/lustre09/project/6032307/arnauddr/MiniCPBP/venv/lib/python3.11/site-packages/flask/app.py", line 917, in full_dispatch_request
    rv = self.dispatch_request()
         ^^^^^^^^^^^^^^^^^^^^^^^
  File "/lustre09/project/6032307/arnauddr/MiniCPBP/venv/lib/python3.11/site-packages/flask/app.py", line 902, in dispatch_request
    return self.ensure_sync(self.view_functions[rule.endpoint])(**view_args)  # type: ignore[no-any-return]
           ^^^^^^^^^^^^^^^^^^^^^^^^^^^^^^^^^^^^^^^^^^^^^^^^^^^^^^^^^^^^^^^^^
  File "/lustre09/project/6032307/arnauddr/MiniCPBP/server_mlm.py", line 147, in perplexity
    return {"perplexity": calculate_perplexity(sentence)}
                          ^^^^^^^^^^^^^^^^^^^^^^^^^^^^^^
  File "/lustre09/project/6032307/arnauddr/MiniCPBP/server_mlm.py", line 134, in calculate_perplexity
    with mutex:
TypeError: 'Lock' object does not support the context manager protocol
127.0.0.1 - - [30/Nov/2025 21:53:56] "[35m[1mPOST /perplexity HTTP/1.1[0m" 500 -
[2025-11-30 21:53:56,290] ERROR in app: Exception on /perplexity [POST]
Traceback (most recent call last):
  File "/lustre09/project/6032307/arnauddr/MiniCPBP/venv/lib/python3.11/site-packages/flask/app.py", line 1511, in wsgi_app
    response = self.full_dispatch_request()
               ^^^^^^^^^^^^^^^^^^^^^^^^^^^^
  File "/lustre09/project/6032307/arnauddr/MiniCPBP/venv/lib/python3.11/site-packages/flask/app.py", line 919, in full_dispatch_request
    rv = self.handle_user_exception(e)
         ^^^^^^^^^^^^^^^^^^^^^^^^^^^^^
  File "/lustre09/project/6032307/arnauddr/MiniCPBP/venv/lib/python3.11/site-packages/flask/app.py", line 917, in full_dispatch_request
    rv = self.dispatch_request()
         ^^^^^^^^^^^^^^^^^^^^^^^
  File "/lustre09/project/6032307/arnauddr/MiniCPBP/venv/lib/python3.11/site-packages/flask/app.py", line 902, in dispatch_request
    return self.ensure_sync(self.view_functions[rule.endpoint])(**view_args)  # type: ignore[no-any-return]
           ^^^^^^^^^^^^^^^^^^^^^^^^^^^^^^^^^^^^^^^^^^^^^^^^^^^^^^^^^^^^^^^^^
  File "/lustre09/project/6032307/arnauddr/MiniCPBP/server_mlm.py", line 147, in perplexity
    return {"perplexity": calculate_perplexity(sentence)}
                          ^^^^^^^^^^^^^^^^^^^^^^^^^^^^^^
  File "/lustre09/project/6032307/arnauddr/MiniCPBP/server_mlm.py", line 134, in calculate_perplexity
    with mutex:
TypeError: 'Lock' object does not support the context manager protocol
127.0.0.1 - - [30/Nov/2025 21:53:56] "[35m[1mPOST /perplexity HTTP/1.1[0m" 500 -
[2025-11-30 21:53:56,609] ERROR in app: Exception on /perplexity [POST]
Traceback (most recent call last):
  File "/lustre09/project/6032307/arnauddr/MiniCPBP/venv/lib/python3.11/site-packages/flask/app.py", line 1511, in wsgi_app
    response = self.full_dispatch_request()
               ^^^^^^^^^^^^^^^^^^^^^^^^^^^^
  File "/lustre09/project/6032307/arnauddr/MiniCPBP/venv/lib/python3.11/site-packages/flask/app.py", line 919, in full_dispatch_request
    rv = self.handle_user_exception(e)
         ^^^^^^^^^^^^^^^^^^^^^^^^^^^^^
  File "/lustre09/project/6032307/arnauddr/MiniCPBP/venv/lib/python3.11/site-packages/flask/app.py", line 917, in full_dispatch_request
    rv = self.dispatch_request()
         ^^^^^^^^^^^^^^^^^^^^^^^
  File "/lustre09/project/6032307/arnauddr/MiniCPBP/venv/lib/python3.11/site-packages/flask/app.py", line 902, in dispatch_request
    return self.ensure_sync(self.view_functions[rule.endpoint])(**view_args)  # type: ignore[no-any-return]
           ^^^^^^^^^^^^^^^^^^^^^^^^^^^^^^^^^^^^^^^^^^^^^^^^^^^^^^^^^^^^^^^^^
  File "/lustre09/project/6032307/arnauddr/MiniCPBP/server_mlm.py", line 147, in perplexity
    return {"perplexity": calculate_perplexity(sentence)}
                          ^^^^^^^^^^^^^^^^^^^^^^^^^^^^^^
  File "/lustre09/project/6032307/arnauddr/MiniCPBP/server_mlm.py", line 134, in calculate_perplexity
    with mutex:
TypeError: 'Lock' object does not support the context manager protocol
127.0.0.1 - - [30/Nov/2025 21:53:56] "[35m[1mPOST /perplexity HTTP/1.1[0m" 500 -
[2025-11-30 21:53:56,859] ERROR in app: Exception on /perplexity [POST]
Traceback (most recent call last):
  File "/lustre09/project/6032307/arnauddr/MiniCPBP/venv/lib/python3.11/site-packages/flask/app.py", line 1511, in wsgi_app
    response = self.full_dispatch_request()
               ^^^^^^^^^^^^^^^^^^^^^^^^^^^^
  File "/lustre09/project/6032307/arnauddr/MiniCPBP/venv/lib/python3.11/site-packages/flask/app.py", line 919, in full_dispatch_request
    rv = self.handle_user_exception(e)
         ^^^^^^^^^^^^^^^^^^^^^^^^^^^^^
  File "/lustre09/project/6032307/arnauddr/MiniCPBP/venv/lib/python3.11/site-packages/flask/app.py", line 917, in full_dispatch_request
    rv = self.dispatch_request()
         ^^^^^^^^^^^^^^^^^^^^^^^
  File "/lustre09/project/6032307/arnauddr/MiniCPBP/venv/lib/python3.11/site-packages/flask/app.py", line 902, in dispatch_request
    return self.ensure_sync(self.view_functions[rule.endpoint])(**view_args)  # type: ignore[no-any-return]
           ^^^^^^^^^^^^^^^^^^^^^^^^^^^^^^^^^^^^^^^^^^^^^^^^^^^^^^^^^^^^^^^^^
  File "/lustre09/project/6032307/arnauddr/MiniCPBP/server_mlm.py", line 147, in perplexity
    return {"perplexity": calculate_perplexity(sentence)}
                          ^^^^^^^^^^^^^^^^^^^^^^^^^^^^^^
  File "/lustre09/project/6032307/arnauddr/MiniCPBP/server_mlm.py", line 134, in calculate_perplexity
    with mutex:
TypeError: 'Lock' object does not support the context manager protocol
127.0.0.1 - - [30/Nov/2025 21:53:56] "[35m[1mPOST /perplexity HTTP/1.1[0m" 500 -
[2025-11-30 21:53:57,061] ERROR in app: Exception on /perplexity [POST]
Traceback (most recent call last):
  File "/lustre09/project/6032307/arnauddr/MiniCPBP/venv/lib/python3.11/site-packages/flask/app.py", line 1511, in wsgi_app
    response = self.full_dispatch_request()
               ^^^^^^^^^^^^^^^^^^^^^^^^^^^^
  File "/lustre09/project/6032307/arnauddr/MiniCPBP/venv/lib/python3.11/site-packages/flask/app.py", line 919, in full_dispatch_request
    rv = self.handle_user_exception(e)
         ^^^^^^^^^^^^^^^^^^^^^^^^^^^^^
  File "/lustre09/project/6032307/arnauddr/MiniCPBP/venv/lib/python3.11/site-packages/flask/app.py", line 917, in full_dispatch_request
    rv = self.dispatch_request()
         ^^^^^^^^^^^^^^^^^^^^^^^
  File "/lustre09/project/6032307/arnauddr/MiniCPBP/venv/lib/python3.11/site-packages/flask/app.py", line 902, in dispatch_request
    return self.ensure_sync(self.view_functions[rule.endpoint])(**view_args)  # type: ignore[no-any-return]
           ^^^^^^^^^^^^^^^^^^^^^^^^^^^^^^^^^^^^^^^^^^^^^^^^^^^^^^^^^^^^^^^^^
  File "/lustre09/project/6032307/arnauddr/MiniCPBP/server_mlm.py", line 147, in perplexity
    return {"perplexity": calculate_perplexity(sentence)}
                          ^^^^^^^^^^^^^^^^^^^^^^^^^^^^^^
  File "/lustre09/project/6032307/arnauddr/MiniCPBP/server_mlm.py", line 134, in calculate_perplexity
    with mutex:
TypeError: 'Lock' object does not support the context manager protocol
127.0.0.1 - - [30/Nov/2025 21:53:57] "[35m[1mPOST /perplexity HTTP/1.1[0m" 500 -
[2025-11-30 21:53:57,311] ERROR in app: Exception on /perplexity [POST]
Traceback (most recent call last):
  File "/lustre09/project/6032307/arnauddr/MiniCPBP/venv/lib/python3.11/site-packages/flask/app.py", line 1511, in wsgi_app
    response = self.full_dispatch_request()
               ^^^^^^^^^^^^^^^^^^^^^^^^^^^^
  File "/lustre09/project/6032307/arnauddr/MiniCPBP/venv/lib/python3.11/site-packages/flask/app.py", line 919, in full_dispatch_request
    rv = self.handle_user_exception(e)
         ^^^^^^^^^^^^^^^^^^^^^^^^^^^^^
  File "/lustre09/project/6032307/arnauddr/MiniCPBP/venv/lib/python3.11/site-packages/flask/app.py", line 917, in full_dispatch_request
    rv = self.dispatch_request()
         ^^^^^^^^^^^^^^^^^^^^^^^
  File "/lustre09/project/6032307/arnauddr/MiniCPBP/venv/lib/python3.11/site-packages/flask/app.py", line 902, in dispatch_request
    return self.ensure_sync(self.view_functions[rule.endpoint])(**view_args)  # type: ignore[no-any-return]
           ^^^^^^^^^^^^^^^^^^^^^^^^^^^^^^^^^^^^^^^^^^^^^^^^^^^^^^^^^^^^^^^^^
  File "/lustre09/project/6032307/arnauddr/MiniCPBP/server_mlm.py", line 147, in perplexity
    return {"perplexity": calculate_perplexity(sentence)}
                          ^^^^^^^^^^^^^^^^^^^^^^^^^^^^^^
  File "/lustre09/project/6032307/arnauddr/MiniCPBP/server_mlm.py", line 134, in calculate_perplexity
    with mutex:
TypeError: 'Lock' object does not support the context manager protocol
127.0.0.1 - - [30/Nov/2025 21:53:57] "[35m[1mPOST /perplexity HTTP/1.1[0m" 500 -
[2025-11-30 21:53:57,525] ERROR in app: Exception on /perplexity [POST]
Traceback (most recent call last):
  File "/lustre09/project/6032307/arnauddr/MiniCPBP/venv/lib/python3.11/site-packages/flask/app.py", line 1511, in wsgi_app
    response = self.full_dispatch_request()
               ^^^^^^^^^^^^^^^^^^^^^^^^^^^^
  File "/lustre09/project/6032307/arnauddr/MiniCPBP/venv/lib/python3.11/site-packages/flask/app.py", line 919, in full_dispatch_request
    rv = self.handle_user_exception(e)
         ^^^^^^^^^^^^^^^^^^^^^^^^^^^^^
  File "/lustre09/project/6032307/arnauddr/MiniCPBP/venv/lib/python3.11/site-packages/flask/app.py", line 917, in full_dispatch_request
    rv = self.dispatch_request()
         ^^^^^^^^^^^^^^^^^^^^^^^
  File "/lustre09/project/6032307/arnauddr/MiniCPBP/venv/lib/python3.11/site-packages/flask/app.py", line 902, in dispatch_request
    return self.ensure_sync(self.view_functions[rule.endpoint])(**view_args)  # type: ignore[no-any-return]
           ^^^^^^^^^^^^^^^^^^^^^^^^^^^^^^^^^^^^^^^^^^^^^^^^^^^^^^^^^^^^^^^^^
  File "/lustre09/project/6032307/arnauddr/MiniCPBP/server_mlm.py", line 147, in perplexity
    return {"perplexity": calculate_perplexity(sentence)}
                          ^^^^^^^^^^^^^^^^^^^^^^^^^^^^^^
  File "/lustre09/project/6032307/arnauddr/MiniCPBP/server_mlm.py", line 134, in calculate_perplexity
    with mutex:
TypeError: 'Lock' object does not support the context manager protocol
127.0.0.1 - - [30/Nov/2025 21:53:57] "[35m[1mPOST /perplexity HTTP/1.1[0m" 500 -
[2025-11-30 21:53:57,725] ERROR in app: Exception on /perplexity [POST]
Traceback (most recent call last):
  File "/lustre09/project/6032307/arnauddr/MiniCPBP/venv/lib/python3.11/site-packages/flask/app.py", line 1511, in wsgi_app
    response = self.full_dispatch_request()
               ^^^^^^^^^^^^^^^^^^^^^^^^^^^^
  File "/lustre09/project/6032307/arnauddr/MiniCPBP/venv/lib/python3.11/site-packages/flask/app.py", line 919, in full_dispatch_request
    rv = self.handle_user_exception(e)
         ^^^^^^^^^^^^^^^^^^^^^^^^^^^^^
  File "/lustre09/project/6032307/arnauddr/MiniCPBP/venv/lib/python3.11/site-packages/flask/app.py", line 917, in full_dispatch_request
    rv = self.dispatch_request()
         ^^^^^^^^^^^^^^^^^^^^^^^
  File "/lustre09/project/6032307/arnauddr/MiniCPBP/venv/lib/python3.11/site-packages/flask/app.py", line 902, in dispatch_request
    return self.ensure_sync(self.view_functions[rule.endpoint])(**view_args)  # type: ignore[no-any-return]
           ^^^^^^^^^^^^^^^^^^^^^^^^^^^^^^^^^^^^^^^^^^^^^^^^^^^^^^^^^^^^^^^^^
  File "/lustre09/project/6032307/arnauddr/MiniCPBP/server_mlm.py", line 147, in perplexity
    return {"perplexity": calculate_perplexity(sentence)}
                          ^^^^^^^^^^^^^^^^^^^^^^^^^^^^^^
  File "/lustre09/project/6032307/arnauddr/MiniCPBP/server_mlm.py", line 134, in calculate_perplexity
    with mutex:
TypeError: 'Lock' object does not support the context manager protocol
127.0.0.1 - - [30/Nov/2025 21:53:57] "[35m[1mPOST /perplexity HTTP/1.1[0m" 500 -
[2025-11-30 21:53:57,964] ERROR in app: Exception on /perplexity [POST]
Traceback (most recent call last):
  File "/lustre09/project/6032307/arnauddr/MiniCPBP/venv/lib/python3.11/site-packages/flask/app.py", line 1511, in wsgi_app
    response = self.full_dispatch_request()
               ^^^^^^^^^^^^^^^^^^^^^^^^^^^^
  File "/lustre09/project/6032307/arnauddr/MiniCPBP/venv/lib/python3.11/site-packages/flask/app.py", line 919, in full_dispatch_request
    rv = self.handle_user_exception(e)
         ^^^^^^^^^^^^^^^^^^^^^^^^^^^^^
  File "/lustre09/project/6032307/arnauddr/MiniCPBP/venv/lib/python3.11/site-packages/flask/app.py", line 917, in full_dispatch_request
    rv = self.dispatch_request()
         ^^^^^^^^^^^^^^^^^^^^^^^
  File "/lustre09/project/6032307/arnauddr/MiniCPBP/venv/lib/python3.11/site-packages/flask/app.py", line 902, in dispatch_request
    return self.ensure_sync(self.view_functions[rule.endpoint])(**view_args)  # type: ignore[no-any-return]
           ^^^^^^^^^^^^^^^^^^^^^^^^^^^^^^^^^^^^^^^^^^^^^^^^^^^^^^^^^^^^^^^^^
  File "/lustre09/project/6032307/arnauddr/MiniCPBP/server_mlm.py", line 147, in perplexity
    return {"perplexity": calculate_perplexity(sentence)}
                          ^^^^^^^^^^^^^^^^^^^^^^^^^^^^^^
  File "/lustre09/project/6032307/arnauddr/MiniCPBP/server_mlm.py", line 134, in calculate_perplexity
    with mutex:
TypeError: 'Lock' object does not support the context manager protocol
127.0.0.1 - - [30/Nov/2025 21:53:57] "[35m[1mPOST /perplexity HTTP/1.1[0m" 500 -
[2025-11-30 21:53:58,260] ERROR in app: Exception on /perplexity [POST]
Traceback (most recent call last):
  File "/lustre09/project/6032307/arnauddr/MiniCPBP/venv/lib/python3.11/site-packages/flask/app.py", line 1511, in wsgi_app
    response = self.full_dispatch_request()
               ^^^^^^^^^^^^^^^^^^^^^^^^^^^^
  File "/lustre09/project/6032307/arnauddr/MiniCPBP/venv/lib/python3.11/site-packages/flask/app.py", line 919, in full_dispatch_request
    rv = self.handle_user_exception(e)
         ^^^^^^^^^^^^^^^^^^^^^^^^^^^^^
  File "/lustre09/project/6032307/arnauddr/MiniCPBP/venv/lib/python3.11/site-packages/flask/app.py", line 917, in full_dispatch_request
    rv = self.dispatch_request()
         ^^^^^^^^^^^^^^^^^^^^^^^
  File "/lustre09/project/6032307/arnauddr/MiniCPBP/venv/lib/python3.11/site-packages/flask/app.py", line 902, in dispatch_request
    return self.ensure_sync(self.view_functions[rule.endpoint])(**view_args)  # type: ignore[no-any-return]
           ^^^^^^^^^^^^^^^^^^^^^^^^^^^^^^^^^^^^^^^^^^^^^^^^^^^^^^^^^^^^^^^^^
  File "/lustre09/project/6032307/arnauddr/MiniCPBP/server_mlm.py", line 147, in perplexity
    return {"perplexity": calculate_perplexity(sentence)}
                          ^^^^^^^^^^^^^^^^^^^^^^^^^^^^^^
  File "/lustre09/project/6032307/arnauddr/MiniCPBP/server_mlm.py", line 134, in calculate_perplexity
    with mutex:
TypeError: 'Lock' object does not support the context manager protocol
127.0.0.1 - - [30/Nov/2025 21:53:58] "[35m[1mPOST /perplexity HTTP/1.1[0m" 500 -
[2025-11-30 21:53:58,533] ERROR in app: Exception on /perplexity [POST]
Traceback (most recent call last):
  File "/lustre09/project/6032307/arnauddr/MiniCPBP/venv/lib/python3.11/site-packages/flask/app.py", line 1511, in wsgi_app
    response = self.full_dispatch_request()
               ^^^^^^^^^^^^^^^^^^^^^^^^^^^^
  File "/lustre09/project/6032307/arnauddr/MiniCPBP/venv/lib/python3.11/site-packages/flask/app.py", line 919, in full_dispatch_request
    rv = self.handle_user_exception(e)
         ^^^^^^^^^^^^^^^^^^^^^^^^^^^^^
  File "/lustre09/project/6032307/arnauddr/MiniCPBP/venv/lib/python3.11/site-packages/flask/app.py", line 917, in full_dispatch_request
    rv = self.dispatch_request()
         ^^^^^^^^^^^^^^^^^^^^^^^
  File "/lustre09/project/6032307/arnauddr/MiniCPBP/venv/lib/python3.11/site-packages/flask/app.py", line 902, in dispatch_request
    return self.ensure_sync(self.view_functions[rule.endpoint])(**view_args)  # type: ignore[no-any-return]
           ^^^^^^^^^^^^^^^^^^^^^^^^^^^^^^^^^^^^^^^^^^^^^^^^^^^^^^^^^^^^^^^^^
  File "/lustre09/project/6032307/arnauddr/MiniCPBP/server_mlm.py", line 147, in perplexity
    return {"perplexity": calculate_perplexity(sentence)}
                          ^^^^^^^^^^^^^^^^^^^^^^^^^^^^^^
  File "/lustre09/project/6032307/arnauddr/MiniCPBP/server_mlm.py", line 134, in calculate_perplexity
    with mutex:
TypeError: 'Lock' object does not support the context manager protocol
127.0.0.1 - - [30/Nov/2025 21:53:58] "[35m[1mPOST /perplexity HTTP/1.1[0m" 500 -
[2025-11-30 21:53:58,793] ERROR in app: Exception on /perplexity [POST]
Traceback (most recent call last):
  File "/lustre09/project/6032307/arnauddr/MiniCPBP/venv/lib/python3.11/site-packages/flask/app.py", line 1511, in wsgi_app
    response = self.full_dispatch_request()
               ^^^^^^^^^^^^^^^^^^^^^^^^^^^^
  File "/lustre09/project/6032307/arnauddr/MiniCPBP/venv/lib/python3.11/site-packages/flask/app.py", line 919, in full_dispatch_request
    rv = self.handle_user_exception(e)
         ^^^^^^^^^^^^^^^^^^^^^^^^^^^^^
  File "/lustre09/project/6032307/arnauddr/MiniCPBP/venv/lib/python3.11/site-packages/flask/app.py", line 917, in full_dispatch_request
    rv = self.dispatch_request()
         ^^^^^^^^^^^^^^^^^^^^^^^
  File "/lustre09/project/6032307/arnauddr/MiniCPBP/venv/lib/python3.11/site-packages/flask/app.py", line 902, in dispatch_request
    return self.ensure_sync(self.view_functions[rule.endpoint])(**view_args)  # type: ignore[no-any-return]
           ^^^^^^^^^^^^^^^^^^^^^^^^^^^^^^^^^^^^^^^^^^^^^^^^^^^^^^^^^^^^^^^^^
  File "/lustre09/project/6032307/arnauddr/MiniCPBP/server_mlm.py", line 147, in perplexity
    return {"perplexity": calculate_perplexity(sentence)}
                          ^^^^^^^^^^^^^^^^^^^^^^^^^^^^^^
  File "/lustre09/project/6032307/arnauddr/MiniCPBP/server_mlm.py", line 134, in calculate_perplexity
    with mutex:
TypeError: 'Lock' object does not support the context manager protocol
127.0.0.1 - - [30/Nov/2025 21:53:58] "[35m[1mPOST /perplexity HTTP/1.1[0m" 500 -
[2025-11-30 21:53:59,009] ERROR in app: Exception on /perplexity [POST]
Traceback (most recent call last):
  File "/lustre09/project/6032307/arnauddr/MiniCPBP/venv/lib/python3.11/site-packages/flask/app.py", line 1511, in wsgi_app
    response = self.full_dispatch_request()
               ^^^^^^^^^^^^^^^^^^^^^^^^^^^^
  File "/lustre09/project/6032307/arnauddr/MiniCPBP/venv/lib/python3.11/site-packages/flask/app.py", line 919, in full_dispatch_request
    rv = self.handle_user_exception(e)
         ^^^^^^^^^^^^^^^^^^^^^^^^^^^^^
  File "/lustre09/project/6032307/arnauddr/MiniCPBP/venv/lib/python3.11/site-packages/flask/app.py", line 917, in full_dispatch_request
    rv = self.dispatch_request()
         ^^^^^^^^^^^^^^^^^^^^^^^
  File "/lustre09/project/6032307/arnauddr/MiniCPBP/venv/lib/python3.11/site-packages/flask/app.py", line 902, in dispatch_request
    return self.ensure_sync(self.view_functions[rule.endpoint])(**view_args)  # type: ignore[no-any-return]
           ^^^^^^^^^^^^^^^^^^^^^^^^^^^^^^^^^^^^^^^^^^^^^^^^^^^^^^^^^^^^^^^^^
  File "/lustre09/project/6032307/arnauddr/MiniCPBP/server_mlm.py", line 147, in perplexity
    return {"perplexity": calculate_perplexity(sentence)}
                          ^^^^^^^^^^^^^^^^^^^^^^^^^^^^^^
  File "/lustre09/project/6032307/arnauddr/MiniCPBP/server_mlm.py", line 134, in calculate_perplexity
    with mutex:
TypeError: 'Lock' object does not support the context manager protocol
127.0.0.1 - - [30/Nov/2025 21:53:59] "[35m[1mPOST /perplexity HTTP/1.1[0m" 500 -
[2025-11-30 21:53:59,293] ERROR in app: Exception on /perplexity [POST]
Traceback (most recent call last):
  File "/lustre09/project/6032307/arnauddr/MiniCPBP/venv/lib/python3.11/site-packages/flask/app.py", line 1511, in wsgi_app
    response = self.full_dispatch_request()
               ^^^^^^^^^^^^^^^^^^^^^^^^^^^^
  File "/lustre09/project/6032307/arnauddr/MiniCPBP/venv/lib/python3.11/site-packages/flask/app.py", line 919, in full_dispatch_request
    rv = self.handle_user_exception(e)
         ^^^^^^^^^^^^^^^^^^^^^^^^^^^^^
  File "/lustre09/project/6032307/arnauddr/MiniCPBP/venv/lib/python3.11/site-packages/flask/app.py", line 917, in full_dispatch_request
    rv = self.dispatch_request()
         ^^^^^^^^^^^^^^^^^^^^^^^
  File "/lustre09/project/6032307/arnauddr/MiniCPBP/venv/lib/python3.11/site-packages/flask/app.py", line 902, in dispatch_request
    return self.ensure_sync(self.view_functions[rule.endpoint])(**view_args)  # type: ignore[no-any-return]
           ^^^^^^^^^^^^^^^^^^^^^^^^^^^^^^^^^^^^^^^^^^^^^^^^^^^^^^^^^^^^^^^^^
  File "/lustre09/project/6032307/arnauddr/MiniCPBP/server_mlm.py", line 147, in perplexity
    return {"perplexity": calculate_perplexity(sentence)}
                          ^^^^^^^^^^^^^^^^^^^^^^^^^^^^^^
  File "/lustre09/project/6032307/arnauddr/MiniCPBP/server_mlm.py", line 134, in calculate_perplexity
    with mutex:
TypeError: 'Lock' object does not support the context manager protocol
127.0.0.1 - - [30/Nov/2025 21:53:59] "[35m[1mPOST /perplexity HTTP/1.1[0m" 500 -
[2025-11-30 21:53:59,509] ERROR in app: Exception on /perplexity [POST]
Traceback (most recent call last):
  File "/lustre09/project/6032307/arnauddr/MiniCPBP/venv/lib/python3.11/site-packages/flask/app.py", line 1511, in wsgi_app
    response = self.full_dispatch_request()
               ^^^^^^^^^^^^^^^^^^^^^^^^^^^^
  File "/lustre09/project/6032307/arnauddr/MiniCPBP/venv/lib/python3.11/site-packages/flask/app.py", line 919, in full_dispatch_request
    rv = self.handle_user_exception(e)
         ^^^^^^^^^^^^^^^^^^^^^^^^^^^^^
  File "/lustre09/project/6032307/arnauddr/MiniCPBP/venv/lib/python3.11/site-packages/flask/app.py", line 917, in full_dispatch_request
    rv = self.dispatch_request()
         ^^^^^^^^^^^^^^^^^^^^^^^
  File "/lustre09/project/6032307/arnauddr/MiniCPBP/venv/lib/python3.11/site-packages/flask/app.py", line 902, in dispatch_request
    return self.ensure_sync(self.view_functions[rule.endpoint])(**view_args)  # type: ignore[no-any-return]
           ^^^^^^^^^^^^^^^^^^^^^^^^^^^^^^^^^^^^^^^^^^^^^^^^^^^^^^^^^^^^^^^^^
  File "/lustre09/project/6032307/arnauddr/MiniCPBP/server_mlm.py", line 147, in perplexity
    return {"perplexity": calculate_perplexity(sentence)}
                          ^^^^^^^^^^^^^^^^^^^^^^^^^^^^^^
  File "/lustre09/project/6032307/arnauddr/MiniCPBP/server_mlm.py", line 134, in calculate_perplexity
    with mutex:
TypeError: 'Lock' object does not support the context manager protocol
127.0.0.1 - - [30/Nov/2025 21:53:59] "[35m[1mPOST /perplexity HTTP/1.1[0m" 500 -
[2025-11-30 21:53:59,743] ERROR in app: Exception on /perplexity [POST]
Traceback (most recent call last):
  File "/lustre09/project/6032307/arnauddr/MiniCPBP/venv/lib/python3.11/site-packages/flask/app.py", line 1511, in wsgi_app
    response = self.full_dispatch_request()
               ^^^^^^^^^^^^^^^^^^^^^^^^^^^^
  File "/lustre09/project/6032307/arnauddr/MiniCPBP/venv/lib/python3.11/site-packages/flask/app.py", line 919, in full_dispatch_request
    rv = self.handle_user_exception(e)
         ^^^^^^^^^^^^^^^^^^^^^^^^^^^^^
  File "/lustre09/project/6032307/arnauddr/MiniCPBP/venv/lib/python3.11/site-packages/flask/app.py", line 917, in full_dispatch_request
    rv = self.dispatch_request()
         ^^^^^^^^^^^^^^^^^^^^^^^
  File "/lustre09/project/6032307/arnauddr/MiniCPBP/venv/lib/python3.11/site-packages/flask/app.py", line 902, in dispatch_request
    return self.ensure_sync(self.view_functions[rule.endpoint])(**view_args)  # type: ignore[no-any-return]
           ^^^^^^^^^^^^^^^^^^^^^^^^^^^^^^^^^^^^^^^^^^^^^^^^^^^^^^^^^^^^^^^^^
  File "/lustre09/project/6032307/arnauddr/MiniCPBP/server_mlm.py", line 147, in perplexity
    return {"perplexity": calculate_perplexity(sentence)}
                          ^^^^^^^^^^^^^^^^^^^^^^^^^^^^^^
  File "/lustre09/project/6032307/arnauddr/MiniCPBP/server_mlm.py", line 134, in calculate_perplexity
    with mutex:
TypeError: 'Lock' object does not support the context manager protocol
127.0.0.1 - - [30/Nov/2025 21:53:59] "[35m[1mPOST /perplexity HTTP/1.1[0m" 500 -
[2025-11-30 21:54:00,004] ERROR in app: Exception on /perplexity [POST]
Traceback (most recent call last):
  File "/lustre09/project/6032307/arnauddr/MiniCPBP/venv/lib/python3.11/site-packages/flask/app.py", line 1511, in wsgi_app
    response = self.full_dispatch_request()
               ^^^^^^^^^^^^^^^^^^^^^^^^^^^^
  File "/lustre09/project/6032307/arnauddr/MiniCPBP/venv/lib/python3.11/site-packages/flask/app.py", line 919, in full_dispatch_request
    rv = self.handle_user_exception(e)
         ^^^^^^^^^^^^^^^^^^^^^^^^^^^^^
  File "/lustre09/project/6032307/arnauddr/MiniCPBP/venv/lib/python3.11/site-packages/flask/app.py", line 917, in full_dispatch_request
    rv = self.dispatch_request()
         ^^^^^^^^^^^^^^^^^^^^^^^
  File "/lustre09/project/6032307/arnauddr/MiniCPBP/venv/lib/python3.11/site-packages/flask/app.py", line 902, in dispatch_request
    return self.ensure_sync(self.view_functions[rule.endpoint])(**view_args)  # type: ignore[no-any-return]
           ^^^^^^^^^^^^^^^^^^^^^^^^^^^^^^^^^^^^^^^^^^^^^^^^^^^^^^^^^^^^^^^^^
  File "/lustre09/project/6032307/arnauddr/MiniCPBP/server_mlm.py", line 147, in perplexity
    return {"perplexity": calculate_perplexity(sentence)}
                          ^^^^^^^^^^^^^^^^^^^^^^^^^^^^^^
  File "/lustre09/project/6032307/arnauddr/MiniCPBP/server_mlm.py", line 134, in calculate_perplexity
    with mutex:
TypeError: 'Lock' object does not support the context manager protocol
127.0.0.1 - - [30/Nov/2025 21:54:00] "[35m[1mPOST /perplexity HTTP/1.1[0m" 500 -
[2025-11-30 21:54:00,245] ERROR in app: Exception on /perplexity [POST]
Traceback (most recent call last):
  File "/lustre09/project/6032307/arnauddr/MiniCPBP/venv/lib/python3.11/site-packages/flask/app.py", line 1511, in wsgi_app
    response = self.full_dispatch_request()
               ^^^^^^^^^^^^^^^^^^^^^^^^^^^^
  File "/lustre09/project/6032307/arnauddr/MiniCPBP/venv/lib/python3.11/site-packages/flask/app.py", line 919, in full_dispatch_request
    rv = self.handle_user_exception(e)
         ^^^^^^^^^^^^^^^^^^^^^^^^^^^^^
  File "/lustre09/project/6032307/arnauddr/MiniCPBP/venv/lib/python3.11/site-packages/flask/app.py", line 917, in full_dispatch_request
    rv = self.dispatch_request()
         ^^^^^^^^^^^^^^^^^^^^^^^
  File "/lustre09/project/6032307/arnauddr/MiniCPBP/venv/lib/python3.11/site-packages/flask/app.py", line 902, in dispatch_request
    return self.ensure_sync(self.view_functions[rule.endpoint])(**view_args)  # type: ignore[no-any-return]
           ^^^^^^^^^^^^^^^^^^^^^^^^^^^^^^^^^^^^^^^^^^^^^^^^^^^^^^^^^^^^^^^^^
  File "/lustre09/project/6032307/arnauddr/MiniCPBP/server_mlm.py", line 147, in perplexity
    return {"perplexity": calculate_perplexity(sentence)}
                          ^^^^^^^^^^^^^^^^^^^^^^^^^^^^^^
  File "/lustre09/project/6032307/arnauddr/MiniCPBP/server_mlm.py", line 134, in calculate_perplexity
    with mutex:
TypeError: 'Lock' object does not support the context manager protocol
127.0.0.1 - - [30/Nov/2025 21:54:00] "[35m[1mPOST /perplexity HTTP/1.1[0m" 500 -
[2025-11-30 21:54:00,546] ERROR in app: Exception on /perplexity [POST]
Traceback (most recent call last):
  File "/lustre09/project/6032307/arnauddr/MiniCPBP/venv/lib/python3.11/site-packages/flask/app.py", line 1511, in wsgi_app
    response = self.full_dispatch_request()
               ^^^^^^^^^^^^^^^^^^^^^^^^^^^^
  File "/lustre09/project/6032307/arnauddr/MiniCPBP/venv/lib/python3.11/site-packages/flask/app.py", line 919, in full_dispatch_request
    rv = self.handle_user_exception(e)
         ^^^^^^^^^^^^^^^^^^^^^^^^^^^^^
  File "/lustre09/project/6032307/arnauddr/MiniCPBP/venv/lib/python3.11/site-packages/flask/app.py", line 917, in full_dispatch_request
    rv = self.dispatch_request()
         ^^^^^^^^^^^^^^^^^^^^^^^
  File "/lustre09/project/6032307/arnauddr/MiniCPBP/venv/lib/python3.11/site-packages/flask/app.py", line 902, in dispatch_request
    return self.ensure_sync(self.view_functions[rule.endpoint])(**view_args)  # type: ignore[no-any-return]
           ^^^^^^^^^^^^^^^^^^^^^^^^^^^^^^^^^^^^^^^^^^^^^^^^^^^^^^^^^^^^^^^^^
  File "/lustre09/project/6032307/arnauddr/MiniCPBP/server_mlm.py", line 147, in perplexity
    return {"perplexity": calculate_perplexity(sentence)}
                          ^^^^^^^^^^^^^^^^^^^^^^^^^^^^^^
  File "/lustre09/project/6032307/arnauddr/MiniCPBP/server_mlm.py", line 134, in calculate_perplexity
    with mutex:
TypeError: 'Lock' object does not support the context manager protocol
127.0.0.1 - - [30/Nov/2025 21:54:00] "[35m[1mPOST /perplexity HTTP/1.1[0m" 500 -
[2025-11-30 21:54:00,794] ERROR in app: Exception on /perplexity [POST]
Traceback (most recent call last):
  File "/lustre09/project/6032307/arnauddr/MiniCPBP/venv/lib/python3.11/site-packages/flask/app.py", line 1511, in wsgi_app
    response = self.full_dispatch_request()
               ^^^^^^^^^^^^^^^^^^^^^^^^^^^^
  File "/lustre09/project/6032307/arnauddr/MiniCPBP/venv/lib/python3.11/site-packages/flask/app.py", line 919, in full_dispatch_request
    rv = self.handle_user_exception(e)
         ^^^^^^^^^^^^^^^^^^^^^^^^^^^^^
  File "/lustre09/project/6032307/arnauddr/MiniCPBP/venv/lib/python3.11/site-packages/flask/app.py", line 917, in full_dispatch_request
    rv = self.dispatch_request()
         ^^^^^^^^^^^^^^^^^^^^^^^
  File "/lustre09/project/6032307/arnauddr/MiniCPBP/venv/lib/python3.11/site-packages/flask/app.py", line 902, in dispatch_request
    return self.ensure_sync(self.view_functions[rule.endpoint])(**view_args)  # type: ignore[no-any-return]
           ^^^^^^^^^^^^^^^^^^^^^^^^^^^^^^^^^^^^^^^^^^^^^^^^^^^^^^^^^^^^^^^^^
  File "/lustre09/project/6032307/arnauddr/MiniCPBP/server_mlm.py", line 147, in perplexity
    return {"perplexity": calculate_perplexity(sentence)}
                          ^^^^^^^^^^^^^^^^^^^^^^^^^^^^^^
  File "/lustre09/project/6032307/arnauddr/MiniCPBP/server_mlm.py", line 134, in calculate_perplexity
    with mutex:
TypeError: 'Lock' object does not support the context manager protocol
127.0.0.1 - - [30/Nov/2025 21:54:00] "[35m[1mPOST /perplexity HTTP/1.1[0m" 500 -
[2025-11-30 21:54:01,096] ERROR in app: Exception on /perplexity [POST]
Traceback (most recent call last):
  File "/lustre09/project/6032307/arnauddr/MiniCPBP/venv/lib/python3.11/site-packages/flask/app.py", line 1511, in wsgi_app
    response = self.full_dispatch_request()
               ^^^^^^^^^^^^^^^^^^^^^^^^^^^^
  File "/lustre09/project/6032307/arnauddr/MiniCPBP/venv/lib/python3.11/site-packages/flask/app.py", line 919, in full_dispatch_request
    rv = self.handle_user_exception(e)
         ^^^^^^^^^^^^^^^^^^^^^^^^^^^^^
  File "/lustre09/project/6032307/arnauddr/MiniCPBP/venv/lib/python3.11/site-packages/flask/app.py", line 917, in full_dispatch_request
    rv = self.dispatch_request()
         ^^^^^^^^^^^^^^^^^^^^^^^
  File "/lustre09/project/6032307/arnauddr/MiniCPBP/venv/lib/python3.11/site-packages/flask/app.py", line 902, in dispatch_request
    return self.ensure_sync(self.view_functions[rule.endpoint])(**view_args)  # type: ignore[no-any-return]
           ^^^^^^^^^^^^^^^^^^^^^^^^^^^^^^^^^^^^^^^^^^^^^^^^^^^^^^^^^^^^^^^^^
  File "/lustre09/project/6032307/arnauddr/MiniCPBP/server_mlm.py", line 147, in perplexity
    return {"perplexity": calculate_perplexity(sentence)}
                          ^^^^^^^^^^^^^^^^^^^^^^^^^^^^^^
  File "/lustre09/project/6032307/arnauddr/MiniCPBP/server_mlm.py", line 134, in calculate_perplexity
    with mutex:
TypeError: 'Lock' object does not support the context manager protocol
127.0.0.1 - - [30/Nov/2025 21:54:01] "[35m[1mPOST /perplexity HTTP/1.1[0m" 500 -
[2025-11-30 21:54:01,316] ERROR in app: Exception on /perplexity [POST]
Traceback (most recent call last):
  File "/lustre09/project/6032307/arnauddr/MiniCPBP/venv/lib/python3.11/site-packages/flask/app.py", line 1511, in wsgi_app
    response = self.full_dispatch_request()
               ^^^^^^^^^^^^^^^^^^^^^^^^^^^^
  File "/lustre09/project/6032307/arnauddr/MiniCPBP/venv/lib/python3.11/site-packages/flask/app.py", line 919, in full_dispatch_request
    rv = self.handle_user_exception(e)
         ^^^^^^^^^^^^^^^^^^^^^^^^^^^^^
  File "/lustre09/project/6032307/arnauddr/MiniCPBP/venv/lib/python3.11/site-packages/flask/app.py", line 917, in full_dispatch_request
    rv = self.dispatch_request()
         ^^^^^^^^^^^^^^^^^^^^^^^
  File "/lustre09/project/6032307/arnauddr/MiniCPBP/venv/lib/python3.11/site-packages/flask/app.py", line 902, in dispatch_request
    return self.ensure_sync(self.view_functions[rule.endpoint])(**view_args)  # type: ignore[no-any-return]
           ^^^^^^^^^^^^^^^^^^^^^^^^^^^^^^^^^^^^^^^^^^^^^^^^^^^^^^^^^^^^^^^^^
  File "/lustre09/project/6032307/arnauddr/MiniCPBP/server_mlm.py", line 147, in perplexity
    return {"perplexity": calculate_perplexity(sentence)}
                          ^^^^^^^^^^^^^^^^^^^^^^^^^^^^^^
  File "/lustre09/project/6032307/arnauddr/MiniCPBP/server_mlm.py", line 134, in calculate_perplexity
    with mutex:
TypeError: 'Lock' object does not support the context manager protocol
127.0.0.1 - - [30/Nov/2025 21:54:01] "[35m[1mPOST /perplexity HTTP/1.1[0m" 500 -
[2025-11-30 21:54:01,574] ERROR in app: Exception on /perplexity [POST]
Traceback (most recent call last):
  File "/lustre09/project/6032307/arnauddr/MiniCPBP/venv/lib/python3.11/site-packages/flask/app.py", line 1511, in wsgi_app
    response = self.full_dispatch_request()
               ^^^^^^^^^^^^^^^^^^^^^^^^^^^^
  File "/lustre09/project/6032307/arnauddr/MiniCPBP/venv/lib/python3.11/site-packages/flask/app.py", line 919, in full_dispatch_request
    rv = self.handle_user_exception(e)
         ^^^^^^^^^^^^^^^^^^^^^^^^^^^^^
  File "/lustre09/project/6032307/arnauddr/MiniCPBP/venv/lib/python3.11/site-packages/flask/app.py", line 917, in full_dispatch_request
    rv = self.dispatch_request()
         ^^^^^^^^^^^^^^^^^^^^^^^
  File "/lustre09/project/6032307/arnauddr/MiniCPBP/venv/lib/python3.11/site-packages/flask/app.py", line 902, in dispatch_request
    return self.ensure_sync(self.view_functions[rule.endpoint])(**view_args)  # type: ignore[no-any-return]
           ^^^^^^^^^^^^^^^^^^^^^^^^^^^^^^^^^^^^^^^^^^^^^^^^^^^^^^^^^^^^^^^^^
  File "/lustre09/project/6032307/arnauddr/MiniCPBP/server_mlm.py", line 147, in perplexity
    return {"perplexity": calculate_perplexity(sentence)}
                          ^^^^^^^^^^^^^^^^^^^^^^^^^^^^^^
  File "/lustre09/project/6032307/arnauddr/MiniCPBP/server_mlm.py", line 134, in calculate_perplexity
    with mutex:
TypeError: 'Lock' object does not support the context manager protocol
127.0.0.1 - - [30/Nov/2025 21:54:01] "[35m[1mPOST /perplexity HTTP/1.1[0m" 500 -
[2025-11-30 21:54:01,800] ERROR in app: Exception on /perplexity [POST]
Traceback (most recent call last):
  File "/lustre09/project/6032307/arnauddr/MiniCPBP/venv/lib/python3.11/site-packages/flask/app.py", line 1511, in wsgi_app
    response = self.full_dispatch_request()
               ^^^^^^^^^^^^^^^^^^^^^^^^^^^^
  File "/lustre09/project/6032307/arnauddr/MiniCPBP/venv/lib/python3.11/site-packages/flask/app.py", line 919, in full_dispatch_request
    rv = self.handle_user_exception(e)
         ^^^^^^^^^^^^^^^^^^^^^^^^^^^^^
  File "/lustre09/project/6032307/arnauddr/MiniCPBP/venv/lib/python3.11/site-packages/flask/app.py", line 917, in full_dispatch_request
    rv = self.dispatch_request()
         ^^^^^^^^^^^^^^^^^^^^^^^
  File "/lustre09/project/6032307/arnauddr/MiniCPBP/venv/lib/python3.11/site-packages/flask/app.py", line 902, in dispatch_request
    return self.ensure_sync(self.view_functions[rule.endpoint])(**view_args)  # type: ignore[no-any-return]
           ^^^^^^^^^^^^^^^^^^^^^^^^^^^^^^^^^^^^^^^^^^^^^^^^^^^^^^^^^^^^^^^^^
  File "/lustre09/project/6032307/arnauddr/MiniCPBP/server_mlm.py", line 147, in perplexity
    return {"perplexity": calculate_perplexity(sentence)}
                          ^^^^^^^^^^^^^^^^^^^^^^^^^^^^^^
  File "/lustre09/project/6032307/arnauddr/MiniCPBP/server_mlm.py", line 134, in calculate_perplexity
    with mutex:
TypeError: 'Lock' object does not support the context manager protocol
127.0.0.1 - - [30/Nov/2025 21:54:01] "[35m[1mPOST /perplexity HTTP/1.1[0m" 500 -
[2025-11-30 21:54:02,048] ERROR in app: Exception on /perplexity [POST]
Traceback (most recent call last):
  File "/lustre09/project/6032307/arnauddr/MiniCPBP/venv/lib/python3.11/site-packages/flask/app.py", line 1511, in wsgi_app
    response = self.full_dispatch_request()
               ^^^^^^^^^^^^^^^^^^^^^^^^^^^^
  File "/lustre09/project/6032307/arnauddr/MiniCPBP/venv/lib/python3.11/site-packages/flask/app.py", line 919, in full_dispatch_request
    rv = self.handle_user_exception(e)
         ^^^^^^^^^^^^^^^^^^^^^^^^^^^^^
  File "/lustre09/project/6032307/arnauddr/MiniCPBP/venv/lib/python3.11/site-packages/flask/app.py", line 917, in full_dispatch_request
    rv = self.dispatch_request()
         ^^^^^^^^^^^^^^^^^^^^^^^
  File "/lustre09/project/6032307/arnauddr/MiniCPBP/venv/lib/python3.11/site-packages/flask/app.py", line 902, in dispatch_request
    return self.ensure_sync(self.view_functions[rule.endpoint])(**view_args)  # type: ignore[no-any-return]
           ^^^^^^^^^^^^^^^^^^^^^^^^^^^^^^^^^^^^^^^^^^^^^^^^^^^^^^^^^^^^^^^^^
  File "/lustre09/project/6032307/arnauddr/MiniCPBP/server_mlm.py", line 147, in perplexity
    return {"perplexity": calculate_perplexity(sentence)}
                          ^^^^^^^^^^^^^^^^^^^^^^^^^^^^^^
  File "/lustre09/project/6032307/arnauddr/MiniCPBP/server_mlm.py", line 134, in calculate_perplexity
    with mutex:
TypeError: 'Lock' object does not support the context manager protocol
127.0.0.1 - - [30/Nov/2025 21:54:02] "[35m[1mPOST /perplexity HTTP/1.1[0m" 500 -
[2025-11-30 21:54:02,248] ERROR in app: Exception on /perplexity [POST]
Traceback (most recent call last):
  File "/lustre09/project/6032307/arnauddr/MiniCPBP/venv/lib/python3.11/site-packages/flask/app.py", line 1511, in wsgi_app
    response = self.full_dispatch_request()
               ^^^^^^^^^^^^^^^^^^^^^^^^^^^^
  File "/lustre09/project/6032307/arnauddr/MiniCPBP/venv/lib/python3.11/site-packages/flask/app.py", line 919, in full_dispatch_request
    rv = self.handle_user_exception(e)
         ^^^^^^^^^^^^^^^^^^^^^^^^^^^^^
  File "/lustre09/project/6032307/arnauddr/MiniCPBP/venv/lib/python3.11/site-packages/flask/app.py", line 917, in full_dispatch_request
    rv = self.dispatch_request()
         ^^^^^^^^^^^^^^^^^^^^^^^
  File "/lustre09/project/6032307/arnauddr/MiniCPBP/venv/lib/python3.11/site-packages/flask/app.py", line 902, in dispatch_request
    return self.ensure_sync(self.view_functions[rule.endpoint])(**view_args)  # type: ignore[no-any-return]
           ^^^^^^^^^^^^^^^^^^^^^^^^^^^^^^^^^^^^^^^^^^^^^^^^^^^^^^^^^^^^^^^^^
  File "/lustre09/project/6032307/arnauddr/MiniCPBP/server_mlm.py", line 147, in perplexity
    return {"perplexity": calculate_perplexity(sentence)}
                          ^^^^^^^^^^^^^^^^^^^^^^^^^^^^^^
  File "/lustre09/project/6032307/arnauddr/MiniCPBP/server_mlm.py", line 134, in calculate_perplexity
    with mutex:
TypeError: 'Lock' object does not support the context manager protocol
127.0.0.1 - - [30/Nov/2025 21:54:02] "[35m[1mPOST /perplexity HTTP/1.1[0m" 500 -
[2025-11-30 21:54:02,498] ERROR in app: Exception on /perplexity [POST]
Traceback (most recent call last):
  File "/lustre09/project/6032307/arnauddr/MiniCPBP/venv/lib/python3.11/site-packages/flask/app.py", line 1511, in wsgi_app
    response = self.full_dispatch_request()
               ^^^^^^^^^^^^^^^^^^^^^^^^^^^^
  File "/lustre09/project/6032307/arnauddr/MiniCPBP/venv/lib/python3.11/site-packages/flask/app.py", line 919, in full_dispatch_request
    rv = self.handle_user_exception(e)
         ^^^^^^^^^^^^^^^^^^^^^^^^^^^^^
  File "/lustre09/project/6032307/arnauddr/MiniCPBP/venv/lib/python3.11/site-packages/flask/app.py", line 917, in full_dispatch_request
    rv = self.dispatch_request()
         ^^^^^^^^^^^^^^^^^^^^^^^
  File "/lustre09/project/6032307/arnauddr/MiniCPBP/venv/lib/python3.11/site-packages/flask/app.py", line 902, in dispatch_request
    return self.ensure_sync(self.view_functions[rule.endpoint])(**view_args)  # type: ignore[no-any-return]
           ^^^^^^^^^^^^^^^^^^^^^^^^^^^^^^^^^^^^^^^^^^^^^^^^^^^^^^^^^^^^^^^^^
  File "/lustre09/project/6032307/arnauddr/MiniCPBP/server_mlm.py", line 147, in perplexity
    return {"perplexity": calculate_perplexity(sentence)}
                          ^^^^^^^^^^^^^^^^^^^^^^^^^^^^^^
  File "/lustre09/project/6032307/arnauddr/MiniCPBP/server_mlm.py", line 134, in calculate_perplexity
    with mutex:
TypeError: 'Lock' object does not support the context manager protocol
127.0.0.1 - - [30/Nov/2025 21:54:02] "[35m[1mPOST /perplexity HTTP/1.1[0m" 500 -
[2025-11-30 21:54:02,724] ERROR in app: Exception on /perplexity [POST]
Traceback (most recent call last):
  File "/lustre09/project/6032307/arnauddr/MiniCPBP/venv/lib/python3.11/site-packages/flask/app.py", line 1511, in wsgi_app
    response = self.full_dispatch_request()
               ^^^^^^^^^^^^^^^^^^^^^^^^^^^^
  File "/lustre09/project/6032307/arnauddr/MiniCPBP/venv/lib/python3.11/site-packages/flask/app.py", line 919, in full_dispatch_request
    rv = self.handle_user_exception(e)
         ^^^^^^^^^^^^^^^^^^^^^^^^^^^^^
  File "/lustre09/project/6032307/arnauddr/MiniCPBP/venv/lib/python3.11/site-packages/flask/app.py", line 917, in full_dispatch_request
    rv = self.dispatch_request()
         ^^^^^^^^^^^^^^^^^^^^^^^
  File "/lustre09/project/6032307/arnauddr/MiniCPBP/venv/lib/python3.11/site-packages/flask/app.py", line 902, in dispatch_request
    return self.ensure_sync(self.view_functions[rule.endpoint])(**view_args)  # type: ignore[no-any-return]
           ^^^^^^^^^^^^^^^^^^^^^^^^^^^^^^^^^^^^^^^^^^^^^^^^^^^^^^^^^^^^^^^^^
  File "/lustre09/project/6032307/arnauddr/MiniCPBP/server_mlm.py", line 147, in perplexity
    return {"perplexity": calculate_perplexity(sentence)}
                          ^^^^^^^^^^^^^^^^^^^^^^^^^^^^^^
  File "/lustre09/project/6032307/arnauddr/MiniCPBP/server_mlm.py", line 134, in calculate_perplexity
    with mutex:
TypeError: 'Lock' object does not support the context manager protocol
127.0.0.1 - - [30/Nov/2025 21:54:02] "[35m[1mPOST /perplexity HTTP/1.1[0m" 500 -
[2025-11-30 21:54:02,952] ERROR in app: Exception on /perplexity [POST]
Traceback (most recent call last):
  File "/lustre09/project/6032307/arnauddr/MiniCPBP/venv/lib/python3.11/site-packages/flask/app.py", line 1511, in wsgi_app
    response = self.full_dispatch_request()
               ^^^^^^^^^^^^^^^^^^^^^^^^^^^^
  File "/lustre09/project/6032307/arnauddr/MiniCPBP/venv/lib/python3.11/site-packages/flask/app.py", line 919, in full_dispatch_request
    rv = self.handle_user_exception(e)
         ^^^^^^^^^^^^^^^^^^^^^^^^^^^^^
  File "/lustre09/project/6032307/arnauddr/MiniCPBP/venv/lib/python3.11/site-packages/flask/app.py", line 917, in full_dispatch_request
    rv = self.dispatch_request()
         ^^^^^^^^^^^^^^^^^^^^^^^
  File "/lustre09/project/6032307/arnauddr/MiniCPBP/venv/lib/python3.11/site-packages/flask/app.py", line 902, in dispatch_request
    return self.ensure_sync(self.view_functions[rule.endpoint])(**view_args)  # type: ignore[no-any-return]
           ^^^^^^^^^^^^^^^^^^^^^^^^^^^^^^^^^^^^^^^^^^^^^^^^^^^^^^^^^^^^^^^^^
  File "/lustre09/project/6032307/arnauddr/MiniCPBP/server_mlm.py", line 147, in perplexity
    return {"perplexity": calculate_perplexity(sentence)}
                          ^^^^^^^^^^^^^^^^^^^^^^^^^^^^^^
  File "/lustre09/project/6032307/arnauddr/MiniCPBP/server_mlm.py", line 134, in calculate_perplexity
    with mutex:
TypeError: 'Lock' object does not support the context manager protocol
127.0.0.1 - - [30/Nov/2025 21:54:02] "[35m[1mPOST /perplexity HTTP/1.1[0m" 500 -
[2025-11-30 21:54:03,218] ERROR in app: Exception on /perplexity [POST]
Traceback (most recent call last):
  File "/lustre09/project/6032307/arnauddr/MiniCPBP/venv/lib/python3.11/site-packages/flask/app.py", line 1511, in wsgi_app
    response = self.full_dispatch_request()
               ^^^^^^^^^^^^^^^^^^^^^^^^^^^^
  File "/lustre09/project/6032307/arnauddr/MiniCPBP/venv/lib/python3.11/site-packages/flask/app.py", line 919, in full_dispatch_request
    rv = self.handle_user_exception(e)
         ^^^^^^^^^^^^^^^^^^^^^^^^^^^^^
  File "/lustre09/project/6032307/arnauddr/MiniCPBP/venv/lib/python3.11/site-packages/flask/app.py", line 917, in full_dispatch_request
    rv = self.dispatch_request()
         ^^^^^^^^^^^^^^^^^^^^^^^
  File "/lustre09/project/6032307/arnauddr/MiniCPBP/venv/lib/python3.11/site-packages/flask/app.py", line 902, in dispatch_request
    return self.ensure_sync(self.view_functions[rule.endpoint])(**view_args)  # type: ignore[no-any-return]
           ^^^^^^^^^^^^^^^^^^^^^^^^^^^^^^^^^^^^^^^^^^^^^^^^^^^^^^^^^^^^^^^^^
  File "/lustre09/project/6032307/arnauddr/MiniCPBP/server_mlm.py", line 147, in perplexity
    return {"perplexity": calculate_perplexity(sentence)}
                          ^^^^^^^^^^^^^^^^^^^^^^^^^^^^^^
  File "/lustre09/project/6032307/arnauddr/MiniCPBP/server_mlm.py", line 134, in calculate_perplexity
    with mutex:
TypeError: 'Lock' object does not support the context manager protocol
127.0.0.1 - - [30/Nov/2025 21:54:03] "[35m[1mPOST /perplexity HTTP/1.1[0m" 500 -
[2025-11-30 21:54:03,491] ERROR in app: Exception on /perplexity [POST]
Traceback (most recent call last):
  File "/lustre09/project/6032307/arnauddr/MiniCPBP/venv/lib/python3.11/site-packages/flask/app.py", line 1511, in wsgi_app
    response = self.full_dispatch_request()
               ^^^^^^^^^^^^^^^^^^^^^^^^^^^^
  File "/lustre09/project/6032307/arnauddr/MiniCPBP/venv/lib/python3.11/site-packages/flask/app.py", line 919, in full_dispatch_request
    rv = self.handle_user_exception(e)
         ^^^^^^^^^^^^^^^^^^^^^^^^^^^^^
  File "/lustre09/project/6032307/arnauddr/MiniCPBP/venv/lib/python3.11/site-packages/flask/app.py", line 917, in full_dispatch_request
    rv = self.dispatch_request()
         ^^^^^^^^^^^^^^^^^^^^^^^
  File "/lustre09/project/6032307/arnauddr/MiniCPBP/venv/lib/python3.11/site-packages/flask/app.py", line 902, in dispatch_request
    return self.ensure_sync(self.view_functions[rule.endpoint])(**view_args)  # type: ignore[no-any-return]
           ^^^^^^^^^^^^^^^^^^^^^^^^^^^^^^^^^^^^^^^^^^^^^^^^^^^^^^^^^^^^^^^^^
  File "/lustre09/project/6032307/arnauddr/MiniCPBP/server_mlm.py", line 147, in perplexity
    return {"perplexity": calculate_perplexity(sentence)}
                          ^^^^^^^^^^^^^^^^^^^^^^^^^^^^^^
  File "/lustre09/project/6032307/arnauddr/MiniCPBP/server_mlm.py", line 134, in calculate_perplexity
    with mutex:
TypeError: 'Lock' object does not support the context manager protocol
127.0.0.1 - - [30/Nov/2025 21:54:03] "[35m[1mPOST /perplexity HTTP/1.1[0m" 500 -
[2025-11-30 21:54:03,640] ERROR in app: Exception on /perplexity [POST]
Traceback (most recent call last):
  File "/lustre09/project/6032307/arnauddr/MiniCPBP/venv/lib/python3.11/site-packages/flask/app.py", line 1511, in wsgi_app
    response = self.full_dispatch_request()
               ^^^^^^^^^^^^^^^^^^^^^^^^^^^^
  File "/lustre09/project/6032307/arnauddr/MiniCPBP/venv/lib/python3.11/site-packages/flask/app.py", line 919, in full_dispatch_request
    rv = self.handle_user_exception(e)
         ^^^^^^^^^^^^^^^^^^^^^^^^^^^^^
  File "/lustre09/project/6032307/arnauddr/MiniCPBP/venv/lib/python3.11/site-packages/flask/app.py", line 917, in full_dispatch_request
    rv = self.dispatch_request()
         ^^^^^^^^^^^^^^^^^^^^^^^
  File "/lustre09/project/6032307/arnauddr/MiniCPBP/venv/lib/python3.11/site-packages/flask/app.py", line 902, in dispatch_request
    return self.ensure_sync(self.view_functions[rule.endpoint])(**view_args)  # type: ignore[no-any-return]
           ^^^^^^^^^^^^^^^^^^^^^^^^^^^^^^^^^^^^^^^^^^^^^^^^^^^^^^^^^^^^^^^^^
  File "/lustre09/project/6032307/arnauddr/MiniCPBP/server_mlm.py", line 147, in perplexity
    return {"perplexity": calculate_perplexity(sentence)}
                          ^^^^^^^^^^^^^^^^^^^^^^^^^^^^^^
  File "/lustre09/project/6032307/arnauddr/MiniCPBP/server_mlm.py", line 134, in calculate_perplexity
    with mutex:
TypeError: 'Lock' object does not support the context manager protocol
127.0.0.1 - - [30/Nov/2025 21:54:03] "[35m[1mPOST /perplexity HTTP/1.1[0m" 500 -
[2025-11-30 21:54:03,808] ERROR in app: Exception on /perplexity [POST]
Traceback (most recent call last):
  File "/lustre09/project/6032307/arnauddr/MiniCPBP/venv/lib/python3.11/site-packages/flask/app.py", line 1511, in wsgi_app
    response = self.full_dispatch_request()
               ^^^^^^^^^^^^^^^^^^^^^^^^^^^^
  File "/lustre09/project/6032307/arnauddr/MiniCPBP/venv/lib/python3.11/site-packages/flask/app.py", line 919, in full_dispatch_request
    rv = self.handle_user_exception(e)
         ^^^^^^^^^^^^^^^^^^^^^^^^^^^^^
  File "/lustre09/project/6032307/arnauddr/MiniCPBP/venv/lib/python3.11/site-packages/flask/app.py", line 917, in full_dispatch_request
    rv = self.dispatch_request()
         ^^^^^^^^^^^^^^^^^^^^^^^
  File "/lustre09/project/6032307/arnauddr/MiniCPBP/venv/lib/python3.11/site-packages/flask/app.py", line 902, in dispatch_request
    return self.ensure_sync(self.view_functions[rule.endpoint])(**view_args)  # type: ignore[no-any-return]
           ^^^^^^^^^^^^^^^^^^^^^^^^^^^^^^^^^^^^^^^^^^^^^^^^^^^^^^^^^^^^^^^^^
  File "/lustre09/project/6032307/arnauddr/MiniCPBP/server_mlm.py", line 147, in perplexity
    return {"perplexity": calculate_perplexity(sentence)}
                          ^^^^^^^^^^^^^^^^^^^^^^^^^^^^^^
  File "/lustre09/project/6032307/arnauddr/MiniCPBP/server_mlm.py", line 134, in calculate_perplexity
    with mutex:
TypeError: 'Lock' object does not support the context manager protocol
127.0.0.1 - - [30/Nov/2025 21:54:03] "[35m[1mPOST /perplexity HTTP/1.1[0m" 500 -
[2025-11-30 21:54:03,855] ERROR in app: Exception on /perplexity [POST]
Traceback (most recent call last):
  File "/lustre09/project/6032307/arnauddr/MiniCPBP/venv/lib/python3.11/site-packages/flask/app.py", line 1511, in wsgi_app
    response = self.full_dispatch_request()
               ^^^^^^^^^^^^^^^^^^^^^^^^^^^^
  File "/lustre09/project/6032307/arnauddr/MiniCPBP/venv/lib/python3.11/site-packages/flask/app.py", line 919, in full_dispatch_request
    rv = self.handle_user_exception(e)
         ^^^^^^^^^^^^^^^^^^^^^^^^^^^^^
  File "/lustre09/project/6032307/arnauddr/MiniCPBP/venv/lib/python3.11/site-packages/flask/app.py", line 917, in full_dispatch_request
    rv = self.dispatch_request()
         ^^^^^^^^^^^^^^^^^^^^^^^
  File "/lustre09/project/6032307/arnauddr/MiniCPBP/venv/lib/python3.11/site-packages/flask/app.py", line 902, in dispatch_request
    return self.ensure_sync(self.view_functions[rule.endpoint])(**view_args)  # type: ignore[no-any-return]
           ^^^^^^^^^^^^^^^^^^^^^^^^^^^^^^^^^^^^^^^^^^^^^^^^^^^^^^^^^^^^^^^^^
  File "/lustre09/project/6032307/arnauddr/MiniCPBP/server_mlm.py", line 147, in perplexity
    return {"perplexity": calculate_perplexity(sentence)}
                          ^^^^^^^^^^^^^^^^^^^^^^^^^^^^^^
  File "/lustre09/project/6032307/arnauddr/MiniCPBP/server_mlm.py", line 134, in calculate_perplexity
    with mutex:
TypeError: 'Lock' object does not support the context manager protocol
127.0.0.1 - - [30/Nov/2025 21:54:03] "[35m[1mPOST /perplexity HTTP/1.1[0m" 500 -
[2025-11-30 21:54:03,981] ERROR in app: Exception on /perplexity [POST]
Traceback (most recent call last):
  File "/lustre09/project/6032307/arnauddr/MiniCPBP/venv/lib/python3.11/site-packages/flask/app.py", line 1511, in wsgi_app
    response = self.full_dispatch_request()
               ^^^^^^^^^^^^^^^^^^^^^^^^^^^^
  File "/lustre09/project/6032307/arnauddr/MiniCPBP/venv/lib/python3.11/site-packages/flask/app.py", line 919, in full_dispatch_request
    rv = self.handle_user_exception(e)
         ^^^^^^^^^^^^^^^^^^^^^^^^^^^^^
  File "/lustre09/project/6032307/arnauddr/MiniCPBP/venv/lib/python3.11/site-packages/flask/app.py", line 917, in full_dispatch_request
    rv = self.dispatch_request()
         ^^^^^^^^^^^^^^^^^^^^^^^
  File "/lustre09/project/6032307/arnauddr/MiniCPBP/venv/lib/python3.11/site-packages/flask/app.py", line 902, in dispatch_request
    return self.ensure_sync(self.view_functions[rule.endpoint])(**view_args)  # type: ignore[no-any-return]
           ^^^^^^^^^^^^^^^^^^^^^^^^^^^^^^^^^^^^^^^^^^^^^^^^^^^^^^^^^^^^^^^^^
  File "/lustre09/project/6032307/arnauddr/MiniCPBP/server_mlm.py", line 147, in perplexity
    return {"perplexity": calculate_perplexity(sentence)}
                          ^^^^^^^^^^^^^^^^^^^^^^^^^^^^^^
  File "/lustre09/project/6032307/arnauddr/MiniCPBP/server_mlm.py", line 134, in calculate_perplexity
    with mutex:
TypeError: 'Lock' object does not support the context manager protocol
127.0.0.1 - - [30/Nov/2025 21:54:03] "[35m[1mPOST /perplexity HTTP/1.1[0m" 500 -
[2025-11-30 21:54:04,178] ERROR in app: Exception on /perplexity [POST]
Traceback (most recent call last):
  File "/lustre09/project/6032307/arnauddr/MiniCPBP/venv/lib/python3.11/site-packages/flask/app.py", line 1511, in wsgi_app
    response = self.full_dispatch_request()
               ^^^^^^^^^^^^^^^^^^^^^^^^^^^^
  File "/lustre09/project/6032307/arnauddr/MiniCPBP/venv/lib/python3.11/site-packages/flask/app.py", line 919, in full_dispatch_request
    rv = self.handle_user_exception(e)
         ^^^^^^^^^^^^^^^^^^^^^^^^^^^^^
  File "/lustre09/project/6032307/arnauddr/MiniCPBP/venv/lib/python3.11/site-packages/flask/app.py", line 917, in full_dispatch_request
    rv = self.dispatch_request()
         ^^^^^^^^^^^^^^^^^^^^^^^
  File "/lustre09/project/6032307/arnauddr/MiniCPBP/venv/lib/python3.11/site-packages/flask/app.py", line 902, in dispatch_request
    return self.ensure_sync(self.view_functions[rule.endpoint])(**view_args)  # type: ignore[no-any-return]
           ^^^^^^^^^^^^^^^^^^^^^^^^^^^^^^^^^^^^^^^^^^^^^^^^^^^^^^^^^^^^^^^^^
  File "/lustre09/project/6032307/arnauddr/MiniCPBP/server_mlm.py", line 147, in perplexity
    return {"perplexity": calculate_perplexity(sentence)}
                          ^^^^^^^^^^^^^^^^^^^^^^^^^^^^^^
  File "/lustre09/project/6032307/arnauddr/MiniCPBP/server_mlm.py", line 134, in calculate_perplexity
    with mutex:
TypeError: 'Lock' object does not support the context manager protocol
127.0.0.1 - - [30/Nov/2025 21:54:04] "[35m[1mPOST /perplexity HTTP/1.1[0m" 500 -
[2025-11-30 21:54:04,438] ERROR in app: Exception on /perplexity [POST]
Traceback (most recent call last):
  File "/lustre09/project/6032307/arnauddr/MiniCPBP/venv/lib/python3.11/site-packages/flask/app.py", line 1511, in wsgi_app
    response = self.full_dispatch_request()
               ^^^^^^^^^^^^^^^^^^^^^^^^^^^^
  File "/lustre09/project/6032307/arnauddr/MiniCPBP/venv/lib/python3.11/site-packages/flask/app.py", line 919, in full_dispatch_request
    rv = self.handle_user_exception(e)
         ^^^^^^^^^^^^^^^^^^^^^^^^^^^^^
  File "/lustre09/project/6032307/arnauddr/MiniCPBP/venv/lib/python3.11/site-packages/flask/app.py", line 917, in full_dispatch_request
    rv = self.dispatch_request()
         ^^^^^^^^^^^^^^^^^^^^^^^
  File "/lustre09/project/6032307/arnauddr/MiniCPBP/venv/lib/python3.11/site-packages/flask/app.py", line 902, in dispatch_request
    return self.ensure_sync(self.view_functions[rule.endpoint])(**view_args)  # type: ignore[no-any-return]
           ^^^^^^^^^^^^^^^^^^^^^^^^^^^^^^^^^^^^^^^^^^^^^^^^^^^^^^^^^^^^^^^^^
  File "/lustre09/project/6032307/arnauddr/MiniCPBP/server_mlm.py", line 147, in perplexity
    return {"perplexity": calculate_perplexity(sentence)}
                          ^^^^^^^^^^^^^^^^^^^^^^^^^^^^^^
  File "/lustre09/project/6032307/arnauddr/MiniCPBP/server_mlm.py", line 134, in calculate_perplexity
    with mutex:
TypeError: 'Lock' object does not support the context manager protocol
127.0.0.1 - - [30/Nov/2025 21:54:04] "[35m[1mPOST /perplexity HTTP/1.1[0m" 500 -
[2025-11-30 21:54:04,684] ERROR in app: Exception on /perplexity [POST]
Traceback (most recent call last):
  File "/lustre09/project/6032307/arnauddr/MiniCPBP/venv/lib/python3.11/site-packages/flask/app.py", line 1511, in wsgi_app
    response = self.full_dispatch_request()
               ^^^^^^^^^^^^^^^^^^^^^^^^^^^^
  File "/lustre09/project/6032307/arnauddr/MiniCPBP/venv/lib/python3.11/site-packages/flask/app.py", line 919, in full_dispatch_request
    rv = self.handle_user_exception(e)
         ^^^^^^^^^^^^^^^^^^^^^^^^^^^^^
  File "/lustre09/project/6032307/arnauddr/MiniCPBP/venv/lib/python3.11/site-packages/flask/app.py", line 917, in full_dispatch_request
    rv = self.dispatch_request()
         ^^^^^^^^^^^^^^^^^^^^^^^
  File "/lustre09/project/6032307/arnauddr/MiniCPBP/venv/lib/python3.11/site-packages/flask/app.py", line 902, in dispatch_request
    return self.ensure_sync(self.view_functions[rule.endpoint])(**view_args)  # type: ignore[no-any-return]
           ^^^^^^^^^^^^^^^^^^^^^^^^^^^^^^^^^^^^^^^^^^^^^^^^^^^^^^^^^^^^^^^^^
  File "/lustre09/project/6032307/arnauddr/MiniCPBP/server_mlm.py", line 147, in perplexity
    return {"perplexity": calculate_perplexity(sentence)}
                          ^^^^^^^^^^^^^^^^^^^^^^^^^^^^^^
  File "/lustre09/project/6032307/arnauddr/MiniCPBP/server_mlm.py", line 134, in calculate_perplexity
    with mutex:
TypeError: 'Lock' object does not support the context manager protocol
127.0.0.1 - - [30/Nov/2025 21:54:04] "[35m[1mPOST /perplexity HTTP/1.1[0m" 500 -
[2025-11-30 21:54:04,738] ERROR in app: Exception on /perplexity [POST]
Traceback (most recent call last):
  File "/lustre09/project/6032307/arnauddr/MiniCPBP/venv/lib/python3.11/site-packages/flask/app.py", line 1511, in wsgi_app
    response = self.full_dispatch_request()
               ^^^^^^^^^^^^^^^^^^^^^^^^^^^^
  File "/lustre09/project/6032307/arnauddr/MiniCPBP/venv/lib/python3.11/site-packages/flask/app.py", line 919, in full_dispatch_request
    rv = self.handle_user_exception(e)
         ^^^^^^^^^^^^^^^^^^^^^^^^^^^^^
  File "/lustre09/project/6032307/arnauddr/MiniCPBP/venv/lib/python3.11/site-packages/flask/app.py", line 917, in full_dispatch_request
    rv = self.dispatch_request()
         ^^^^^^^^^^^^^^^^^^^^^^^
  File "/lustre09/project/6032307/arnauddr/MiniCPBP/venv/lib/python3.11/site-packages/flask/app.py", line 902, in dispatch_request
    return self.ensure_sync(self.view_functions[rule.endpoint])(**view_args)  # type: ignore[no-any-return]
           ^^^^^^^^^^^^^^^^^^^^^^^^^^^^^^^^^^^^^^^^^^^^^^^^^^^^^^^^^^^^^^^^^
  File "/lustre09/project/6032307/arnauddr/MiniCPBP/server_mlm.py", line 147, in perplexity
    return {"perplexity": calculate_perplexity(sentence)}
                          ^^^^^^^^^^^^^^^^^^^^^^^^^^^^^^
  File "/lustre09/project/6032307/arnauddr/MiniCPBP/server_mlm.py", line 134, in calculate_perplexity
    with mutex:
TypeError: 'Lock' object does not support the context manager protocol
127.0.0.1 - - [30/Nov/2025 21:54:04] "[35m[1mPOST /perplexity HTTP/1.1[0m" 500 -
[2025-11-30 21:54:04,755] ERROR in app: Exception on /perplexity [POST]
Traceback (most recent call last):
  File "/lustre09/project/6032307/arnauddr/MiniCPBP/venv/lib/python3.11/site-packages/flask/app.py", line 1511, in wsgi_app
    response = self.full_dispatch_request()
               ^^^^^^^^^^^^^^^^^^^^^^^^^^^^
  File "/lustre09/project/6032307/arnauddr/MiniCPBP/venv/lib/python3.11/site-packages/flask/app.py", line 919, in full_dispatch_request
    rv = self.handle_user_exception(e)
         ^^^^^^^^^^^^^^^^^^^^^^^^^^^^^
  File "/lustre09/project/6032307/arnauddr/MiniCPBP/venv/lib/python3.11/site-packages/flask/app.py", line 917, in full_dispatch_request
    rv = self.dispatch_request()
         ^^^^^^^^^^^^^^^^^^^^^^^
  File "/lustre09/project/6032307/arnauddr/MiniCPBP/venv/lib/python3.11/site-packages/flask/app.py", line 902, in dispatch_request
    return self.ensure_sync(self.view_functions[rule.endpoint])(**view_args)  # type: ignore[no-any-return]
           ^^^^^^^^^^^^^^^^^^^^^^^^^^^^^^^^^^^^^^^^^^^^^^^^^^^^^^^^^^^^^^^^^
  File "/lustre09/project/6032307/arnauddr/MiniCPBP/server_mlm.py", line 147, in perplexity
    return {"perplexity": calculate_perplexity(sentence)}
                          ^^^^^^^^^^^^^^^^^^^^^^^^^^^^^^
  File "/lustre09/project/6032307/arnauddr/MiniCPBP/server_mlm.py", line 134, in calculate_perplexity
    with mutex:
TypeError: 'Lock' object does not support the context manager protocol
127.0.0.1 - - [30/Nov/2025 21:54:04] "[35m[1mPOST /perplexity HTTP/1.1[0m" 500 -
[2025-11-30 21:54:04,772] ERROR in app: Exception on /perplexity [POST]
Traceback (most recent call last):
  File "/lustre09/project/6032307/arnauddr/MiniCPBP/venv/lib/python3.11/site-packages/flask/app.py", line 1511, in wsgi_app
    response = self.full_dispatch_request()
               ^^^^^^^^^^^^^^^^^^^^^^^^^^^^
  File "/lustre09/project/6032307/arnauddr/MiniCPBP/venv/lib/python3.11/site-packages/flask/app.py", line 919, in full_dispatch_request
    rv = self.handle_user_exception(e)
         ^^^^^^^^^^^^^^^^^^^^^^^^^^^^^
  File "/lustre09/project/6032307/arnauddr/MiniCPBP/venv/lib/python3.11/site-packages/flask/app.py", line 917, in full_dispatch_request
    rv = self.dispatch_request()
         ^^^^^^^^^^^^^^^^^^^^^^^
  File "/lustre09/project/6032307/arnauddr/MiniCPBP/venv/lib/python3.11/site-packages/flask/app.py", line 902, in dispatch_request
    return self.ensure_sync(self.view_functions[rule.endpoint])(**view_args)  # type: ignore[no-any-return]
           ^^^^^^^^^^^^^^^^^^^^^^^^^^^^^^^^^^^^^^^^^^^^^^^^^^^^^^^^^^^^^^^^^
  File "/lustre09/project/6032307/arnauddr/MiniCPBP/server_mlm.py", line 147, in perplexity
    return {"perplexity": calculate_perplexity(sentence)}
                          ^^^^^^^^^^^^^^^^^^^^^^^^^^^^^^
  File "/lustre09/project/6032307/arnauddr/MiniCPBP/server_mlm.py", line 134, in calculate_perplexity
    with mutex:
TypeError: 'Lock' object does not support the context manager protocol
127.0.0.1 - - [30/Nov/2025 21:54:04] "[35m[1mPOST /perplexity HTTP/1.1[0m" 500 -
[2025-11-30 21:54:04,790] ERROR in app: Exception on /perplexity [POST]
Traceback (most recent call last):
  File "/lustre09/project/6032307/arnauddr/MiniCPBP/venv/lib/python3.11/site-packages/flask/app.py", line 1511, in wsgi_app
    response = self.full_dispatch_request()
               ^^^^^^^^^^^^^^^^^^^^^^^^^^^^
  File "/lustre09/project/6032307/arnauddr/MiniCPBP/venv/lib/python3.11/site-packages/flask/app.py", line 919, in full_dispatch_request
    rv = self.handle_user_exception(e)
         ^^^^^^^^^^^^^^^^^^^^^^^^^^^^^
  File "/lustre09/project/6032307/arnauddr/MiniCPBP/venv/lib/python3.11/site-packages/flask/app.py", line 917, in full_dispatch_request
    rv = self.dispatch_request()
         ^^^^^^^^^^^^^^^^^^^^^^^
  File "/lustre09/project/6032307/arnauddr/MiniCPBP/venv/lib/python3.11/site-packages/flask/app.py", line 902, in dispatch_request
    return self.ensure_sync(self.view_functions[rule.endpoint])(**view_args)  # type: ignore[no-any-return]
           ^^^^^^^^^^^^^^^^^^^^^^^^^^^^^^^^^^^^^^^^^^^^^^^^^^^^^^^^^^^^^^^^^
  File "/lustre09/project/6032307/arnauddr/MiniCPBP/server_mlm.py", line 147, in perplexity
    return {"perplexity": calculate_perplexity(sentence)}
                          ^^^^^^^^^^^^^^^^^^^^^^^^^^^^^^
  File "/lustre09/project/6032307/arnauddr/MiniCPBP/server_mlm.py", line 134, in calculate_perplexity
    with mutex:
TypeError: 'Lock' object does not support the context manager protocol
127.0.0.1 - - [30/Nov/2025 21:54:04] "[35m[1mPOST /perplexity HTTP/1.1[0m" 500 -
[2025-11-30 21:54:04,807] ERROR in app: Exception on /perplexity [POST]
Traceback (most recent call last):
  File "/lustre09/project/6032307/arnauddr/MiniCPBP/venv/lib/python3.11/site-packages/flask/app.py", line 1511, in wsgi_app
    response = self.full_dispatch_request()
               ^^^^^^^^^^^^^^^^^^^^^^^^^^^^
  File "/lustre09/project/6032307/arnauddr/MiniCPBP/venv/lib/python3.11/site-packages/flask/app.py", line 919, in full_dispatch_request
    rv = self.handle_user_exception(e)
         ^^^^^^^^^^^^^^^^^^^^^^^^^^^^^
  File "/lustre09/project/6032307/arnauddr/MiniCPBP/venv/lib/python3.11/site-packages/flask/app.py", line 917, in full_dispatch_request
    rv = self.dispatch_request()
         ^^^^^^^^^^^^^^^^^^^^^^^
  File "/lustre09/project/6032307/arnauddr/MiniCPBP/venv/lib/python3.11/site-packages/flask/app.py", line 902, in dispatch_request
    return self.ensure_sync(self.view_functions[rule.endpoint])(**view_args)  # type: ignore[no-any-return]
           ^^^^^^^^^^^^^^^^^^^^^^^^^^^^^^^^^^^^^^^^^^^^^^^^^^^^^^^^^^^^^^^^^
  File "/lustre09/project/6032307/arnauddr/MiniCPBP/server_mlm.py", line 147, in perplexity
    return {"perplexity": calculate_perplexity(sentence)}
                          ^^^^^^^^^^^^^^^^^^^^^^^^^^^^^^
  File "/lustre09/project/6032307/arnauddr/MiniCPBP/server_mlm.py", line 134, in calculate_perplexity
    with mutex:
TypeError: 'Lock' object does not support the context manager protocol
127.0.0.1 - - [30/Nov/2025 21:54:04] "[35m[1mPOST /perplexity HTTP/1.1[0m" 500 -
[2025-11-30 21:54:05,018] ERROR in app: Exception on /perplexity [POST]
Traceback (most recent call last):
  File "/lustre09/project/6032307/arnauddr/MiniCPBP/venv/lib/python3.11/site-packages/flask/app.py", line 1511, in wsgi_app
    response = self.full_dispatch_request()
               ^^^^^^^^^^^^^^^^^^^^^^^^^^^^
  File "/lustre09/project/6032307/arnauddr/MiniCPBP/venv/lib/python3.11/site-packages/flask/app.py", line 919, in full_dispatch_request
    rv = self.handle_user_exception(e)
         ^^^^^^^^^^^^^^^^^^^^^^^^^^^^^
  File "/lustre09/project/6032307/arnauddr/MiniCPBP/venv/lib/python3.11/site-packages/flask/app.py", line 917, in full_dispatch_request
    rv = self.dispatch_request()
         ^^^^^^^^^^^^^^^^^^^^^^^
  File "/lustre09/project/6032307/arnauddr/MiniCPBP/venv/lib/python3.11/site-packages/flask/app.py", line 902, in dispatch_request
    return self.ensure_sync(self.view_functions[rule.endpoint])(**view_args)  # type: ignore[no-any-return]
           ^^^^^^^^^^^^^^^^^^^^^^^^^^^^^^^^^^^^^^^^^^^^^^^^^^^^^^^^^^^^^^^^^
  File "/lustre09/project/6032307/arnauddr/MiniCPBP/server_mlm.py", line 147, in perplexity
    return {"perplexity": calculate_perplexity(sentence)}
                          ^^^^^^^^^^^^^^^^^^^^^^^^^^^^^^
  File "/lustre09/project/6032307/arnauddr/MiniCPBP/server_mlm.py", line 134, in calculate_perplexity
    with mutex:
TypeError: 'Lock' object does not support the context manager protocol
127.0.0.1 - - [30/Nov/2025 21:54:05] "[35m[1mPOST /perplexity HTTP/1.1[0m" 500 -
[2025-11-30 21:54:05,272] ERROR in app: Exception on /perplexity [POST]
Traceback (most recent call last):
  File "/lustre09/project/6032307/arnauddr/MiniCPBP/venv/lib/python3.11/site-packages/flask/app.py", line 1511, in wsgi_app
    response = self.full_dispatch_request()
               ^^^^^^^^^^^^^^^^^^^^^^^^^^^^
  File "/lustre09/project/6032307/arnauddr/MiniCPBP/venv/lib/python3.11/site-packages/flask/app.py", line 919, in full_dispatch_request
    rv = self.handle_user_exception(e)
         ^^^^^^^^^^^^^^^^^^^^^^^^^^^^^
  File "/lustre09/project/6032307/arnauddr/MiniCPBP/venv/lib/python3.11/site-packages/flask/app.py", line 917, in full_dispatch_request
    rv = self.dispatch_request()
         ^^^^^^^^^^^^^^^^^^^^^^^
  File "/lustre09/project/6032307/arnauddr/MiniCPBP/venv/lib/python3.11/site-packages/flask/app.py", line 902, in dispatch_request
    return self.ensure_sync(self.view_functions[rule.endpoint])(**view_args)  # type: ignore[no-any-return]
           ^^^^^^^^^^^^^^^^^^^^^^^^^^^^^^^^^^^^^^^^^^^^^^^^^^^^^^^^^^^^^^^^^
  File "/lustre09/project/6032307/arnauddr/MiniCPBP/server_mlm.py", line 147, in perplexity
    return {"perplexity": calculate_perplexity(sentence)}
                          ^^^^^^^^^^^^^^^^^^^^^^^^^^^^^^
  File "/lustre09/project/6032307/arnauddr/MiniCPBP/server_mlm.py", line 134, in calculate_perplexity
    with mutex:
TypeError: 'Lock' object does not support the context manager protocol
127.0.0.1 - - [30/Nov/2025 21:54:05] "[35m[1mPOST /perplexity HTTP/1.1[0m" 500 -
[2025-11-30 21:54:05,485] ERROR in app: Exception on /perplexity [POST]
Traceback (most recent call last):
  File "/lustre09/project/6032307/arnauddr/MiniCPBP/venv/lib/python3.11/site-packages/flask/app.py", line 1511, in wsgi_app
    response = self.full_dispatch_request()
               ^^^^^^^^^^^^^^^^^^^^^^^^^^^^
  File "/lustre09/project/6032307/arnauddr/MiniCPBP/venv/lib/python3.11/site-packages/flask/app.py", line 919, in full_dispatch_request
    rv = self.handle_user_exception(e)
         ^^^^^^^^^^^^^^^^^^^^^^^^^^^^^
  File "/lustre09/project/6032307/arnauddr/MiniCPBP/venv/lib/python3.11/site-packages/flask/app.py", line 917, in full_dispatch_request
    rv = self.dispatch_request()
         ^^^^^^^^^^^^^^^^^^^^^^^
  File "/lustre09/project/6032307/arnauddr/MiniCPBP/venv/lib/python3.11/site-packages/flask/app.py", line 902, in dispatch_request
    return self.ensure_sync(self.view_functions[rule.endpoint])(**view_args)  # type: ignore[no-any-return]
           ^^^^^^^^^^^^^^^^^^^^^^^^^^^^^^^^^^^^^^^^^^^^^^^^^^^^^^^^^^^^^^^^^
  File "/lustre09/project/6032307/arnauddr/MiniCPBP/server_mlm.py", line 147, in perplexity
    return {"perplexity": calculate_perplexity(sentence)}
                          ^^^^^^^^^^^^^^^^^^^^^^^^^^^^^^
  File "/lustre09/project/6032307/arnauddr/MiniCPBP/server_mlm.py", line 134, in calculate_perplexity
    with mutex:
TypeError: 'Lock' object does not support the context manager protocol
127.0.0.1 - - [30/Nov/2025 21:54:05] "[35m[1mPOST /perplexity HTTP/1.1[0m" 500 -
[2025-11-30 21:54:05,722] ERROR in app: Exception on /perplexity [POST]
Traceback (most recent call last):
  File "/lustre09/project/6032307/arnauddr/MiniCPBP/venv/lib/python3.11/site-packages/flask/app.py", line 1511, in wsgi_app
    response = self.full_dispatch_request()
               ^^^^^^^^^^^^^^^^^^^^^^^^^^^^
  File "/lustre09/project/6032307/arnauddr/MiniCPBP/venv/lib/python3.11/site-packages/flask/app.py", line 919, in full_dispatch_request
    rv = self.handle_user_exception(e)
         ^^^^^^^^^^^^^^^^^^^^^^^^^^^^^
  File "/lustre09/project/6032307/arnauddr/MiniCPBP/venv/lib/python3.11/site-packages/flask/app.py", line 917, in full_dispatch_request
    rv = self.dispatch_request()
         ^^^^^^^^^^^^^^^^^^^^^^^
  File "/lustre09/project/6032307/arnauddr/MiniCPBP/venv/lib/python3.11/site-packages/flask/app.py", line 902, in dispatch_request
    return self.ensure_sync(self.view_functions[rule.endpoint])(**view_args)  # type: ignore[no-any-return]
           ^^^^^^^^^^^^^^^^^^^^^^^^^^^^^^^^^^^^^^^^^^^^^^^^^^^^^^^^^^^^^^^^^
  File "/lustre09/project/6032307/arnauddr/MiniCPBP/server_mlm.py", line 147, in perplexity
    return {"perplexity": calculate_perplexity(sentence)}
                          ^^^^^^^^^^^^^^^^^^^^^^^^^^^^^^
  File "/lustre09/project/6032307/arnauddr/MiniCPBP/server_mlm.py", line 134, in calculate_perplexity
    with mutex:
TypeError: 'Lock' object does not support the context manager protocol
127.0.0.1 - - [30/Nov/2025 21:54:05] "[35m[1mPOST /perplexity HTTP/1.1[0m" 500 -
[2025-11-30 21:54:06,010] ERROR in app: Exception on /perplexity [POST]
Traceback (most recent call last):
  File "/lustre09/project/6032307/arnauddr/MiniCPBP/venv/lib/python3.11/site-packages/flask/app.py", line 1511, in wsgi_app
    response = self.full_dispatch_request()
               ^^^^^^^^^^^^^^^^^^^^^^^^^^^^
  File "/lustre09/project/6032307/arnauddr/MiniCPBP/venv/lib/python3.11/site-packages/flask/app.py", line 919, in full_dispatch_request
    rv = self.handle_user_exception(e)
         ^^^^^^^^^^^^^^^^^^^^^^^^^^^^^
  File "/lustre09/project/6032307/arnauddr/MiniCPBP/venv/lib/python3.11/site-packages/flask/app.py", line 917, in full_dispatch_request
    rv = self.dispatch_request()
         ^^^^^^^^^^^^^^^^^^^^^^^
  File "/lustre09/project/6032307/arnauddr/MiniCPBP/venv/lib/python3.11/site-packages/flask/app.py", line 902, in dispatch_request
    return self.ensure_sync(self.view_functions[rule.endpoint])(**view_args)  # type: ignore[no-any-return]
           ^^^^^^^^^^^^^^^^^^^^^^^^^^^^^^^^^^^^^^^^^^^^^^^^^^^^^^^^^^^^^^^^^
  File "/lustre09/project/6032307/arnauddr/MiniCPBP/server_mlm.py", line 147, in perplexity
    return {"perplexity": calculate_perplexity(sentence)}
                          ^^^^^^^^^^^^^^^^^^^^^^^^^^^^^^
  File "/lustre09/project/6032307/arnauddr/MiniCPBP/server_mlm.py", line 134, in calculate_perplexity
    with mutex:
TypeError: 'Lock' object does not support the context manager protocol
127.0.0.1 - - [30/Nov/2025 21:54:06] "[35m[1mPOST /perplexity HTTP/1.1[0m" 500 -
[2025-11-30 21:54:06,242] ERROR in app: Exception on /perplexity [POST]
Traceback (most recent call last):
  File "/lustre09/project/6032307/arnauddr/MiniCPBP/venv/lib/python3.11/site-packages/flask/app.py", line 1511, in wsgi_app
    response = self.full_dispatch_request()
               ^^^^^^^^^^^^^^^^^^^^^^^^^^^^
  File "/lustre09/project/6032307/arnauddr/MiniCPBP/venv/lib/python3.11/site-packages/flask/app.py", line 919, in full_dispatch_request
    rv = self.handle_user_exception(e)
         ^^^^^^^^^^^^^^^^^^^^^^^^^^^^^
  File "/lustre09/project/6032307/arnauddr/MiniCPBP/venv/lib/python3.11/site-packages/flask/app.py", line 917, in full_dispatch_request
    rv = self.dispatch_request()
         ^^^^^^^^^^^^^^^^^^^^^^^
  File "/lustre09/project/6032307/arnauddr/MiniCPBP/venv/lib/python3.11/site-packages/flask/app.py", line 902, in dispatch_request
    return self.ensure_sync(self.view_functions[rule.endpoint])(**view_args)  # type: ignore[no-any-return]
           ^^^^^^^^^^^^^^^^^^^^^^^^^^^^^^^^^^^^^^^^^^^^^^^^^^^^^^^^^^^^^^^^^
  File "/lustre09/project/6032307/arnauddr/MiniCPBP/server_mlm.py", line 147, in perplexity
    return {"perplexity": calculate_perplexity(sentence)}
                          ^^^^^^^^^^^^^^^^^^^^^^^^^^^^^^
  File "/lustre09/project/6032307/arnauddr/MiniCPBP/server_mlm.py", line 134, in calculate_perplexity
    with mutex:
TypeError: 'Lock' object does not support the context manager protocol
127.0.0.1 - - [30/Nov/2025 21:54:06] "[35m[1mPOST /perplexity HTTP/1.1[0m" 500 -
[2025-11-30 21:54:06,462] ERROR in app: Exception on /perplexity [POST]
Traceback (most recent call last):
  File "/lustre09/project/6032307/arnauddr/MiniCPBP/venv/lib/python3.11/site-packages/flask/app.py", line 1511, in wsgi_app
    response = self.full_dispatch_request()
               ^^^^^^^^^^^^^^^^^^^^^^^^^^^^
  File "/lustre09/project/6032307/arnauddr/MiniCPBP/venv/lib/python3.11/site-packages/flask/app.py", line 919, in full_dispatch_request
    rv = self.handle_user_exception(e)
         ^^^^^^^^^^^^^^^^^^^^^^^^^^^^^
  File "/lustre09/project/6032307/arnauddr/MiniCPBP/venv/lib/python3.11/site-packages/flask/app.py", line 917, in full_dispatch_request
    rv = self.dispatch_request()
         ^^^^^^^^^^^^^^^^^^^^^^^
  File "/lustre09/project/6032307/arnauddr/MiniCPBP/venv/lib/python3.11/site-packages/flask/app.py", line 902, in dispatch_request
    return self.ensure_sync(self.view_functions[rule.endpoint])(**view_args)  # type: ignore[no-any-return]
           ^^^^^^^^^^^^^^^^^^^^^^^^^^^^^^^^^^^^^^^^^^^^^^^^^^^^^^^^^^^^^^^^^
  File "/lustre09/project/6032307/arnauddr/MiniCPBP/server_mlm.py", line 147, in perplexity
    return {"perplexity": calculate_perplexity(sentence)}
                          ^^^^^^^^^^^^^^^^^^^^^^^^^^^^^^
  File "/lustre09/project/6032307/arnauddr/MiniCPBP/server_mlm.py", line 134, in calculate_perplexity
    with mutex:
TypeError: 'Lock' object does not support the context manager protocol
127.0.0.1 - - [30/Nov/2025 21:54:06] "[35m[1mPOST /perplexity HTTP/1.1[0m" 500 -
[2025-11-30 21:54:06,657] ERROR in app: Exception on /perplexity [POST]
Traceback (most recent call last):
  File "/lustre09/project/6032307/arnauddr/MiniCPBP/venv/lib/python3.11/site-packages/flask/app.py", line 1511, in wsgi_app
    response = self.full_dispatch_request()
               ^^^^^^^^^^^^^^^^^^^^^^^^^^^^
  File "/lustre09/project/6032307/arnauddr/MiniCPBP/venv/lib/python3.11/site-packages/flask/app.py", line 919, in full_dispatch_request
    rv = self.handle_user_exception(e)
         ^^^^^^^^^^^^^^^^^^^^^^^^^^^^^
  File "/lustre09/project/6032307/arnauddr/MiniCPBP/venv/lib/python3.11/site-packages/flask/app.py", line 917, in full_dispatch_request
    rv = self.dispatch_request()
         ^^^^^^^^^^^^^^^^^^^^^^^
  File "/lustre09/project/6032307/arnauddr/MiniCPBP/venv/lib/python3.11/site-packages/flask/app.py", line 902, in dispatch_request
    return self.ensure_sync(self.view_functions[rule.endpoint])(**view_args)  # type: ignore[no-any-return]
           ^^^^^^^^^^^^^^^^^^^^^^^^^^^^^^^^^^^^^^^^^^^^^^^^^^^^^^^^^^^^^^^^^
  File "/lustre09/project/6032307/arnauddr/MiniCPBP/server_mlm.py", line 147, in perplexity
    return {"perplexity": calculate_perplexity(sentence)}
                          ^^^^^^^^^^^^^^^^^^^^^^^^^^^^^^
  File "/lustre09/project/6032307/arnauddr/MiniCPBP/server_mlm.py", line 134, in calculate_perplexity
    with mutex:
TypeError: 'Lock' object does not support the context manager protocol
127.0.0.1 - - [30/Nov/2025 21:54:06] "[35m[1mPOST /perplexity HTTP/1.1[0m" 500 -
[2025-11-30 21:54:06,932] ERROR in app: Exception on /perplexity [POST]
Traceback (most recent call last):
  File "/lustre09/project/6032307/arnauddr/MiniCPBP/venv/lib/python3.11/site-packages/flask/app.py", line 1511, in wsgi_app
    response = self.full_dispatch_request()
               ^^^^^^^^^^^^^^^^^^^^^^^^^^^^
  File "/lustre09/project/6032307/arnauddr/MiniCPBP/venv/lib/python3.11/site-packages/flask/app.py", line 919, in full_dispatch_request
    rv = self.handle_user_exception(e)
         ^^^^^^^^^^^^^^^^^^^^^^^^^^^^^
  File "/lustre09/project/6032307/arnauddr/MiniCPBP/venv/lib/python3.11/site-packages/flask/app.py", line 917, in full_dispatch_request
    rv = self.dispatch_request()
         ^^^^^^^^^^^^^^^^^^^^^^^
  File "/lustre09/project/6032307/arnauddr/MiniCPBP/venv/lib/python3.11/site-packages/flask/app.py", line 902, in dispatch_request
    return self.ensure_sync(self.view_functions[rule.endpoint])(**view_args)  # type: ignore[no-any-return]
           ^^^^^^^^^^^^^^^^^^^^^^^^^^^^^^^^^^^^^^^^^^^^^^^^^^^^^^^^^^^^^^^^^
  File "/lustre09/project/6032307/arnauddr/MiniCPBP/server_mlm.py", line 147, in perplexity
    return {"perplexity": calculate_perplexity(sentence)}
                          ^^^^^^^^^^^^^^^^^^^^^^^^^^^^^^
  File "/lustre09/project/6032307/arnauddr/MiniCPBP/server_mlm.py", line 134, in calculate_perplexity
    with mutex:
TypeError: 'Lock' object does not support the context manager protocol
127.0.0.1 - - [30/Nov/2025 21:54:06] "[35m[1mPOST /perplexity HTTP/1.1[0m" 500 -
[2025-11-30 21:54:07,206] ERROR in app: Exception on /perplexity [POST]
Traceback (most recent call last):
  File "/lustre09/project/6032307/arnauddr/MiniCPBP/venv/lib/python3.11/site-packages/flask/app.py", line 1511, in wsgi_app
    response = self.full_dispatch_request()
               ^^^^^^^^^^^^^^^^^^^^^^^^^^^^
  File "/lustre09/project/6032307/arnauddr/MiniCPBP/venv/lib/python3.11/site-packages/flask/app.py", line 919, in full_dispatch_request
    rv = self.handle_user_exception(e)
         ^^^^^^^^^^^^^^^^^^^^^^^^^^^^^
  File "/lustre09/project/6032307/arnauddr/MiniCPBP/venv/lib/python3.11/site-packages/flask/app.py", line 917, in full_dispatch_request
    rv = self.dispatch_request()
         ^^^^^^^^^^^^^^^^^^^^^^^
  File "/lustre09/project/6032307/arnauddr/MiniCPBP/venv/lib/python3.11/site-packages/flask/app.py", line 902, in dispatch_request
    return self.ensure_sync(self.view_functions[rule.endpoint])(**view_args)  # type: ignore[no-any-return]
           ^^^^^^^^^^^^^^^^^^^^^^^^^^^^^^^^^^^^^^^^^^^^^^^^^^^^^^^^^^^^^^^^^
  File "/lustre09/project/6032307/arnauddr/MiniCPBP/server_mlm.py", line 147, in perplexity
    return {"perplexity": calculate_perplexity(sentence)}
                          ^^^^^^^^^^^^^^^^^^^^^^^^^^^^^^
  File "/lustre09/project/6032307/arnauddr/MiniCPBP/server_mlm.py", line 134, in calculate_perplexity
    with mutex:
TypeError: 'Lock' object does not support the context manager protocol
127.0.0.1 - - [30/Nov/2025 21:54:07] "[35m[1mPOST /perplexity HTTP/1.1[0m" 500 -
[2025-11-30 21:54:07,449] ERROR in app: Exception on /perplexity [POST]
Traceback (most recent call last):
  File "/lustre09/project/6032307/arnauddr/MiniCPBP/venv/lib/python3.11/site-packages/flask/app.py", line 1511, in wsgi_app
    response = self.full_dispatch_request()
               ^^^^^^^^^^^^^^^^^^^^^^^^^^^^
  File "/lustre09/project/6032307/arnauddr/MiniCPBP/venv/lib/python3.11/site-packages/flask/app.py", line 919, in full_dispatch_request
    rv = self.handle_user_exception(e)
         ^^^^^^^^^^^^^^^^^^^^^^^^^^^^^
  File "/lustre09/project/6032307/arnauddr/MiniCPBP/venv/lib/python3.11/site-packages/flask/app.py", line 917, in full_dispatch_request
    rv = self.dispatch_request()
         ^^^^^^^^^^^^^^^^^^^^^^^
  File "/lustre09/project/6032307/arnauddr/MiniCPBP/venv/lib/python3.11/site-packages/flask/app.py", line 902, in dispatch_request
    return self.ensure_sync(self.view_functions[rule.endpoint])(**view_args)  # type: ignore[no-any-return]
           ^^^^^^^^^^^^^^^^^^^^^^^^^^^^^^^^^^^^^^^^^^^^^^^^^^^^^^^^^^^^^^^^^
  File "/lustre09/project/6032307/arnauddr/MiniCPBP/server_mlm.py", line 147, in perplexity
    return {"perplexity": calculate_perplexity(sentence)}
                          ^^^^^^^^^^^^^^^^^^^^^^^^^^^^^^
  File "/lustre09/project/6032307/arnauddr/MiniCPBP/server_mlm.py", line 134, in calculate_perplexity
    with mutex:
TypeError: 'Lock' object does not support the context manager protocol
127.0.0.1 - - [30/Nov/2025 21:54:07] "[35m[1mPOST /perplexity HTTP/1.1[0m" 500 -
[2025-11-30 21:54:07,733] ERROR in app: Exception on /perplexity [POST]
Traceback (most recent call last):
  File "/lustre09/project/6032307/arnauddr/MiniCPBP/venv/lib/python3.11/site-packages/flask/app.py", line 1511, in wsgi_app
    response = self.full_dispatch_request()
               ^^^^^^^^^^^^^^^^^^^^^^^^^^^^
  File "/lustre09/project/6032307/arnauddr/MiniCPBP/venv/lib/python3.11/site-packages/flask/app.py", line 919, in full_dispatch_request
    rv = self.handle_user_exception(e)
         ^^^^^^^^^^^^^^^^^^^^^^^^^^^^^
  File "/lustre09/project/6032307/arnauddr/MiniCPBP/venv/lib/python3.11/site-packages/flask/app.py", line 917, in full_dispatch_request
    rv = self.dispatch_request()
         ^^^^^^^^^^^^^^^^^^^^^^^
  File "/lustre09/project/6032307/arnauddr/MiniCPBP/venv/lib/python3.11/site-packages/flask/app.py", line 902, in dispatch_request
    return self.ensure_sync(self.view_functions[rule.endpoint])(**view_args)  # type: ignore[no-any-return]
           ^^^^^^^^^^^^^^^^^^^^^^^^^^^^^^^^^^^^^^^^^^^^^^^^^^^^^^^^^^^^^^^^^
  File "/lustre09/project/6032307/arnauddr/MiniCPBP/server_mlm.py", line 147, in perplexity
    return {"perplexity": calculate_perplexity(sentence)}
                          ^^^^^^^^^^^^^^^^^^^^^^^^^^^^^^
  File "/lustre09/project/6032307/arnauddr/MiniCPBP/server_mlm.py", line 134, in calculate_perplexity
    with mutex:
TypeError: 'Lock' object does not support the context manager protocol
127.0.0.1 - - [30/Nov/2025 21:54:07] "[35m[1mPOST /perplexity HTTP/1.1[0m" 500 -
[2025-11-30 21:54:08,049] ERROR in app: Exception on /perplexity [POST]
Traceback (most recent call last):
  File "/lustre09/project/6032307/arnauddr/MiniCPBP/venv/lib/python3.11/site-packages/flask/app.py", line 1511, in wsgi_app
    response = self.full_dispatch_request()
               ^^^^^^^^^^^^^^^^^^^^^^^^^^^^
  File "/lustre09/project/6032307/arnauddr/MiniCPBP/venv/lib/python3.11/site-packages/flask/app.py", line 919, in full_dispatch_request
    rv = self.handle_user_exception(e)
         ^^^^^^^^^^^^^^^^^^^^^^^^^^^^^
  File "/lustre09/project/6032307/arnauddr/MiniCPBP/venv/lib/python3.11/site-packages/flask/app.py", line 917, in full_dispatch_request
    rv = self.dispatch_request()
         ^^^^^^^^^^^^^^^^^^^^^^^
  File "/lustre09/project/6032307/arnauddr/MiniCPBP/venv/lib/python3.11/site-packages/flask/app.py", line 902, in dispatch_request
    return self.ensure_sync(self.view_functions[rule.endpoint])(**view_args)  # type: ignore[no-any-return]
           ^^^^^^^^^^^^^^^^^^^^^^^^^^^^^^^^^^^^^^^^^^^^^^^^^^^^^^^^^^^^^^^^^
  File "/lustre09/project/6032307/arnauddr/MiniCPBP/server_mlm.py", line 147, in perplexity
    return {"perplexity": calculate_perplexity(sentence)}
                          ^^^^^^^^^^^^^^^^^^^^^^^^^^^^^^
  File "/lustre09/project/6032307/arnauddr/MiniCPBP/server_mlm.py", line 134, in calculate_perplexity
    with mutex:
TypeError: 'Lock' object does not support the context manager protocol
127.0.0.1 - - [30/Nov/2025 21:54:08] "[35m[1mPOST /perplexity HTTP/1.1[0m" 500 -
[2025-11-30 21:54:08,289] ERROR in app: Exception on /perplexity [POST]
Traceback (most recent call last):
  File "/lustre09/project/6032307/arnauddr/MiniCPBP/venv/lib/python3.11/site-packages/flask/app.py", line 1511, in wsgi_app
    response = self.full_dispatch_request()
               ^^^^^^^^^^^^^^^^^^^^^^^^^^^^
  File "/lustre09/project/6032307/arnauddr/MiniCPBP/venv/lib/python3.11/site-packages/flask/app.py", line 919, in full_dispatch_request
    rv = self.handle_user_exception(e)
         ^^^^^^^^^^^^^^^^^^^^^^^^^^^^^
  File "/lustre09/project/6032307/arnauddr/MiniCPBP/venv/lib/python3.11/site-packages/flask/app.py", line 917, in full_dispatch_request
    rv = self.dispatch_request()
         ^^^^^^^^^^^^^^^^^^^^^^^
  File "/lustre09/project/6032307/arnauddr/MiniCPBP/venv/lib/python3.11/site-packages/flask/app.py", line 902, in dispatch_request
    return self.ensure_sync(self.view_functions[rule.endpoint])(**view_args)  # type: ignore[no-any-return]
           ^^^^^^^^^^^^^^^^^^^^^^^^^^^^^^^^^^^^^^^^^^^^^^^^^^^^^^^^^^^^^^^^^
  File "/lustre09/project/6032307/arnauddr/MiniCPBP/server_mlm.py", line 147, in perplexity
    return {"perplexity": calculate_perplexity(sentence)}
                          ^^^^^^^^^^^^^^^^^^^^^^^^^^^^^^
  File "/lustre09/project/6032307/arnauddr/MiniCPBP/server_mlm.py", line 134, in calculate_perplexity
    with mutex:
TypeError: 'Lock' object does not support the context manager protocol
127.0.0.1 - - [30/Nov/2025 21:54:08] "[35m[1mPOST /perplexity HTTP/1.1[0m" 500 -
[2025-11-30 21:54:08,420] ERROR in app: Exception on /perplexity [POST]
Traceback (most recent call last):
  File "/lustre09/project/6032307/arnauddr/MiniCPBP/venv/lib/python3.11/site-packages/flask/app.py", line 1511, in wsgi_app
    response = self.full_dispatch_request()
               ^^^^^^^^^^^^^^^^^^^^^^^^^^^^
  File "/lustre09/project/6032307/arnauddr/MiniCPBP/venv/lib/python3.11/site-packages/flask/app.py", line 919, in full_dispatch_request
    rv = self.handle_user_exception(e)
         ^^^^^^^^^^^^^^^^^^^^^^^^^^^^^
  File "/lustre09/project/6032307/arnauddr/MiniCPBP/venv/lib/python3.11/site-packages/flask/app.py", line 917, in full_dispatch_request
    rv = self.dispatch_request()
         ^^^^^^^^^^^^^^^^^^^^^^^
  File "/lustre09/project/6032307/arnauddr/MiniCPBP/venv/lib/python3.11/site-packages/flask/app.py", line 902, in dispatch_request
    return self.ensure_sync(self.view_functions[rule.endpoint])(**view_args)  # type: ignore[no-any-return]
           ^^^^^^^^^^^^^^^^^^^^^^^^^^^^^^^^^^^^^^^^^^^^^^^^^^^^^^^^^^^^^^^^^
  File "/lustre09/project/6032307/arnauddr/MiniCPBP/server_mlm.py", line 147, in perplexity
    return {"perplexity": calculate_perplexity(sentence)}
                          ^^^^^^^^^^^^^^^^^^^^^^^^^^^^^^
  File "/lustre09/project/6032307/arnauddr/MiniCPBP/server_mlm.py", line 134, in calculate_perplexity
    with mutex:
TypeError: 'Lock' object does not support the context manager protocol
127.0.0.1 - - [30/Nov/2025 21:54:08] "[35m[1mPOST /perplexity HTTP/1.1[0m" 500 -
[2025-11-30 21:54:08,439] ERROR in app: Exception on /perplexity [POST]
Traceback (most recent call last):
  File "/lustre09/project/6032307/arnauddr/MiniCPBP/venv/lib/python3.11/site-packages/flask/app.py", line 1511, in wsgi_app
    response = self.full_dispatch_request()
               ^^^^^^^^^^^^^^^^^^^^^^^^^^^^
  File "/lustre09/project/6032307/arnauddr/MiniCPBP/venv/lib/python3.11/site-packages/flask/app.py", line 919, in full_dispatch_request
    rv = self.handle_user_exception(e)
         ^^^^^^^^^^^^^^^^^^^^^^^^^^^^^
  File "/lustre09/project/6032307/arnauddr/MiniCPBP/venv/lib/python3.11/site-packages/flask/app.py", line 917, in full_dispatch_request
    rv = self.dispatch_request()
         ^^^^^^^^^^^^^^^^^^^^^^^
  File "/lustre09/project/6032307/arnauddr/MiniCPBP/venv/lib/python3.11/site-packages/flask/app.py", line 902, in dispatch_request
    return self.ensure_sync(self.view_functions[rule.endpoint])(**view_args)  # type: ignore[no-any-return]
           ^^^^^^^^^^^^^^^^^^^^^^^^^^^^^^^^^^^^^^^^^^^^^^^^^^^^^^^^^^^^^^^^^
  File "/lustre09/project/6032307/arnauddr/MiniCPBP/server_mlm.py", line 147, in perplexity
    return {"perplexity": calculate_perplexity(sentence)}
                          ^^^^^^^^^^^^^^^^^^^^^^^^^^^^^^
  File "/lustre09/project/6032307/arnauddr/MiniCPBP/server_mlm.py", line 134, in calculate_perplexity
    with mutex:
TypeError: 'Lock' object does not support the context manager protocol
127.0.0.1 - - [30/Nov/2025 21:54:08] "[35m[1mPOST /perplexity HTTP/1.1[0m" 500 -
[2025-11-30 21:54:08,711] ERROR in app: Exception on /perplexity [POST]
Traceback (most recent call last):
  File "/lustre09/project/6032307/arnauddr/MiniCPBP/venv/lib/python3.11/site-packages/flask/app.py", line 1511, in wsgi_app
    response = self.full_dispatch_request()
               ^^^^^^^^^^^^^^^^^^^^^^^^^^^^
  File "/lustre09/project/6032307/arnauddr/MiniCPBP/venv/lib/python3.11/site-packages/flask/app.py", line 919, in full_dispatch_request
    rv = self.handle_user_exception(e)
         ^^^^^^^^^^^^^^^^^^^^^^^^^^^^^
  File "/lustre09/project/6032307/arnauddr/MiniCPBP/venv/lib/python3.11/site-packages/flask/app.py", line 917, in full_dispatch_request
    rv = self.dispatch_request()
         ^^^^^^^^^^^^^^^^^^^^^^^
  File "/lustre09/project/6032307/arnauddr/MiniCPBP/venv/lib/python3.11/site-packages/flask/app.py", line 902, in dispatch_request
    return self.ensure_sync(self.view_functions[rule.endpoint])(**view_args)  # type: ignore[no-any-return]
           ^^^^^^^^^^^^^^^^^^^^^^^^^^^^^^^^^^^^^^^^^^^^^^^^^^^^^^^^^^^^^^^^^
  File "/lustre09/project/6032307/arnauddr/MiniCPBP/server_mlm.py", line 147, in perplexity
    return {"perplexity": calculate_perplexity(sentence)}
                          ^^^^^^^^^^^^^^^^^^^^^^^^^^^^^^
  File "/lustre09/project/6032307/arnauddr/MiniCPBP/server_mlm.py", line 134, in calculate_perplexity
    with mutex:
TypeError: 'Lock' object does not support the context manager protocol
127.0.0.1 - - [30/Nov/2025 21:54:08] "[35m[1mPOST /perplexity HTTP/1.1[0m" 500 -
[2025-11-30 21:54:09,022] ERROR in app: Exception on /perplexity [POST]
Traceback (most recent call last):
  File "/lustre09/project/6032307/arnauddr/MiniCPBP/venv/lib/python3.11/site-packages/flask/app.py", line 1511, in wsgi_app
    response = self.full_dispatch_request()
               ^^^^^^^^^^^^^^^^^^^^^^^^^^^^
  File "/lustre09/project/6032307/arnauddr/MiniCPBP/venv/lib/python3.11/site-packages/flask/app.py", line 919, in full_dispatch_request
    rv = self.handle_user_exception(e)
         ^^^^^^^^^^^^^^^^^^^^^^^^^^^^^
  File "/lustre09/project/6032307/arnauddr/MiniCPBP/venv/lib/python3.11/site-packages/flask/app.py", line 917, in full_dispatch_request
    rv = self.dispatch_request()
         ^^^^^^^^^^^^^^^^^^^^^^^
  File "/lustre09/project/6032307/arnauddr/MiniCPBP/venv/lib/python3.11/site-packages/flask/app.py", line 902, in dispatch_request
    return self.ensure_sync(self.view_functions[rule.endpoint])(**view_args)  # type: ignore[no-any-return]
           ^^^^^^^^^^^^^^^^^^^^^^^^^^^^^^^^^^^^^^^^^^^^^^^^^^^^^^^^^^^^^^^^^
  File "/lustre09/project/6032307/arnauddr/MiniCPBP/server_mlm.py", line 147, in perplexity
    return {"perplexity": calculate_perplexity(sentence)}
                          ^^^^^^^^^^^^^^^^^^^^^^^^^^^^^^
  File "/lustre09/project/6032307/arnauddr/MiniCPBP/server_mlm.py", line 134, in calculate_perplexity
    with mutex:
TypeError: 'Lock' object does not support the context manager protocol
127.0.0.1 - - [30/Nov/2025 21:54:09] "[35m[1mPOST /perplexity HTTP/1.1[0m" 500 -
[2025-11-30 21:54:09,307] ERROR in app: Exception on /perplexity [POST]
Traceback (most recent call last):
  File "/lustre09/project/6032307/arnauddr/MiniCPBP/venv/lib/python3.11/site-packages/flask/app.py", line 1511, in wsgi_app
    response = self.full_dispatch_request()
               ^^^^^^^^^^^^^^^^^^^^^^^^^^^^
  File "/lustre09/project/6032307/arnauddr/MiniCPBP/venv/lib/python3.11/site-packages/flask/app.py", line 919, in full_dispatch_request
    rv = self.handle_user_exception(e)
         ^^^^^^^^^^^^^^^^^^^^^^^^^^^^^
  File "/lustre09/project/6032307/arnauddr/MiniCPBP/venv/lib/python3.11/site-packages/flask/app.py", line 917, in full_dispatch_request
    rv = self.dispatch_request()
         ^^^^^^^^^^^^^^^^^^^^^^^
  File "/lustre09/project/6032307/arnauddr/MiniCPBP/venv/lib/python3.11/site-packages/flask/app.py", line 902, in dispatch_request
    return self.ensure_sync(self.view_functions[rule.endpoint])(**view_args)  # type: ignore[no-any-return]
           ^^^^^^^^^^^^^^^^^^^^^^^^^^^^^^^^^^^^^^^^^^^^^^^^^^^^^^^^^^^^^^^^^
  File "/lustre09/project/6032307/arnauddr/MiniCPBP/server_mlm.py", line 147, in perplexity
    return {"perplexity": calculate_perplexity(sentence)}
                          ^^^^^^^^^^^^^^^^^^^^^^^^^^^^^^
  File "/lustre09/project/6032307/arnauddr/MiniCPBP/server_mlm.py", line 134, in calculate_perplexity
    with mutex:
TypeError: 'Lock' object does not support the context manager protocol
127.0.0.1 - - [30/Nov/2025 21:54:09] "[35m[1mPOST /perplexity HTTP/1.1[0m" 500 -
[2025-11-30 21:54:09,498] ERROR in app: Exception on /perplexity [POST]
Traceback (most recent call last):
  File "/lustre09/project/6032307/arnauddr/MiniCPBP/venv/lib/python3.11/site-packages/flask/app.py", line 1511, in wsgi_app
    response = self.full_dispatch_request()
               ^^^^^^^^^^^^^^^^^^^^^^^^^^^^
  File "/lustre09/project/6032307/arnauddr/MiniCPBP/venv/lib/python3.11/site-packages/flask/app.py", line 919, in full_dispatch_request
    rv = self.handle_user_exception(e)
         ^^^^^^^^^^^^^^^^^^^^^^^^^^^^^
  File "/lustre09/project/6032307/arnauddr/MiniCPBP/venv/lib/python3.11/site-packages/flask/app.py", line 917, in full_dispatch_request
    rv = self.dispatch_request()
         ^^^^^^^^^^^^^^^^^^^^^^^
  File "/lustre09/project/6032307/arnauddr/MiniCPBP/venv/lib/python3.11/site-packages/flask/app.py", line 902, in dispatch_request
    return self.ensure_sync(self.view_functions[rule.endpoint])(**view_args)  # type: ignore[no-any-return]
           ^^^^^^^^^^^^^^^^^^^^^^^^^^^^^^^^^^^^^^^^^^^^^^^^^^^^^^^^^^^^^^^^^
  File "/lustre09/project/6032307/arnauddr/MiniCPBP/server_mlm.py", line 147, in perplexity
    return {"perplexity": calculate_perplexity(sentence)}
                          ^^^^^^^^^^^^^^^^^^^^^^^^^^^^^^
  File "/lustre09/project/6032307/arnauddr/MiniCPBP/server_mlm.py", line 134, in calculate_perplexity
    with mutex:
TypeError: 'Lock' object does not support the context manager protocol
127.0.0.1 - - [30/Nov/2025 21:54:09] "[35m[1mPOST /perplexity HTTP/1.1[0m" 500 -
[2025-11-30 21:54:09,642] ERROR in app: Exception on /perplexity [POST]
Traceback (most recent call last):
  File "/lustre09/project/6032307/arnauddr/MiniCPBP/venv/lib/python3.11/site-packages/flask/app.py", line 1511, in wsgi_app
    response = self.full_dispatch_request()
               ^^^^^^^^^^^^^^^^^^^^^^^^^^^^
  File "/lustre09/project/6032307/arnauddr/MiniCPBP/venv/lib/python3.11/site-packages/flask/app.py", line 919, in full_dispatch_request
    rv = self.handle_user_exception(e)
         ^^^^^^^^^^^^^^^^^^^^^^^^^^^^^
  File "/lustre09/project/6032307/arnauddr/MiniCPBP/venv/lib/python3.11/site-packages/flask/app.py", line 917, in full_dispatch_request
    rv = self.dispatch_request()
         ^^^^^^^^^^^^^^^^^^^^^^^
  File "/lustre09/project/6032307/arnauddr/MiniCPBP/venv/lib/python3.11/site-packages/flask/app.py", line 902, in dispatch_request
    return self.ensure_sync(self.view_functions[rule.endpoint])(**view_args)  # type: ignore[no-any-return]
           ^^^^^^^^^^^^^^^^^^^^^^^^^^^^^^^^^^^^^^^^^^^^^^^^^^^^^^^^^^^^^^^^^
  File "/lustre09/project/6032307/arnauddr/MiniCPBP/server_mlm.py", line 147, in perplexity
    return {"perplexity": calculate_perplexity(sentence)}
                          ^^^^^^^^^^^^^^^^^^^^^^^^^^^^^^
  File "/lustre09/project/6032307/arnauddr/MiniCPBP/server_mlm.py", line 134, in calculate_perplexity
    with mutex:
TypeError: 'Lock' object does not support the context manager protocol
127.0.0.1 - - [30/Nov/2025 21:54:09] "[35m[1mPOST /perplexity HTTP/1.1[0m" 500 -
[2025-11-30 21:54:09,872] ERROR in app: Exception on /perplexity [POST]
Traceback (most recent call last):
  File "/lustre09/project/6032307/arnauddr/MiniCPBP/venv/lib/python3.11/site-packages/flask/app.py", line 1511, in wsgi_app
    response = self.full_dispatch_request()
               ^^^^^^^^^^^^^^^^^^^^^^^^^^^^
  File "/lustre09/project/6032307/arnauddr/MiniCPBP/venv/lib/python3.11/site-packages/flask/app.py", line 919, in full_dispatch_request
    rv = self.handle_user_exception(e)
         ^^^^^^^^^^^^^^^^^^^^^^^^^^^^^
  File "/lustre09/project/6032307/arnauddr/MiniCPBP/venv/lib/python3.11/site-packages/flask/app.py", line 917, in full_dispatch_request
    rv = self.dispatch_request()
         ^^^^^^^^^^^^^^^^^^^^^^^
  File "/lustre09/project/6032307/arnauddr/MiniCPBP/venv/lib/python3.11/site-packages/flask/app.py", line 902, in dispatch_request
    return self.ensure_sync(self.view_functions[rule.endpoint])(**view_args)  # type: ignore[no-any-return]
           ^^^^^^^^^^^^^^^^^^^^^^^^^^^^^^^^^^^^^^^^^^^^^^^^^^^^^^^^^^^^^^^^^
  File "/lustre09/project/6032307/arnauddr/MiniCPBP/server_mlm.py", line 147, in perplexity
    return {"perplexity": calculate_perplexity(sentence)}
                          ^^^^^^^^^^^^^^^^^^^^^^^^^^^^^^
  File "/lustre09/project/6032307/arnauddr/MiniCPBP/server_mlm.py", line 134, in calculate_perplexity
    with mutex:
TypeError: 'Lock' object does not support the context manager protocol
127.0.0.1 - - [30/Nov/2025 21:54:09] "[35m[1mPOST /perplexity HTTP/1.1[0m" 500 -
[2025-11-30 21:54:10,047] ERROR in app: Exception on /perplexity [POST]
Traceback (most recent call last):
  File "/lustre09/project/6032307/arnauddr/MiniCPBP/venv/lib/python3.11/site-packages/flask/app.py", line 1511, in wsgi_app
    response = self.full_dispatch_request()
               ^^^^^^^^^^^^^^^^^^^^^^^^^^^^
  File "/lustre09/project/6032307/arnauddr/MiniCPBP/venv/lib/python3.11/site-packages/flask/app.py", line 919, in full_dispatch_request
    rv = self.handle_user_exception(e)
         ^^^^^^^^^^^^^^^^^^^^^^^^^^^^^
  File "/lustre09/project/6032307/arnauddr/MiniCPBP/venv/lib/python3.11/site-packages/flask/app.py", line 917, in full_dispatch_request
    rv = self.dispatch_request()
         ^^^^^^^^^^^^^^^^^^^^^^^
  File "/lustre09/project/6032307/arnauddr/MiniCPBP/venv/lib/python3.11/site-packages/flask/app.py", line 902, in dispatch_request
    return self.ensure_sync(self.view_functions[rule.endpoint])(**view_args)  # type: ignore[no-any-return]
           ^^^^^^^^^^^^^^^^^^^^^^^^^^^^^^^^^^^^^^^^^^^^^^^^^^^^^^^^^^^^^^^^^
  File "/lustre09/project/6032307/arnauddr/MiniCPBP/server_mlm.py", line 147, in perplexity
    return {"perplexity": calculate_perplexity(sentence)}
                          ^^^^^^^^^^^^^^^^^^^^^^^^^^^^^^
  File "/lustre09/project/6032307/arnauddr/MiniCPBP/server_mlm.py", line 134, in calculate_perplexity
    with mutex:
TypeError: 'Lock' object does not support the context manager protocol
127.0.0.1 - - [30/Nov/2025 21:54:10] "[35m[1mPOST /perplexity HTTP/1.1[0m" 500 -
[2025-11-30 21:54:10,276] ERROR in app: Exception on /perplexity [POST]
Traceback (most recent call last):
  File "/lustre09/project/6032307/arnauddr/MiniCPBP/venv/lib/python3.11/site-packages/flask/app.py", line 1511, in wsgi_app
    response = self.full_dispatch_request()
               ^^^^^^^^^^^^^^^^^^^^^^^^^^^^
  File "/lustre09/project/6032307/arnauddr/MiniCPBP/venv/lib/python3.11/site-packages/flask/app.py", line 919, in full_dispatch_request
    rv = self.handle_user_exception(e)
         ^^^^^^^^^^^^^^^^^^^^^^^^^^^^^
  File "/lustre09/project/6032307/arnauddr/MiniCPBP/venv/lib/python3.11/site-packages/flask/app.py", line 917, in full_dispatch_request
    rv = self.dispatch_request()
         ^^^^^^^^^^^^^^^^^^^^^^^
  File "/lustre09/project/6032307/arnauddr/MiniCPBP/venv/lib/python3.11/site-packages/flask/app.py", line 902, in dispatch_request
    return self.ensure_sync(self.view_functions[rule.endpoint])(**view_args)  # type: ignore[no-any-return]
           ^^^^^^^^^^^^^^^^^^^^^^^^^^^^^^^^^^^^^^^^^^^^^^^^^^^^^^^^^^^^^^^^^
  File "/lustre09/project/6032307/arnauddr/MiniCPBP/server_mlm.py", line 147, in perplexity
    return {"perplexity": calculate_perplexity(sentence)}
                          ^^^^^^^^^^^^^^^^^^^^^^^^^^^^^^
  File "/lustre09/project/6032307/arnauddr/MiniCPBP/server_mlm.py", line 134, in calculate_perplexity
    with mutex:
TypeError: 'Lock' object does not support the context manager protocol
127.0.0.1 - - [30/Nov/2025 21:54:10] "[35m[1mPOST /perplexity HTTP/1.1[0m" 500 -
[2025-11-30 21:54:10,435] ERROR in app: Exception on /perplexity [POST]
Traceback (most recent call last):
  File "/lustre09/project/6032307/arnauddr/MiniCPBP/venv/lib/python3.11/site-packages/flask/app.py", line 1511, in wsgi_app
    response = self.full_dispatch_request()
               ^^^^^^^^^^^^^^^^^^^^^^^^^^^^
  File "/lustre09/project/6032307/arnauddr/MiniCPBP/venv/lib/python3.11/site-packages/flask/app.py", line 919, in full_dispatch_request
    rv = self.handle_user_exception(e)
         ^^^^^^^^^^^^^^^^^^^^^^^^^^^^^
  File "/lustre09/project/6032307/arnauddr/MiniCPBP/venv/lib/python3.11/site-packages/flask/app.py", line 917, in full_dispatch_request
    rv = self.dispatch_request()
         ^^^^^^^^^^^^^^^^^^^^^^^
  File "/lustre09/project/6032307/arnauddr/MiniCPBP/venv/lib/python3.11/site-packages/flask/app.py", line 902, in dispatch_request
    return self.ensure_sync(self.view_functions[rule.endpoint])(**view_args)  # type: ignore[no-any-return]
           ^^^^^^^^^^^^^^^^^^^^^^^^^^^^^^^^^^^^^^^^^^^^^^^^^^^^^^^^^^^^^^^^^
  File "/lustre09/project/6032307/arnauddr/MiniCPBP/server_mlm.py", line 147, in perplexity
    return {"perplexity": calculate_perplexity(sentence)}
                          ^^^^^^^^^^^^^^^^^^^^^^^^^^^^^^
  File "/lustre09/project/6032307/arnauddr/MiniCPBP/server_mlm.py", line 134, in calculate_perplexity
    with mutex:
TypeError: 'Lock' object does not support the context manager protocol
127.0.0.1 - - [30/Nov/2025 21:54:10] "[35m[1mPOST /perplexity HTTP/1.1[0m" 500 -
[2025-11-30 21:54:10,618] ERROR in app: Exception on /perplexity [POST]
Traceback (most recent call last):
  File "/lustre09/project/6032307/arnauddr/MiniCPBP/venv/lib/python3.11/site-packages/flask/app.py", line 1511, in wsgi_app
    response = self.full_dispatch_request()
               ^^^^^^^^^^^^^^^^^^^^^^^^^^^^
  File "/lustre09/project/6032307/arnauddr/MiniCPBP/venv/lib/python3.11/site-packages/flask/app.py", line 919, in full_dispatch_request
    rv = self.handle_user_exception(e)
         ^^^^^^^^^^^^^^^^^^^^^^^^^^^^^
  File "/lustre09/project/6032307/arnauddr/MiniCPBP/venv/lib/python3.11/site-packages/flask/app.py", line 917, in full_dispatch_request
    rv = self.dispatch_request()
         ^^^^^^^^^^^^^^^^^^^^^^^
  File "/lustre09/project/6032307/arnauddr/MiniCPBP/venv/lib/python3.11/site-packages/flask/app.py", line 902, in dispatch_request
    return self.ensure_sync(self.view_functions[rule.endpoint])(**view_args)  # type: ignore[no-any-return]
           ^^^^^^^^^^^^^^^^^^^^^^^^^^^^^^^^^^^^^^^^^^^^^^^^^^^^^^^^^^^^^^^^^
  File "/lustre09/project/6032307/arnauddr/MiniCPBP/server_mlm.py", line 147, in perplexity
    return {"perplexity": calculate_perplexity(sentence)}
                          ^^^^^^^^^^^^^^^^^^^^^^^^^^^^^^
  File "/lustre09/project/6032307/arnauddr/MiniCPBP/server_mlm.py", line 134, in calculate_perplexity
    with mutex:
TypeError: 'Lock' object does not support the context manager protocol
127.0.0.1 - - [30/Nov/2025 21:54:10] "[35m[1mPOST /perplexity HTTP/1.1[0m" 500 -
[2025-11-30 21:54:10,827] ERROR in app: Exception on /perplexity [POST]
Traceback (most recent call last):
  File "/lustre09/project/6032307/arnauddr/MiniCPBP/venv/lib/python3.11/site-packages/flask/app.py", line 1511, in wsgi_app
    response = self.full_dispatch_request()
               ^^^^^^^^^^^^^^^^^^^^^^^^^^^^
  File "/lustre09/project/6032307/arnauddr/MiniCPBP/venv/lib/python3.11/site-packages/flask/app.py", line 919, in full_dispatch_request
    rv = self.handle_user_exception(e)
         ^^^^^^^^^^^^^^^^^^^^^^^^^^^^^
  File "/lustre09/project/6032307/arnauddr/MiniCPBP/venv/lib/python3.11/site-packages/flask/app.py", line 917, in full_dispatch_request
    rv = self.dispatch_request()
         ^^^^^^^^^^^^^^^^^^^^^^^
  File "/lustre09/project/6032307/arnauddr/MiniCPBP/venv/lib/python3.11/site-packages/flask/app.py", line 902, in dispatch_request
    return self.ensure_sync(self.view_functions[rule.endpoint])(**view_args)  # type: ignore[no-any-return]
           ^^^^^^^^^^^^^^^^^^^^^^^^^^^^^^^^^^^^^^^^^^^^^^^^^^^^^^^^^^^^^^^^^
  File "/lustre09/project/6032307/arnauddr/MiniCPBP/server_mlm.py", line 147, in perplexity
    return {"perplexity": calculate_perplexity(sentence)}
                          ^^^^^^^^^^^^^^^^^^^^^^^^^^^^^^
  File "/lustre09/project/6032307/arnauddr/MiniCPBP/server_mlm.py", line 134, in calculate_perplexity
    with mutex:
TypeError: 'Lock' object does not support the context manager protocol
127.0.0.1 - - [30/Nov/2025 21:54:10] "[35m[1mPOST /perplexity HTTP/1.1[0m" 500 -
[2025-11-30 21:54:11,012] ERROR in app: Exception on /perplexity [POST]
Traceback (most recent call last):
  File "/lustre09/project/6032307/arnauddr/MiniCPBP/venv/lib/python3.11/site-packages/flask/app.py", line 1511, in wsgi_app
    response = self.full_dispatch_request()
               ^^^^^^^^^^^^^^^^^^^^^^^^^^^^
  File "/lustre09/project/6032307/arnauddr/MiniCPBP/venv/lib/python3.11/site-packages/flask/app.py", line 919, in full_dispatch_request
    rv = self.handle_user_exception(e)
         ^^^^^^^^^^^^^^^^^^^^^^^^^^^^^
  File "/lustre09/project/6032307/arnauddr/MiniCPBP/venv/lib/python3.11/site-packages/flask/app.py", line 917, in full_dispatch_request
    rv = self.dispatch_request()
         ^^^^^^^^^^^^^^^^^^^^^^^
  File "/lustre09/project/6032307/arnauddr/MiniCPBP/venv/lib/python3.11/site-packages/flask/app.py", line 902, in dispatch_request
    return self.ensure_sync(self.view_functions[rule.endpoint])(**view_args)  # type: ignore[no-any-return]
           ^^^^^^^^^^^^^^^^^^^^^^^^^^^^^^^^^^^^^^^^^^^^^^^^^^^^^^^^^^^^^^^^^
  File "/lustre09/project/6032307/arnauddr/MiniCPBP/server_mlm.py", line 147, in perplexity
    return {"perplexity": calculate_perplexity(sentence)}
                          ^^^^^^^^^^^^^^^^^^^^^^^^^^^^^^
  File "/lustre09/project/6032307/arnauddr/MiniCPBP/server_mlm.py", line 134, in calculate_perplexity
    with mutex:
TypeError: 'Lock' object does not support the context manager protocol
127.0.0.1 - - [30/Nov/2025 21:54:11] "[35m[1mPOST /perplexity HTTP/1.1[0m" 500 -
[2025-11-30 21:54:11,184] ERROR in app: Exception on /perplexity [POST]
Traceback (most recent call last):
  File "/lustre09/project/6032307/arnauddr/MiniCPBP/venv/lib/python3.11/site-packages/flask/app.py", line 1511, in wsgi_app
    response = self.full_dispatch_request()
               ^^^^^^^^^^^^^^^^^^^^^^^^^^^^
  File "/lustre09/project/6032307/arnauddr/MiniCPBP/venv/lib/python3.11/site-packages/flask/app.py", line 919, in full_dispatch_request
    rv = self.handle_user_exception(e)
         ^^^^^^^^^^^^^^^^^^^^^^^^^^^^^
  File "/lustre09/project/6032307/arnauddr/MiniCPBP/venv/lib/python3.11/site-packages/flask/app.py", line 917, in full_dispatch_request
    rv = self.dispatch_request()
         ^^^^^^^^^^^^^^^^^^^^^^^
  File "/lustre09/project/6032307/arnauddr/MiniCPBP/venv/lib/python3.11/site-packages/flask/app.py", line 902, in dispatch_request
    return self.ensure_sync(self.view_functions[rule.endpoint])(**view_args)  # type: ignore[no-any-return]
           ^^^^^^^^^^^^^^^^^^^^^^^^^^^^^^^^^^^^^^^^^^^^^^^^^^^^^^^^^^^^^^^^^
  File "/lustre09/project/6032307/arnauddr/MiniCPBP/server_mlm.py", line 147, in perplexity
    return {"perplexity": calculate_perplexity(sentence)}
                          ^^^^^^^^^^^^^^^^^^^^^^^^^^^^^^
  File "/lustre09/project/6032307/arnauddr/MiniCPBP/server_mlm.py", line 134, in calculate_perplexity
    with mutex:
TypeError: 'Lock' object does not support the context manager protocol
127.0.0.1 - - [30/Nov/2025 21:54:11] "[35m[1mPOST /perplexity HTTP/1.1[0m" 500 -
[2025-11-30 21:54:11,397] ERROR in app: Exception on /perplexity [POST]
Traceback (most recent call last):
  File "/lustre09/project/6032307/arnauddr/MiniCPBP/venv/lib/python3.11/site-packages/flask/app.py", line 1511, in wsgi_app
    response = self.full_dispatch_request()
               ^^^^^^^^^^^^^^^^^^^^^^^^^^^^
  File "/lustre09/project/6032307/arnauddr/MiniCPBP/venv/lib/python3.11/site-packages/flask/app.py", line 919, in full_dispatch_request
    rv = self.handle_user_exception(e)
         ^^^^^^^^^^^^^^^^^^^^^^^^^^^^^
  File "/lustre09/project/6032307/arnauddr/MiniCPBP/venv/lib/python3.11/site-packages/flask/app.py", line 917, in full_dispatch_request
    rv = self.dispatch_request()
         ^^^^^^^^^^^^^^^^^^^^^^^
  File "/lustre09/project/6032307/arnauddr/MiniCPBP/venv/lib/python3.11/site-packages/flask/app.py", line 902, in dispatch_request
    return self.ensure_sync(self.view_functions[rule.endpoint])(**view_args)  # type: ignore[no-any-return]
           ^^^^^^^^^^^^^^^^^^^^^^^^^^^^^^^^^^^^^^^^^^^^^^^^^^^^^^^^^^^^^^^^^
  File "/lustre09/project/6032307/arnauddr/MiniCPBP/server_mlm.py", line 147, in perplexity
    return {"perplexity": calculate_perplexity(sentence)}
                          ^^^^^^^^^^^^^^^^^^^^^^^^^^^^^^
  File "/lustre09/project/6032307/arnauddr/MiniCPBP/server_mlm.py", line 134, in calculate_perplexity
    with mutex:
TypeError: 'Lock' object does not support the context manager protocol
127.0.0.1 - - [30/Nov/2025 21:54:11] "[35m[1mPOST /perplexity HTTP/1.1[0m" 500 -
[2025-11-30 21:54:11,647] ERROR in app: Exception on /perplexity [POST]
Traceback (most recent call last):
  File "/lustre09/project/6032307/arnauddr/MiniCPBP/venv/lib/python3.11/site-packages/flask/app.py", line 1511, in wsgi_app
    response = self.full_dispatch_request()
               ^^^^^^^^^^^^^^^^^^^^^^^^^^^^
  File "/lustre09/project/6032307/arnauddr/MiniCPBP/venv/lib/python3.11/site-packages/flask/app.py", line 919, in full_dispatch_request
    rv = self.handle_user_exception(e)
         ^^^^^^^^^^^^^^^^^^^^^^^^^^^^^
  File "/lustre09/project/6032307/arnauddr/MiniCPBP/venv/lib/python3.11/site-packages/flask/app.py", line 917, in full_dispatch_request
    rv = self.dispatch_request()
         ^^^^^^^^^^^^^^^^^^^^^^^
  File "/lustre09/project/6032307/arnauddr/MiniCPBP/venv/lib/python3.11/site-packages/flask/app.py", line 902, in dispatch_request
    return self.ensure_sync(self.view_functions[rule.endpoint])(**view_args)  # type: ignore[no-any-return]
           ^^^^^^^^^^^^^^^^^^^^^^^^^^^^^^^^^^^^^^^^^^^^^^^^^^^^^^^^^^^^^^^^^
  File "/lustre09/project/6032307/arnauddr/MiniCPBP/server_mlm.py", line 147, in perplexity
    return {"perplexity": calculate_perplexity(sentence)}
                          ^^^^^^^^^^^^^^^^^^^^^^^^^^^^^^
  File "/lustre09/project/6032307/arnauddr/MiniCPBP/server_mlm.py", line 134, in calculate_perplexity
    with mutex:
TypeError: 'Lock' object does not support the context manager protocol
127.0.0.1 - - [30/Nov/2025 21:54:11] "[35m[1mPOST /perplexity HTTP/1.1[0m" 500 -
[2025-11-30 21:54:11,758] ERROR in app: Exception on /perplexity [POST]
Traceback (most recent call last):
  File "/lustre09/project/6032307/arnauddr/MiniCPBP/venv/lib/python3.11/site-packages/flask/app.py", line 1511, in wsgi_app
    response = self.full_dispatch_request()
               ^^^^^^^^^^^^^^^^^^^^^^^^^^^^
  File "/lustre09/project/6032307/arnauddr/MiniCPBP/venv/lib/python3.11/site-packages/flask/app.py", line 919, in full_dispatch_request
    rv = self.handle_user_exception(e)
         ^^^^^^^^^^^^^^^^^^^^^^^^^^^^^
  File "/lustre09/project/6032307/arnauddr/MiniCPBP/venv/lib/python3.11/site-packages/flask/app.py", line 917, in full_dispatch_request
    rv = self.dispatch_request()
         ^^^^^^^^^^^^^^^^^^^^^^^
  File "/lustre09/project/6032307/arnauddr/MiniCPBP/venv/lib/python3.11/site-packages/flask/app.py", line 902, in dispatch_request
    return self.ensure_sync(self.view_functions[rule.endpoint])(**view_args)  # type: ignore[no-any-return]
           ^^^^^^^^^^^^^^^^^^^^^^^^^^^^^^^^^^^^^^^^^^^^^^^^^^^^^^^^^^^^^^^^^
  File "/lustre09/project/6032307/arnauddr/MiniCPBP/server_mlm.py", line 147, in perplexity
    return {"perplexity": calculate_perplexity(sentence)}
                          ^^^^^^^^^^^^^^^^^^^^^^^^^^^^^^
  File "/lustre09/project/6032307/arnauddr/MiniCPBP/server_mlm.py", line 134, in calculate_perplexity
    with mutex:
TypeError: 'Lock' object does not support the context manager protocol
127.0.0.1 - - [30/Nov/2025 21:54:11] "[35m[1mPOST /perplexity HTTP/1.1[0m" 500 -
[2025-11-30 21:54:11,793] ERROR in app: Exception on /perplexity [POST]
Traceback (most recent call last):
  File "/lustre09/project/6032307/arnauddr/MiniCPBP/venv/lib/python3.11/site-packages/flask/app.py", line 1511, in wsgi_app
    response = self.full_dispatch_request()
               ^^^^^^^^^^^^^^^^^^^^^^^^^^^^
  File "/lustre09/project/6032307/arnauddr/MiniCPBP/venv/lib/python3.11/site-packages/flask/app.py", line 919, in full_dispatch_request
    rv = self.handle_user_exception(e)
         ^^^^^^^^^^^^^^^^^^^^^^^^^^^^^
  File "/lustre09/project/6032307/arnauddr/MiniCPBP/venv/lib/python3.11/site-packages/flask/app.py", line 917, in full_dispatch_request
    rv = self.dispatch_request()
         ^^^^^^^^^^^^^^^^^^^^^^^
  File "/lustre09/project/6032307/arnauddr/MiniCPBP/venv/lib/python3.11/site-packages/flask/app.py", line 902, in dispatch_request
    return self.ensure_sync(self.view_functions[rule.endpoint])(**view_args)  # type: ignore[no-any-return]
           ^^^^^^^^^^^^^^^^^^^^^^^^^^^^^^^^^^^^^^^^^^^^^^^^^^^^^^^^^^^^^^^^^
  File "/lustre09/project/6032307/arnauddr/MiniCPBP/server_mlm.py", line 147, in perplexity
    return {"perplexity": calculate_perplexity(sentence)}
                          ^^^^^^^^^^^^^^^^^^^^^^^^^^^^^^
  File "/lustre09/project/6032307/arnauddr/MiniCPBP/server_mlm.py", line 134, in calculate_perplexity
    with mutex:
TypeError: 'Lock' object does not support the context manager protocol
127.0.0.1 - - [30/Nov/2025 21:54:11] "[35m[1mPOST /perplexity HTTP/1.1[0m" 500 -
[2025-11-30 21:54:11,809] ERROR in app: Exception on /perplexity [POST]
Traceback (most recent call last):
  File "/lustre09/project/6032307/arnauddr/MiniCPBP/venv/lib/python3.11/site-packages/flask/app.py", line 1511, in wsgi_app
    response = self.full_dispatch_request()
               ^^^^^^^^^^^^^^^^^^^^^^^^^^^^
  File "/lustre09/project/6032307/arnauddr/MiniCPBP/venv/lib/python3.11/site-packages/flask/app.py", line 919, in full_dispatch_request
    rv = self.handle_user_exception(e)
         ^^^^^^^^^^^^^^^^^^^^^^^^^^^^^
  File "/lustre09/project/6032307/arnauddr/MiniCPBP/venv/lib/python3.11/site-packages/flask/app.py", line 917, in full_dispatch_request
    rv = self.dispatch_request()
         ^^^^^^^^^^^^^^^^^^^^^^^
  File "/lustre09/project/6032307/arnauddr/MiniCPBP/venv/lib/python3.11/site-packages/flask/app.py", line 902, in dispatch_request
    return self.ensure_sync(self.view_functions[rule.endpoint])(**view_args)  # type: ignore[no-any-return]
           ^^^^^^^^^^^^^^^^^^^^^^^^^^^^^^^^^^^^^^^^^^^^^^^^^^^^^^^^^^^^^^^^^
  File "/lustre09/project/6032307/arnauddr/MiniCPBP/server_mlm.py", line 147, in perplexity
    return {"perplexity": calculate_perplexity(sentence)}
                          ^^^^^^^^^^^^^^^^^^^^^^^^^^^^^^
  File "/lustre09/project/6032307/arnauddr/MiniCPBP/server_mlm.py", line 134, in calculate_perplexity
    with mutex:
TypeError: 'Lock' object does not support the context manager protocol
127.0.0.1 - - [30/Nov/2025 21:54:11] "[35m[1mPOST /perplexity HTTP/1.1[0m" 500 -
[2025-11-30 21:54:11,812] ERROR in app: Exception on /perplexity [POST]
Traceback (most recent call last):
  File "/lustre09/project/6032307/arnauddr/MiniCPBP/venv/lib/python3.11/site-packages/flask/app.py", line 1511, in wsgi_app
    response = self.full_dispatch_request()
               ^^^^^^^^^^^^^^^^^^^^^^^^^^^^
  File "/lustre09/project/6032307/arnauddr/MiniCPBP/venv/lib/python3.11/site-packages/flask/app.py", line 919, in full_dispatch_request
    rv = self.handle_user_exception(e)
         ^^^^^^^^^^^^^^^^^^^^^^^^^^^^^
  File "/lustre09/project/6032307/arnauddr/MiniCPBP/venv/lib/python3.11/site-packages/flask/app.py", line 917, in full_dispatch_request
    rv = self.dispatch_request()
         ^^^^^^^^^^^^^^^^^^^^^^^
  File "/lustre09/project/6032307/arnauddr/MiniCPBP/venv/lib/python3.11/site-packages/flask/app.py", line 902, in dispatch_request
    return self.ensure_sync(self.view_functions[rule.endpoint])(**view_args)  # type: ignore[no-any-return]
           ^^^^^^^^^^^^^^^^^^^^^^^^^^^^^^^^^^^^^^^^^^^^^^^^^^^^^^^^^^^^^^^^^
  File "/lustre09/project/6032307/arnauddr/MiniCPBP/server_mlm.py", line 147, in perplexity
    return {"perplexity": calculate_perplexity(sentence)}
                          ^^^^^^^^^^^^^^^^^^^^^^^^^^^^^^
  File "/lustre09/project/6032307/arnauddr/MiniCPBP/server_mlm.py", line 134, in calculate_perplexity
    with mutex:
TypeError: 'Lock' object does not support the context manager protocol
127.0.0.1 - - [30/Nov/2025 21:54:11] "[35m[1mPOST /perplexity HTTP/1.1[0m" 500 -
[2025-11-30 21:54:11,813] ERROR in app: Exception on /perplexity [POST]
Traceback (most recent call last):
  File "/lustre09/project/6032307/arnauddr/MiniCPBP/venv/lib/python3.11/site-packages/flask/app.py", line 1511, in wsgi_app
    response = self.full_dispatch_request()
               ^^^^^^^^^^^^^^^^^^^^^^^^^^^^
  File "/lustre09/project/6032307/arnauddr/MiniCPBP/venv/lib/python3.11/site-packages/flask/app.py", line 919, in full_dispatch_request
    rv = self.handle_user_exception(e)
         ^^^^^^^^^^^^^^^^^^^^^^^^^^^^^
  File "/lustre09/project/6032307/arnauddr/MiniCPBP/venv/lib/python3.11/site-packages/flask/app.py", line 917, in full_dispatch_request
    rv = self.dispatch_request()
         ^^^^^^^^^^^^^^^^^^^^^^^
  File "/lustre09/project/6032307/arnauddr/MiniCPBP/venv/lib/python3.11/site-packages/flask/app.py", line 902, in dispatch_request
    return self.ensure_sync(self.view_functions[rule.endpoint])(**view_args)  # type: ignore[no-any-return]
           ^^^^^^^^^^^^^^^^^^^^^^^^^^^^^^^^^^^^^^^^^^^^^^^^^^^^^^^^^^^^^^^^^
  File "/lustre09/project/6032307/arnauddr/MiniCPBP/server_mlm.py", line 147, in perplexity
    return {"perplexity": calculate_perplexity(sentence)}
                          ^^^^^^^^^^^^^^^^^^^^^^^^^^^^^^
  File "/lustre09/project/6032307/arnauddr/MiniCPBP/server_mlm.py", line 134, in calculate_perplexity
    with mutex:
TypeError: 'Lock' object does not support the context manager protocol
127.0.0.1 - - [30/Nov/2025 21:54:11] "[35m[1mPOST /perplexity HTTP/1.1[0m" 500 -
[2025-11-30 21:54:11,959] ERROR in app: Exception on /perplexity [POST]
Traceback (most recent call last):
  File "/lustre09/project/6032307/arnauddr/MiniCPBP/venv/lib/python3.11/site-packages/flask/app.py", line 1511, in wsgi_app
    response = self.full_dispatch_request()
               ^^^^^^^^^^^^^^^^^^^^^^^^^^^^
  File "/lustre09/project/6032307/arnauddr/MiniCPBP/venv/lib/python3.11/site-packages/flask/app.py", line 919, in full_dispatch_request
    rv = self.handle_user_exception(e)
         ^^^^^^^^^^^^^^^^^^^^^^^^^^^^^
  File "/lustre09/project/6032307/arnauddr/MiniCPBP/venv/lib/python3.11/site-packages/flask/app.py", line 917, in full_dispatch_request
    rv = self.dispatch_request()
         ^^^^^^^^^^^^^^^^^^^^^^^
  File "/lustre09/project/6032307/arnauddr/MiniCPBP/venv/lib/python3.11/site-packages/flask/app.py", line 902, in dispatch_request
    return self.ensure_sync(self.view_functions[rule.endpoint])(**view_args)  # type: ignore[no-any-return]
           ^^^^^^^^^^^^^^^^^^^^^^^^^^^^^^^^^^^^^^^^^^^^^^^^^^^^^^^^^^^^^^^^^
  File "/lustre09/project/6032307/arnauddr/MiniCPBP/server_mlm.py", line 147, in perplexity
    return {"perplexity": calculate_perplexity(sentence)}
                          ^^^^^^^^^^^^^^^^^^^^^^^^^^^^^^
  File "/lustre09/project/6032307/arnauddr/MiniCPBP/server_mlm.py", line 134, in calculate_perplexity
    with mutex:
TypeError: 'Lock' object does not support the context manager protocol
127.0.0.1 - - [30/Nov/2025 21:54:12] "[35m[1mPOST /perplexity HTTP/1.1[0m" 500 -
[2025-11-30 21:54:12,072] ERROR in app: Exception on /perplexity [POST]
Traceback (most recent call last):
  File "/lustre09/project/6032307/arnauddr/MiniCPBP/venv/lib/python3.11/site-packages/flask/app.py", line 1511, in wsgi_app
    response = self.full_dispatch_request()
               ^^^^^^^^^^^^^^^^^^^^^^^^^^^^
  File "/lustre09/project/6032307/arnauddr/MiniCPBP/venv/lib/python3.11/site-packages/flask/app.py", line 919, in full_dispatch_request
    rv = self.handle_user_exception(e)
         ^^^^^^^^^^^^^^^^^^^^^^^^^^^^^
  File "/lustre09/project/6032307/arnauddr/MiniCPBP/venv/lib/python3.11/site-packages/flask/app.py", line 917, in full_dispatch_request
    rv = self.dispatch_request()
         ^^^^^^^^^^^^^^^^^^^^^^^
  File "/lustre09/project/6032307/arnauddr/MiniCPBP/venv/lib/python3.11/site-packages/flask/app.py", line 902, in dispatch_request
    return self.ensure_sync(self.view_functions[rule.endpoint])(**view_args)  # type: ignore[no-any-return]
           ^^^^^^^^^^^^^^^^^^^^^^^^^^^^^^^^^^^^^^^^^^^^^^^^^^^^^^^^^^^^^^^^^
  File "/lustre09/project/6032307/arnauddr/MiniCPBP/server_mlm.py", line 147, in perplexity
    return {"perplexity": calculate_perplexity(sentence)}
                          ^^^^^^^^^^^^^^^^^^^^^^^^^^^^^^
  File "/lustre09/project/6032307/arnauddr/MiniCPBP/server_mlm.py", line 134, in calculate_perplexity
    with mutex:
TypeError: 'Lock' object does not support the context manager protocol
127.0.0.1 - - [30/Nov/2025 21:54:12] "[35m[1mPOST /perplexity HTTP/1.1[0m" 500 -
[2025-11-30 21:54:12,155] ERROR in app: Exception on /perplexity [POST]
Traceback (most recent call last):
  File "/lustre09/project/6032307/arnauddr/MiniCPBP/venv/lib/python3.11/site-packages/flask/app.py", line 1511, in wsgi_app
    response = self.full_dispatch_request()
               ^^^^^^^^^^^^^^^^^^^^^^^^^^^^
  File "/lustre09/project/6032307/arnauddr/MiniCPBP/venv/lib/python3.11/site-packages/flask/app.py", line 919, in full_dispatch_request
    rv = self.handle_user_exception(e)
         ^^^^^^^^^^^^^^^^^^^^^^^^^^^^^
  File "/lustre09/project/6032307/arnauddr/MiniCPBP/venv/lib/python3.11/site-packages/flask/app.py", line 917, in full_dispatch_request
    rv = self.dispatch_request()
         ^^^^^^^^^^^^^^^^^^^^^^^
  File "/lustre09/project/6032307/arnauddr/MiniCPBP/venv/lib/python3.11/site-packages/flask/app.py", line 902, in dispatch_request
    return self.ensure_sync(self.view_functions[rule.endpoint])(**view_args)  # type: ignore[no-any-return]
           ^^^^^^^^^^^^^^^^^^^^^^^^^^^^^^^^^^^^^^^^^^^^^^^^^^^^^^^^^^^^^^^^^
  File "/lustre09/project/6032307/arnauddr/MiniCPBP/server_mlm.py", line 147, in perplexity
    return {"perplexity": calculate_perplexity(sentence)}
                          ^^^^^^^^^^^^^^^^^^^^^^^^^^^^^^
  File "/lustre09/project/6032307/arnauddr/MiniCPBP/server_mlm.py", line 134, in calculate_perplexity
    with mutex:
TypeError: 'Lock' object does not support the context manager protocol
127.0.0.1 - - [30/Nov/2025 21:54:12] "[35m[1mPOST /perplexity HTTP/1.1[0m" 500 -
[2025-11-30 21:54:12,405] ERROR in app: Exception on /perplexity [POST]
Traceback (most recent call last):
  File "/lustre09/project/6032307/arnauddr/MiniCPBP/venv/lib/python3.11/site-packages/flask/app.py", line 1511, in wsgi_app
    response = self.full_dispatch_request()
               ^^^^^^^^^^^^^^^^^^^^^^^^^^^^
  File "/lustre09/project/6032307/arnauddr/MiniCPBP/venv/lib/python3.11/site-packages/flask/app.py", line 919, in full_dispatch_request
    rv = self.handle_user_exception(e)
         ^^^^^^^^^^^^^^^^^^^^^^^^^^^^^
  File "/lustre09/project/6032307/arnauddr/MiniCPBP/venv/lib/python3.11/site-packages/flask/app.py", line 917, in full_dispatch_request
    rv = self.dispatch_request()
         ^^^^^^^^^^^^^^^^^^^^^^^
  File "/lustre09/project/6032307/arnauddr/MiniCPBP/venv/lib/python3.11/site-packages/flask/app.py", line 902, in dispatch_request
    return self.ensure_sync(self.view_functions[rule.endpoint])(**view_args)  # type: ignore[no-any-return]
           ^^^^^^^^^^^^^^^^^^^^^^^^^^^^^^^^^^^^^^^^^^^^^^^^^^^^^^^^^^^^^^^^^
  File "/lustre09/project/6032307/arnauddr/MiniCPBP/server_mlm.py", line 147, in perplexity
    return {"perplexity": calculate_perplexity(sentence)}
                          ^^^^^^^^^^^^^^^^^^^^^^^^^^^^^^
  File "/lustre09/project/6032307/arnauddr/MiniCPBP/server_mlm.py", line 134, in calculate_perplexity
    with mutex:
TypeError: 'Lock' object does not support the context manager protocol
127.0.0.1 - - [30/Nov/2025 21:54:12] "[35m[1mPOST /perplexity HTTP/1.1[0m" 500 -
[2025-11-30 21:54:12,642] ERROR in app: Exception on /perplexity [POST]
Traceback (most recent call last):
  File "/lustre09/project/6032307/arnauddr/MiniCPBP/venv/lib/python3.11/site-packages/flask/app.py", line 1511, in wsgi_app
    response = self.full_dispatch_request()
               ^^^^^^^^^^^^^^^^^^^^^^^^^^^^
  File "/lustre09/project/6032307/arnauddr/MiniCPBP/venv/lib/python3.11/site-packages/flask/app.py", line 919, in full_dispatch_request
    rv = self.handle_user_exception(e)
         ^^^^^^^^^^^^^^^^^^^^^^^^^^^^^
  File "/lustre09/project/6032307/arnauddr/MiniCPBP/venv/lib/python3.11/site-packages/flask/app.py", line 917, in full_dispatch_request
    rv = self.dispatch_request()
         ^^^^^^^^^^^^^^^^^^^^^^^
  File "/lustre09/project/6032307/arnauddr/MiniCPBP/venv/lib/python3.11/site-packages/flask/app.py", line 902, in dispatch_request
    return self.ensure_sync(self.view_functions[rule.endpoint])(**view_args)  # type: ignore[no-any-return]
           ^^^^^^^^^^^^^^^^^^^^^^^^^^^^^^^^^^^^^^^^^^^^^^^^^^^^^^^^^^^^^^^^^
  File "/lustre09/project/6032307/arnauddr/MiniCPBP/server_mlm.py", line 147, in perplexity
    return {"perplexity": calculate_perplexity(sentence)}
                          ^^^^^^^^^^^^^^^^^^^^^^^^^^^^^^
  File "/lustre09/project/6032307/arnauddr/MiniCPBP/server_mlm.py", line 134, in calculate_perplexity
    with mutex:
TypeError: 'Lock' object does not support the context manager protocol
127.0.0.1 - - [30/Nov/2025 21:54:12] "[35m[1mPOST /perplexity HTTP/1.1[0m" 500 -
[2025-11-30 21:54:12,792] ERROR in app: Exception on /perplexity [POST]
Traceback (most recent call last):
  File "/lustre09/project/6032307/arnauddr/MiniCPBP/venv/lib/python3.11/site-packages/flask/app.py", line 1511, in wsgi_app
    response = self.full_dispatch_request()
               ^^^^^^^^^^^^^^^^^^^^^^^^^^^^
  File "/lustre09/project/6032307/arnauddr/MiniCPBP/venv/lib/python3.11/site-packages/flask/app.py", line 919, in full_dispatch_request
    rv = self.handle_user_exception(e)
         ^^^^^^^^^^^^^^^^^^^^^^^^^^^^^
  File "/lustre09/project/6032307/arnauddr/MiniCPBP/venv/lib/python3.11/site-packages/flask/app.py", line 917, in full_dispatch_request
    rv = self.dispatch_request()
         ^^^^^^^^^^^^^^^^^^^^^^^
  File "/lustre09/project/6032307/arnauddr/MiniCPBP/venv/lib/python3.11/site-packages/flask/app.py", line 902, in dispatch_request
    return self.ensure_sync(self.view_functions[rule.endpoint])(**view_args)  # type: ignore[no-any-return]
           ^^^^^^^^^^^^^^^^^^^^^^^^^^^^^^^^^^^^^^^^^^^^^^^^^^^^^^^^^^^^^^^^^
  File "/lustre09/project/6032307/arnauddr/MiniCPBP/server_mlm.py", line 147, in perplexity
    return {"perplexity": calculate_perplexity(sentence)}
                          ^^^^^^^^^^^^^^^^^^^^^^^^^^^^^^
  File "/lustre09/project/6032307/arnauddr/MiniCPBP/server_mlm.py", line 134, in calculate_perplexity
    with mutex:
TypeError: 'Lock' object does not support the context manager protocol
127.0.0.1 - - [30/Nov/2025 21:54:12] "[35m[1mPOST /perplexity HTTP/1.1[0m" 500 -
[2025-11-30 21:54:13,001] ERROR in app: Exception on /perplexity [POST]
Traceback (most recent call last):
  File "/lustre09/project/6032307/arnauddr/MiniCPBP/venv/lib/python3.11/site-packages/flask/app.py", line 1511, in wsgi_app
    response = self.full_dispatch_request()
               ^^^^^^^^^^^^^^^^^^^^^^^^^^^^
  File "/lustre09/project/6032307/arnauddr/MiniCPBP/venv/lib/python3.11/site-packages/flask/app.py", line 919, in full_dispatch_request
    rv = self.handle_user_exception(e)
         ^^^^^^^^^^^^^^^^^^^^^^^^^^^^^
  File "/lustre09/project/6032307/arnauddr/MiniCPBP/venv/lib/python3.11/site-packages/flask/app.py", line 917, in full_dispatch_request
    rv = self.dispatch_request()
         ^^^^^^^^^^^^^^^^^^^^^^^
  File "/lustre09/project/6032307/arnauddr/MiniCPBP/venv/lib/python3.11/site-packages/flask/app.py", line 902, in dispatch_request
    return self.ensure_sync(self.view_functions[rule.endpoint])(**view_args)  # type: ignore[no-any-return]
           ^^^^^^^^^^^^^^^^^^^^^^^^^^^^^^^^^^^^^^^^^^^^^^^^^^^^^^^^^^^^^^^^^
  File "/lustre09/project/6032307/arnauddr/MiniCPBP/server_mlm.py", line 147, in perplexity
    return {"perplexity": calculate_perplexity(sentence)}
                          ^^^^^^^^^^^^^^^^^^^^^^^^^^^^^^
  File "/lustre09/project/6032307/arnauddr/MiniCPBP/server_mlm.py", line 134, in calculate_perplexity
    with mutex:
TypeError: 'Lock' object does not support the context manager protocol
127.0.0.1 - - [30/Nov/2025 21:54:13] "[35m[1mPOST /perplexity HTTP/1.1[0m" 500 -
[2025-11-30 21:54:13,192] ERROR in app: Exception on /perplexity [POST]
Traceback (most recent call last):
  File "/lustre09/project/6032307/arnauddr/MiniCPBP/venv/lib/python3.11/site-packages/flask/app.py", line 1511, in wsgi_app
    response = self.full_dispatch_request()
               ^^^^^^^^^^^^^^^^^^^^^^^^^^^^
  File "/lustre09/project/6032307/arnauddr/MiniCPBP/venv/lib/python3.11/site-packages/flask/app.py", line 919, in full_dispatch_request
    rv = self.handle_user_exception(e)
         ^^^^^^^^^^^^^^^^^^^^^^^^^^^^^
  File "/lustre09/project/6032307/arnauddr/MiniCPBP/venv/lib/python3.11/site-packages/flask/app.py", line 917, in full_dispatch_request
    rv = self.dispatch_request()
         ^^^^^^^^^^^^^^^^^^^^^^^
  File "/lustre09/project/6032307/arnauddr/MiniCPBP/venv/lib/python3.11/site-packages/flask/app.py", line 902, in dispatch_request
    return self.ensure_sync(self.view_functions[rule.endpoint])(**view_args)  # type: ignore[no-any-return]
           ^^^^^^^^^^^^^^^^^^^^^^^^^^^^^^^^^^^^^^^^^^^^^^^^^^^^^^^^^^^^^^^^^
  File "/lustre09/project/6032307/arnauddr/MiniCPBP/server_mlm.py", line 147, in perplexity
    return {"perplexity": calculate_perplexity(sentence)}
                          ^^^^^^^^^^^^^^^^^^^^^^^^^^^^^^
  File "/lustre09/project/6032307/arnauddr/MiniCPBP/server_mlm.py", line 134, in calculate_perplexity
    with mutex:
TypeError: 'Lock' object does not support the context manager protocol
127.0.0.1 - - [30/Nov/2025 21:54:13] "[35m[1mPOST /perplexity HTTP/1.1[0m" 500 -
[2025-11-30 21:54:13,406] ERROR in app: Exception on /perplexity [POST]
Traceback (most recent call last):
  File "/lustre09/project/6032307/arnauddr/MiniCPBP/venv/lib/python3.11/site-packages/flask/app.py", line 1511, in wsgi_app
    response = self.full_dispatch_request()
               ^^^^^^^^^^^^^^^^^^^^^^^^^^^^
  File "/lustre09/project/6032307/arnauddr/MiniCPBP/venv/lib/python3.11/site-packages/flask/app.py", line 919, in full_dispatch_request
    rv = self.handle_user_exception(e)
         ^^^^^^^^^^^^^^^^^^^^^^^^^^^^^
  File "/lustre09/project/6032307/arnauddr/MiniCPBP/venv/lib/python3.11/site-packages/flask/app.py", line 917, in full_dispatch_request
    rv = self.dispatch_request()
         ^^^^^^^^^^^^^^^^^^^^^^^
  File "/lustre09/project/6032307/arnauddr/MiniCPBP/venv/lib/python3.11/site-packages/flask/app.py", line 902, in dispatch_request
    return self.ensure_sync(self.view_functions[rule.endpoint])(**view_args)  # type: ignore[no-any-return]
           ^^^^^^^^^^^^^^^^^^^^^^^^^^^^^^^^^^^^^^^^^^^^^^^^^^^^^^^^^^^^^^^^^
  File "/lustre09/project/6032307/arnauddr/MiniCPBP/server_mlm.py", line 147, in perplexity
    return {"perplexity": calculate_perplexity(sentence)}
                          ^^^^^^^^^^^^^^^^^^^^^^^^^^^^^^
  File "/lustre09/project/6032307/arnauddr/MiniCPBP/server_mlm.py", line 134, in calculate_perplexity
    with mutex:
TypeError: 'Lock' object does not support the context manager protocol
127.0.0.1 - - [30/Nov/2025 21:54:13] "[35m[1mPOST /perplexity HTTP/1.1[0m" 500 -
[2025-11-30 21:54:13,617] ERROR in app: Exception on /perplexity [POST]
Traceback (most recent call last):
  File "/lustre09/project/6032307/arnauddr/MiniCPBP/venv/lib/python3.11/site-packages/flask/app.py", line 1511, in wsgi_app
    response = self.full_dispatch_request()
               ^^^^^^^^^^^^^^^^^^^^^^^^^^^^
  File "/lustre09/project/6032307/arnauddr/MiniCPBP/venv/lib/python3.11/site-packages/flask/app.py", line 919, in full_dispatch_request
    rv = self.handle_user_exception(e)
         ^^^^^^^^^^^^^^^^^^^^^^^^^^^^^
  File "/lustre09/project/6032307/arnauddr/MiniCPBP/venv/lib/python3.11/site-packages/flask/app.py", line 917, in full_dispatch_request
    rv = self.dispatch_request()
         ^^^^^^^^^^^^^^^^^^^^^^^
  File "/lustre09/project/6032307/arnauddr/MiniCPBP/venv/lib/python3.11/site-packages/flask/app.py", line 902, in dispatch_request
    return self.ensure_sync(self.view_functions[rule.endpoint])(**view_args)  # type: ignore[no-any-return]
           ^^^^^^^^^^^^^^^^^^^^^^^^^^^^^^^^^^^^^^^^^^^^^^^^^^^^^^^^^^^^^^^^^
  File "/lustre09/project/6032307/arnauddr/MiniCPBP/server_mlm.py", line 147, in perplexity
    return {"perplexity": calculate_perplexity(sentence)}
                          ^^^^^^^^^^^^^^^^^^^^^^^^^^^^^^
  File "/lustre09/project/6032307/arnauddr/MiniCPBP/server_mlm.py", line 134, in calculate_perplexity
    with mutex:
TypeError: 'Lock' object does not support the context manager protocol
127.0.0.1 - - [30/Nov/2025 21:54:13] "[35m[1mPOST /perplexity HTTP/1.1[0m" 500 -
[2025-11-30 21:54:13,842] ERROR in app: Exception on /perplexity [POST]
Traceback (most recent call last):
  File "/lustre09/project/6032307/arnauddr/MiniCPBP/venv/lib/python3.11/site-packages/flask/app.py", line 1511, in wsgi_app
    response = self.full_dispatch_request()
               ^^^^^^^^^^^^^^^^^^^^^^^^^^^^
  File "/lustre09/project/6032307/arnauddr/MiniCPBP/venv/lib/python3.11/site-packages/flask/app.py", line 919, in full_dispatch_request
    rv = self.handle_user_exception(e)
         ^^^^^^^^^^^^^^^^^^^^^^^^^^^^^
  File "/lustre09/project/6032307/arnauddr/MiniCPBP/venv/lib/python3.11/site-packages/flask/app.py", line 917, in full_dispatch_request
    rv = self.dispatch_request()
         ^^^^^^^^^^^^^^^^^^^^^^^
  File "/lustre09/project/6032307/arnauddr/MiniCPBP/venv/lib/python3.11/site-packages/flask/app.py", line 902, in dispatch_request
    return self.ensure_sync(self.view_functions[rule.endpoint])(**view_args)  # type: ignore[no-any-return]
           ^^^^^^^^^^^^^^^^^^^^^^^^^^^^^^^^^^^^^^^^^^^^^^^^^^^^^^^^^^^^^^^^^
  File "/lustre09/project/6032307/arnauddr/MiniCPBP/server_mlm.py", line 147, in perplexity
    return {"perplexity": calculate_perplexity(sentence)}
                          ^^^^^^^^^^^^^^^^^^^^^^^^^^^^^^
  File "/lustre09/project/6032307/arnauddr/MiniCPBP/server_mlm.py", line 134, in calculate_perplexity
    with mutex:
TypeError: 'Lock' object does not support the context manager protocol
127.0.0.1 - - [30/Nov/2025 21:54:13] "[35m[1mPOST /perplexity HTTP/1.1[0m" 500 -
[2025-11-30 21:54:14,051] ERROR in app: Exception on /perplexity [POST]
Traceback (most recent call last):
  File "/lustre09/project/6032307/arnauddr/MiniCPBP/venv/lib/python3.11/site-packages/flask/app.py", line 1511, in wsgi_app
    response = self.full_dispatch_request()
               ^^^^^^^^^^^^^^^^^^^^^^^^^^^^
  File "/lustre09/project/6032307/arnauddr/MiniCPBP/venv/lib/python3.11/site-packages/flask/app.py", line 919, in full_dispatch_request
    rv = self.handle_user_exception(e)
         ^^^^^^^^^^^^^^^^^^^^^^^^^^^^^
  File "/lustre09/project/6032307/arnauddr/MiniCPBP/venv/lib/python3.11/site-packages/flask/app.py", line 917, in full_dispatch_request
    rv = self.dispatch_request()
         ^^^^^^^^^^^^^^^^^^^^^^^
  File "/lustre09/project/6032307/arnauddr/MiniCPBP/venv/lib/python3.11/site-packages/flask/app.py", line 902, in dispatch_request
    return self.ensure_sync(self.view_functions[rule.endpoint])(**view_args)  # type: ignore[no-any-return]
           ^^^^^^^^^^^^^^^^^^^^^^^^^^^^^^^^^^^^^^^^^^^^^^^^^^^^^^^^^^^^^^^^^
  File "/lustre09/project/6032307/arnauddr/MiniCPBP/server_mlm.py", line 147, in perplexity
    return {"perplexity": calculate_perplexity(sentence)}
                          ^^^^^^^^^^^^^^^^^^^^^^^^^^^^^^
  File "/lustre09/project/6032307/arnauddr/MiniCPBP/server_mlm.py", line 134, in calculate_perplexity
    with mutex:
TypeError: 'Lock' object does not support the context manager protocol
127.0.0.1 - - [30/Nov/2025 21:54:14] "[35m[1mPOST /perplexity HTTP/1.1[0m" 500 -
[2025-11-30 21:54:14,232] ERROR in app: Exception on /perplexity [POST]
Traceback (most recent call last):
  File "/lustre09/project/6032307/arnauddr/MiniCPBP/venv/lib/python3.11/site-packages/flask/app.py", line 1511, in wsgi_app
    response = self.full_dispatch_request()
               ^^^^^^^^^^^^^^^^^^^^^^^^^^^^
  File "/lustre09/project/6032307/arnauddr/MiniCPBP/venv/lib/python3.11/site-packages/flask/app.py", line 919, in full_dispatch_request
    rv = self.handle_user_exception(e)
         ^^^^^^^^^^^^^^^^^^^^^^^^^^^^^
  File "/lustre09/project/6032307/arnauddr/MiniCPBP/venv/lib/python3.11/site-packages/flask/app.py", line 917, in full_dispatch_request
    rv = self.dispatch_request()
         ^^^^^^^^^^^^^^^^^^^^^^^
  File "/lustre09/project/6032307/arnauddr/MiniCPBP/venv/lib/python3.11/site-packages/flask/app.py", line 902, in dispatch_request
    return self.ensure_sync(self.view_functions[rule.endpoint])(**view_args)  # type: ignore[no-any-return]
           ^^^^^^^^^^^^^^^^^^^^^^^^^^^^^^^^^^^^^^^^^^^^^^^^^^^^^^^^^^^^^^^^^
  File "/lustre09/project/6032307/arnauddr/MiniCPBP/server_mlm.py", line 147, in perplexity
    return {"perplexity": calculate_perplexity(sentence)}
                          ^^^^^^^^^^^^^^^^^^^^^^^^^^^^^^
  File "/lustre09/project/6032307/arnauddr/MiniCPBP/server_mlm.py", line 134, in calculate_perplexity
    with mutex:
TypeError: 'Lock' object does not support the context manager protocol
127.0.0.1 - - [30/Nov/2025 21:54:14] "[35m[1mPOST /perplexity HTTP/1.1[0m" 500 -
[2025-11-30 21:54:14,384] ERROR in app: Exception on /perplexity [POST]
Traceback (most recent call last):
  File "/lustre09/project/6032307/arnauddr/MiniCPBP/venv/lib/python3.11/site-packages/flask/app.py", line 1511, in wsgi_app
    response = self.full_dispatch_request()
               ^^^^^^^^^^^^^^^^^^^^^^^^^^^^
  File "/lustre09/project/6032307/arnauddr/MiniCPBP/venv/lib/python3.11/site-packages/flask/app.py", line 919, in full_dispatch_request
    rv = self.handle_user_exception(e)
         ^^^^^^^^^^^^^^^^^^^^^^^^^^^^^
  File "/lustre09/project/6032307/arnauddr/MiniCPBP/venv/lib/python3.11/site-packages/flask/app.py", line 917, in full_dispatch_request
    rv = self.dispatch_request()
         ^^^^^^^^^^^^^^^^^^^^^^^
  File "/lustre09/project/6032307/arnauddr/MiniCPBP/venv/lib/python3.11/site-packages/flask/app.py", line 902, in dispatch_request
    return self.ensure_sync(self.view_functions[rule.endpoint])(**view_args)  # type: ignore[no-any-return]
           ^^^^^^^^^^^^^^^^^^^^^^^^^^^^^^^^^^^^^^^^^^^^^^^^^^^^^^^^^^^^^^^^^
  File "/lustre09/project/6032307/arnauddr/MiniCPBP/server_mlm.py", line 147, in perplexity
    return {"perplexity": calculate_perplexity(sentence)}
                          ^^^^^^^^^^^^^^^^^^^^^^^^^^^^^^
  File "/lustre09/project/6032307/arnauddr/MiniCPBP/server_mlm.py", line 134, in calculate_perplexity
    with mutex:
TypeError: 'Lock' object does not support the context manager protocol
127.0.0.1 - - [30/Nov/2025 21:54:14] "[35m[1mPOST /perplexity HTTP/1.1[0m" 500 -
[2025-11-30 21:54:14,619] ERROR in app: Exception on /perplexity [POST]
Traceback (most recent call last):
  File "/lustre09/project/6032307/arnauddr/MiniCPBP/venv/lib/python3.11/site-packages/flask/app.py", line 1511, in wsgi_app
    response = self.full_dispatch_request()
               ^^^^^^^^^^^^^^^^^^^^^^^^^^^^
  File "/lustre09/project/6032307/arnauddr/MiniCPBP/venv/lib/python3.11/site-packages/flask/app.py", line 919, in full_dispatch_request
    rv = self.handle_user_exception(e)
         ^^^^^^^^^^^^^^^^^^^^^^^^^^^^^
  File "/lustre09/project/6032307/arnauddr/MiniCPBP/venv/lib/python3.11/site-packages/flask/app.py", line 917, in full_dispatch_request
    rv = self.dispatch_request()
         ^^^^^^^^^^^^^^^^^^^^^^^
  File "/lustre09/project/6032307/arnauddr/MiniCPBP/venv/lib/python3.11/site-packages/flask/app.py", line 902, in dispatch_request
    return self.ensure_sync(self.view_functions[rule.endpoint])(**view_args)  # type: ignore[no-any-return]
           ^^^^^^^^^^^^^^^^^^^^^^^^^^^^^^^^^^^^^^^^^^^^^^^^^^^^^^^^^^^^^^^^^
  File "/lustre09/project/6032307/arnauddr/MiniCPBP/server_mlm.py", line 147, in perplexity
    return {"perplexity": calculate_perplexity(sentence)}
                          ^^^^^^^^^^^^^^^^^^^^^^^^^^^^^^
  File "/lustre09/project/6032307/arnauddr/MiniCPBP/server_mlm.py", line 134, in calculate_perplexity
    with mutex:
TypeError: 'Lock' object does not support the context manager protocol
127.0.0.1 - - [30/Nov/2025 21:54:14] "[35m[1mPOST /perplexity HTTP/1.1[0m" 500 -
[2025-11-30 21:54:14,830] ERROR in app: Exception on /perplexity [POST]
Traceback (most recent call last):
  File "/lustre09/project/6032307/arnauddr/MiniCPBP/venv/lib/python3.11/site-packages/flask/app.py", line 1511, in wsgi_app
    response = self.full_dispatch_request()
               ^^^^^^^^^^^^^^^^^^^^^^^^^^^^
  File "/lustre09/project/6032307/arnauddr/MiniCPBP/venv/lib/python3.11/site-packages/flask/app.py", line 919, in full_dispatch_request
    rv = self.handle_user_exception(e)
         ^^^^^^^^^^^^^^^^^^^^^^^^^^^^^
  File "/lustre09/project/6032307/arnauddr/MiniCPBP/venv/lib/python3.11/site-packages/flask/app.py", line 917, in full_dispatch_request
    rv = self.dispatch_request()
         ^^^^^^^^^^^^^^^^^^^^^^^
  File "/lustre09/project/6032307/arnauddr/MiniCPBP/venv/lib/python3.11/site-packages/flask/app.py", line 902, in dispatch_request
    return self.ensure_sync(self.view_functions[rule.endpoint])(**view_args)  # type: ignore[no-any-return]
           ^^^^^^^^^^^^^^^^^^^^^^^^^^^^^^^^^^^^^^^^^^^^^^^^^^^^^^^^^^^^^^^^^
  File "/lustre09/project/6032307/arnauddr/MiniCPBP/server_mlm.py", line 147, in perplexity
    return {"perplexity": calculate_perplexity(sentence)}
                          ^^^^^^^^^^^^^^^^^^^^^^^^^^^^^^
  File "/lustre09/project/6032307/arnauddr/MiniCPBP/server_mlm.py", line 134, in calculate_perplexity
    with mutex:
TypeError: 'Lock' object does not support the context manager protocol
127.0.0.1 - - [30/Nov/2025 21:54:14] "[35m[1mPOST /perplexity HTTP/1.1[0m" 500 -
[2025-11-30 21:54:14,994] ERROR in app: Exception on /perplexity [POST]
Traceback (most recent call last):
  File "/lustre09/project/6032307/arnauddr/MiniCPBP/venv/lib/python3.11/site-packages/flask/app.py", line 1511, in wsgi_app
    response = self.full_dispatch_request()
               ^^^^^^^^^^^^^^^^^^^^^^^^^^^^
  File "/lustre09/project/6032307/arnauddr/MiniCPBP/venv/lib/python3.11/site-packages/flask/app.py", line 919, in full_dispatch_request
    rv = self.handle_user_exception(e)
         ^^^^^^^^^^^^^^^^^^^^^^^^^^^^^
  File "/lustre09/project/6032307/arnauddr/MiniCPBP/venv/lib/python3.11/site-packages/flask/app.py", line 917, in full_dispatch_request
    rv = self.dispatch_request()
         ^^^^^^^^^^^^^^^^^^^^^^^
  File "/lustre09/project/6032307/arnauddr/MiniCPBP/venv/lib/python3.11/site-packages/flask/app.py", line 902, in dispatch_request
    return self.ensure_sync(self.view_functions[rule.endpoint])(**view_args)  # type: ignore[no-any-return]
           ^^^^^^^^^^^^^^^^^^^^^^^^^^^^^^^^^^^^^^^^^^^^^^^^^^^^^^^^^^^^^^^^^
  File "/lustre09/project/6032307/arnauddr/MiniCPBP/server_mlm.py", line 147, in perplexity
    return {"perplexity": calculate_perplexity(sentence)}
                          ^^^^^^^^^^^^^^^^^^^^^^^^^^^^^^
  File "/lustre09/project/6032307/arnauddr/MiniCPBP/server_mlm.py", line 134, in calculate_perplexity
    with mutex:
TypeError: 'Lock' object does not support the context manager protocol
127.0.0.1 - - [30/Nov/2025 21:54:14] "[35m[1mPOST /perplexity HTTP/1.1[0m" 500 -
[2025-11-30 21:54:15,128] ERROR in app: Exception on /perplexity [POST]
Traceback (most recent call last):
  File "/lustre09/project/6032307/arnauddr/MiniCPBP/venv/lib/python3.11/site-packages/flask/app.py", line 1511, in wsgi_app
    response = self.full_dispatch_request()
               ^^^^^^^^^^^^^^^^^^^^^^^^^^^^
  File "/lustre09/project/6032307/arnauddr/MiniCPBP/venv/lib/python3.11/site-packages/flask/app.py", line 919, in full_dispatch_request
    rv = self.handle_user_exception(e)
         ^^^^^^^^^^^^^^^^^^^^^^^^^^^^^
  File "/lustre09/project/6032307/arnauddr/MiniCPBP/venv/lib/python3.11/site-packages/flask/app.py", line 917, in full_dispatch_request
    rv = self.dispatch_request()
         ^^^^^^^^^^^^^^^^^^^^^^^
  File "/lustre09/project/6032307/arnauddr/MiniCPBP/venv/lib/python3.11/site-packages/flask/app.py", line 902, in dispatch_request
    return self.ensure_sync(self.view_functions[rule.endpoint])(**view_args)  # type: ignore[no-any-return]
           ^^^^^^^^^^^^^^^^^^^^^^^^^^^^^^^^^^^^^^^^^^^^^^^^^^^^^^^^^^^^^^^^^
  File "/lustre09/project/6032307/arnauddr/MiniCPBP/server_mlm.py", line 147, in perplexity
    return {"perplexity": calculate_perplexity(sentence)}
                          ^^^^^^^^^^^^^^^^^^^^^^^^^^^^^^
  File "/lustre09/project/6032307/arnauddr/MiniCPBP/server_mlm.py", line 134, in calculate_perplexity
    with mutex:
TypeError: 'Lock' object does not support the context manager protocol
127.0.0.1 - - [30/Nov/2025 21:54:15] "[35m[1mPOST /perplexity HTTP/1.1[0m" 500 -
[2025-11-30 21:54:15,326] ERROR in app: Exception on /perplexity [POST]
Traceback (most recent call last):
  File "/lustre09/project/6032307/arnauddr/MiniCPBP/venv/lib/python3.11/site-packages/flask/app.py", line 1511, in wsgi_app
    response = self.full_dispatch_request()
               ^^^^^^^^^^^^^^^^^^^^^^^^^^^^
  File "/lustre09/project/6032307/arnauddr/MiniCPBP/venv/lib/python3.11/site-packages/flask/app.py", line 919, in full_dispatch_request
    rv = self.handle_user_exception(e)
         ^^^^^^^^^^^^^^^^^^^^^^^^^^^^^
  File "/lustre09/project/6032307/arnauddr/MiniCPBP/venv/lib/python3.11/site-packages/flask/app.py", line 917, in full_dispatch_request
    rv = self.dispatch_request()
         ^^^^^^^^^^^^^^^^^^^^^^^
  File "/lustre09/project/6032307/arnauddr/MiniCPBP/venv/lib/python3.11/site-packages/flask/app.py", line 902, in dispatch_request
    return self.ensure_sync(self.view_functions[rule.endpoint])(**view_args)  # type: ignore[no-any-return]
           ^^^^^^^^^^^^^^^^^^^^^^^^^^^^^^^^^^^^^^^^^^^^^^^^^^^^^^^^^^^^^^^^^
  File "/lustre09/project/6032307/arnauddr/MiniCPBP/server_mlm.py", line 147, in perplexity
    return {"perplexity": calculate_perplexity(sentence)}
                          ^^^^^^^^^^^^^^^^^^^^^^^^^^^^^^
  File "/lustre09/project/6032307/arnauddr/MiniCPBP/server_mlm.py", line 134, in calculate_perplexity
    with mutex:
TypeError: 'Lock' object does not support the context manager protocol
127.0.0.1 - - [30/Nov/2025 21:54:15] "[35m[1mPOST /perplexity HTTP/1.1[0m" 500 -
[2025-11-30 21:54:15,468] ERROR in app: Exception on /perplexity [POST]
Traceback (most recent call last):
  File "/lustre09/project/6032307/arnauddr/MiniCPBP/venv/lib/python3.11/site-packages/flask/app.py", line 1511, in wsgi_app
    response = self.full_dispatch_request()
               ^^^^^^^^^^^^^^^^^^^^^^^^^^^^
  File "/lustre09/project/6032307/arnauddr/MiniCPBP/venv/lib/python3.11/site-packages/flask/app.py", line 919, in full_dispatch_request
    rv = self.handle_user_exception(e)
         ^^^^^^^^^^^^^^^^^^^^^^^^^^^^^
  File "/lustre09/project/6032307/arnauddr/MiniCPBP/venv/lib/python3.11/site-packages/flask/app.py", line 917, in full_dispatch_request
    rv = self.dispatch_request()
         ^^^^^^^^^^^^^^^^^^^^^^^
  File "/lustre09/project/6032307/arnauddr/MiniCPBP/venv/lib/python3.11/site-packages/flask/app.py", line 902, in dispatch_request
    return self.ensure_sync(self.view_functions[rule.endpoint])(**view_args)  # type: ignore[no-any-return]
           ^^^^^^^^^^^^^^^^^^^^^^^^^^^^^^^^^^^^^^^^^^^^^^^^^^^^^^^^^^^^^^^^^
  File "/lustre09/project/6032307/arnauddr/MiniCPBP/server_mlm.py", line 147, in perplexity
    return {"perplexity": calculate_perplexity(sentence)}
                          ^^^^^^^^^^^^^^^^^^^^^^^^^^^^^^
  File "/lustre09/project/6032307/arnauddr/MiniCPBP/server_mlm.py", line 134, in calculate_perplexity
    with mutex:
TypeError: 'Lock' object does not support the context manager protocol
127.0.0.1 - - [30/Nov/2025 21:54:15] "[35m[1mPOST /perplexity HTTP/1.1[0m" 500 -
[2025-11-30 21:54:15,594] ERROR in app: Exception on /perplexity [POST]
Traceback (most recent call last):
  File "/lustre09/project/6032307/arnauddr/MiniCPBP/venv/lib/python3.11/site-packages/flask/app.py", line 1511, in wsgi_app
    response = self.full_dispatch_request()
               ^^^^^^^^^^^^^^^^^^^^^^^^^^^^
  File "/lustre09/project/6032307/arnauddr/MiniCPBP/venv/lib/python3.11/site-packages/flask/app.py", line 919, in full_dispatch_request
    rv = self.handle_user_exception(e)
         ^^^^^^^^^^^^^^^^^^^^^^^^^^^^^
  File "/lustre09/project/6032307/arnauddr/MiniCPBP/venv/lib/python3.11/site-packages/flask/app.py", line 917, in full_dispatch_request
    rv = self.dispatch_request()
         ^^^^^^^^^^^^^^^^^^^^^^^
  File "/lustre09/project/6032307/arnauddr/MiniCPBP/venv/lib/python3.11/site-packages/flask/app.py", line 902, in dispatch_request
    return self.ensure_sync(self.view_functions[rule.endpoint])(**view_args)  # type: ignore[no-any-return]
           ^^^^^^^^^^^^^^^^^^^^^^^^^^^^^^^^^^^^^^^^^^^^^^^^^^^^^^^^^^^^^^^^^
  File "/lustre09/project/6032307/arnauddr/MiniCPBP/server_mlm.py", line 147, in perplexity
    return {"perplexity": calculate_perplexity(sentence)}
                          ^^^^^^^^^^^^^^^^^^^^^^^^^^^^^^
  File "/lustre09/project/6032307/arnauddr/MiniCPBP/server_mlm.py", line 134, in calculate_perplexity
    with mutex:
TypeError: 'Lock' object does not support the context manager protocol
127.0.0.1 - - [30/Nov/2025 21:54:15] "[35m[1mPOST /perplexity HTTP/1.1[0m" 500 -
[2025-11-30 21:54:15,658] ERROR in app: Exception on /perplexity [POST]
Traceback (most recent call last):
  File "/lustre09/project/6032307/arnauddr/MiniCPBP/venv/lib/python3.11/site-packages/flask/app.py", line 1511, in wsgi_app
    response = self.full_dispatch_request()
               ^^^^^^^^^^^^^^^^^^^^^^^^^^^^
  File "/lustre09/project/6032307/arnauddr/MiniCPBP/venv/lib/python3.11/site-packages/flask/app.py", line 919, in full_dispatch_request
    rv = self.handle_user_exception(e)
         ^^^^^^^^^^^^^^^^^^^^^^^^^^^^^
  File "/lustre09/project/6032307/arnauddr/MiniCPBP/venv/lib/python3.11/site-packages/flask/app.py", line 917, in full_dispatch_request
    rv = self.dispatch_request()
         ^^^^^^^^^^^^^^^^^^^^^^^
  File "/lustre09/project/6032307/arnauddr/MiniCPBP/venv/lib/python3.11/site-packages/flask/app.py", line 902, in dispatch_request
    return self.ensure_sync(self.view_functions[rule.endpoint])(**view_args)  # type: ignore[no-any-return]
           ^^^^^^^^^^^^^^^^^^^^^^^^^^^^^^^^^^^^^^^^^^^^^^^^^^^^^^^^^^^^^^^^^
  File "/lustre09/project/6032307/arnauddr/MiniCPBP/server_mlm.py", line 147, in perplexity
    return {"perplexity": calculate_perplexity(sentence)}
                          ^^^^^^^^^^^^^^^^^^^^^^^^^^^^^^
  File "/lustre09/project/6032307/arnauddr/MiniCPBP/server_mlm.py", line 134, in calculate_perplexity
    with mutex:
TypeError: 'Lock' object does not support the context manager protocol
127.0.0.1 - - [30/Nov/2025 21:54:15] "[35m[1mPOST /perplexity HTTP/1.1[0m" 500 -
[2025-11-30 21:54:15,855] ERROR in app: Exception on /perplexity [POST]
Traceback (most recent call last):
  File "/lustre09/project/6032307/arnauddr/MiniCPBP/venv/lib/python3.11/site-packages/flask/app.py", line 1511, in wsgi_app
    response = self.full_dispatch_request()
               ^^^^^^^^^^^^^^^^^^^^^^^^^^^^
  File "/lustre09/project/6032307/arnauddr/MiniCPBP/venv/lib/python3.11/site-packages/flask/app.py", line 919, in full_dispatch_request
    rv = self.handle_user_exception(e)
         ^^^^^^^^^^^^^^^^^^^^^^^^^^^^^
  File "/lustre09/project/6032307/arnauddr/MiniCPBP/venv/lib/python3.11/site-packages/flask/app.py", line 917, in full_dispatch_request
    rv = self.dispatch_request()
         ^^^^^^^^^^^^^^^^^^^^^^^
  File "/lustre09/project/6032307/arnauddr/MiniCPBP/venv/lib/python3.11/site-packages/flask/app.py", line 902, in dispatch_request
    return self.ensure_sync(self.view_functions[rule.endpoint])(**view_args)  # type: ignore[no-any-return]
           ^^^^^^^^^^^^^^^^^^^^^^^^^^^^^^^^^^^^^^^^^^^^^^^^^^^^^^^^^^^^^^^^^
  File "/lustre09/project/6032307/arnauddr/MiniCPBP/server_mlm.py", line 147, in perplexity
    return {"perplexity": calculate_perplexity(sentence)}
                          ^^^^^^^^^^^^^^^^^^^^^^^^^^^^^^
  File "/lustre09/project/6032307/arnauddr/MiniCPBP/server_mlm.py", line 134, in calculate_perplexity
    with mutex:
TypeError: 'Lock' object does not support the context manager protocol
127.0.0.1 - - [30/Nov/2025 21:54:15] "[35m[1mPOST /perplexity HTTP/1.1[0m" 500 -
[2025-11-30 21:54:16,065] ERROR in app: Exception on /perplexity [POST]
Traceback (most recent call last):
  File "/lustre09/project/6032307/arnauddr/MiniCPBP/venv/lib/python3.11/site-packages/flask/app.py", line 1511, in wsgi_app
    response = self.full_dispatch_request()
               ^^^^^^^^^^^^^^^^^^^^^^^^^^^^
  File "/lustre09/project/6032307/arnauddr/MiniCPBP/venv/lib/python3.11/site-packages/flask/app.py", line 919, in full_dispatch_request
    rv = self.handle_user_exception(e)
         ^^^^^^^^^^^^^^^^^^^^^^^^^^^^^
  File "/lustre09/project/6032307/arnauddr/MiniCPBP/venv/lib/python3.11/site-packages/flask/app.py", line 917, in full_dispatch_request
    rv = self.dispatch_request()
         ^^^^^^^^^^^^^^^^^^^^^^^
  File "/lustre09/project/6032307/arnauddr/MiniCPBP/venv/lib/python3.11/site-packages/flask/app.py", line 902, in dispatch_request
    return self.ensure_sync(self.view_functions[rule.endpoint])(**view_args)  # type: ignore[no-any-return]
           ^^^^^^^^^^^^^^^^^^^^^^^^^^^^^^^^^^^^^^^^^^^^^^^^^^^^^^^^^^^^^^^^^
  File "/lustre09/project/6032307/arnauddr/MiniCPBP/server_mlm.py", line 147, in perplexity
    return {"perplexity": calculate_perplexity(sentence)}
                          ^^^^^^^^^^^^^^^^^^^^^^^^^^^^^^
  File "/lustre09/project/6032307/arnauddr/MiniCPBP/server_mlm.py", line 134, in calculate_perplexity
    with mutex:
TypeError: 'Lock' object does not support the context manager protocol
127.0.0.1 - - [30/Nov/2025 21:54:16] "[35m[1mPOST /perplexity HTTP/1.1[0m" 500 -
[2025-11-30 21:54:16,187] ERROR in app: Exception on /perplexity [POST]
Traceback (most recent call last):
  File "/lustre09/project/6032307/arnauddr/MiniCPBP/venv/lib/python3.11/site-packages/flask/app.py", line 1511, in wsgi_app
    response = self.full_dispatch_request()
               ^^^^^^^^^^^^^^^^^^^^^^^^^^^^
  File "/lustre09/project/6032307/arnauddr/MiniCPBP/venv/lib/python3.11/site-packages/flask/app.py", line 919, in full_dispatch_request
    rv = self.handle_user_exception(e)
         ^^^^^^^^^^^^^^^^^^^^^^^^^^^^^
  File "/lustre09/project/6032307/arnauddr/MiniCPBP/venv/lib/python3.11/site-packages/flask/app.py", line 917, in full_dispatch_request
    rv = self.dispatch_request()
         ^^^^^^^^^^^^^^^^^^^^^^^
  File "/lustre09/project/6032307/arnauddr/MiniCPBP/venv/lib/python3.11/site-packages/flask/app.py", line 902, in dispatch_request
    return self.ensure_sync(self.view_functions[rule.endpoint])(**view_args)  # type: ignore[no-any-return]
           ^^^^^^^^^^^^^^^^^^^^^^^^^^^^^^^^^^^^^^^^^^^^^^^^^^^^^^^^^^^^^^^^^
  File "/lustre09/project/6032307/arnauddr/MiniCPBP/server_mlm.py", line 147, in perplexity
    return {"perplexity": calculate_perplexity(sentence)}
                          ^^^^^^^^^^^^^^^^^^^^^^^^^^^^^^
  File "/lustre09/project/6032307/arnauddr/MiniCPBP/server_mlm.py", line 134, in calculate_perplexity
    with mutex:
TypeError: 'Lock' object does not support the context manager protocol
127.0.0.1 - - [30/Nov/2025 21:54:16] "[35m[1mPOST /perplexity HTTP/1.1[0m" 500 -
[2025-11-30 21:54:16,360] ERROR in app: Exception on /perplexity [POST]
Traceback (most recent call last):
  File "/lustre09/project/6032307/arnauddr/MiniCPBP/venv/lib/python3.11/site-packages/flask/app.py", line 1511, in wsgi_app
    response = self.full_dispatch_request()
               ^^^^^^^^^^^^^^^^^^^^^^^^^^^^
  File "/lustre09/project/6032307/arnauddr/MiniCPBP/venv/lib/python3.11/site-packages/flask/app.py", line 919, in full_dispatch_request
    rv = self.handle_user_exception(e)
         ^^^^^^^^^^^^^^^^^^^^^^^^^^^^^
  File "/lustre09/project/6032307/arnauddr/MiniCPBP/venv/lib/python3.11/site-packages/flask/app.py", line 917, in full_dispatch_request
    rv = self.dispatch_request()
         ^^^^^^^^^^^^^^^^^^^^^^^
  File "/lustre09/project/6032307/arnauddr/MiniCPBP/venv/lib/python3.11/site-packages/flask/app.py", line 902, in dispatch_request
    return self.ensure_sync(self.view_functions[rule.endpoint])(**view_args)  # type: ignore[no-any-return]
           ^^^^^^^^^^^^^^^^^^^^^^^^^^^^^^^^^^^^^^^^^^^^^^^^^^^^^^^^^^^^^^^^^
  File "/lustre09/project/6032307/arnauddr/MiniCPBP/server_mlm.py", line 147, in perplexity
    return {"perplexity": calculate_perplexity(sentence)}
                          ^^^^^^^^^^^^^^^^^^^^^^^^^^^^^^
  File "/lustre09/project/6032307/arnauddr/MiniCPBP/server_mlm.py", line 134, in calculate_perplexity
    with mutex:
TypeError: 'Lock' object does not support the context manager protocol
127.0.0.1 - - [30/Nov/2025 21:54:16] "[35m[1mPOST /perplexity HTTP/1.1[0m" 500 -
[2025-11-30 21:54:16,481] ERROR in app: Exception on /perplexity [POST]
Traceback (most recent call last):
  File "/lustre09/project/6032307/arnauddr/MiniCPBP/venv/lib/python3.11/site-packages/flask/app.py", line 1511, in wsgi_app
    response = self.full_dispatch_request()
               ^^^^^^^^^^^^^^^^^^^^^^^^^^^^
  File "/lustre09/project/6032307/arnauddr/MiniCPBP/venv/lib/python3.11/site-packages/flask/app.py", line 919, in full_dispatch_request
    rv = self.handle_user_exception(e)
         ^^^^^^^^^^^^^^^^^^^^^^^^^^^^^
  File "/lustre09/project/6032307/arnauddr/MiniCPBP/venv/lib/python3.11/site-packages/flask/app.py", line 917, in full_dispatch_request
    rv = self.dispatch_request()
         ^^^^^^^^^^^^^^^^^^^^^^^
  File "/lustre09/project/6032307/arnauddr/MiniCPBP/venv/lib/python3.11/site-packages/flask/app.py", line 902, in dispatch_request
    return self.ensure_sync(self.view_functions[rule.endpoint])(**view_args)  # type: ignore[no-any-return]
           ^^^^^^^^^^^^^^^^^^^^^^^^^^^^^^^^^^^^^^^^^^^^^^^^^^^^^^^^^^^^^^^^^
  File "/lustre09/project/6032307/arnauddr/MiniCPBP/server_mlm.py", line 147, in perplexity
    return {"perplexity": calculate_perplexity(sentence)}
                          ^^^^^^^^^^^^^^^^^^^^^^^^^^^^^^
  File "/lustre09/project/6032307/arnauddr/MiniCPBP/server_mlm.py", line 134, in calculate_perplexity
    with mutex:
TypeError: 'Lock' object does not support the context manager protocol
127.0.0.1 - - [30/Nov/2025 21:54:16] "[35m[1mPOST /perplexity HTTP/1.1[0m" 500 -
[2025-11-30 21:54:16,599] ERROR in app: Exception on /perplexity [POST]
Traceback (most recent call last):
  File "/lustre09/project/6032307/arnauddr/MiniCPBP/venv/lib/python3.11/site-packages/flask/app.py", line 1511, in wsgi_app
    response = self.full_dispatch_request()
               ^^^^^^^^^^^^^^^^^^^^^^^^^^^^
  File "/lustre09/project/6032307/arnauddr/MiniCPBP/venv/lib/python3.11/site-packages/flask/app.py", line 919, in full_dispatch_request
    rv = self.handle_user_exception(e)
         ^^^^^^^^^^^^^^^^^^^^^^^^^^^^^
  File "/lustre09/project/6032307/arnauddr/MiniCPBP/venv/lib/python3.11/site-packages/flask/app.py", line 917, in full_dispatch_request
    rv = self.dispatch_request()
         ^^^^^^^^^^^^^^^^^^^^^^^
  File "/lustre09/project/6032307/arnauddr/MiniCPBP/venv/lib/python3.11/site-packages/flask/app.py", line 902, in dispatch_request
    return self.ensure_sync(self.view_functions[rule.endpoint])(**view_args)  # type: ignore[no-any-return]
           ^^^^^^^^^^^^^^^^^^^^^^^^^^^^^^^^^^^^^^^^^^^^^^^^^^^^^^^^^^^^^^^^^
  File "/lustre09/project/6032307/arnauddr/MiniCPBP/server_mlm.py", line 147, in perplexity
    return {"perplexity": calculate_perplexity(sentence)}
                          ^^^^^^^^^^^^^^^^^^^^^^^^^^^^^^
  File "/lustre09/project/6032307/arnauddr/MiniCPBP/server_mlm.py", line 134, in calculate_perplexity
    with mutex:
TypeError: 'Lock' object does not support the context manager protocol
127.0.0.1 - - [30/Nov/2025 21:54:16] "[35m[1mPOST /perplexity HTTP/1.1[0m" 500 -
[2025-11-30 21:54:16,759] ERROR in app: Exception on /perplexity [POST]
Traceback (most recent call last):
  File "/lustre09/project/6032307/arnauddr/MiniCPBP/venv/lib/python3.11/site-packages/flask/app.py", line 1511, in wsgi_app
    response = self.full_dispatch_request()
               ^^^^^^^^^^^^^^^^^^^^^^^^^^^^
  File "/lustre09/project/6032307/arnauddr/MiniCPBP/venv/lib/python3.11/site-packages/flask/app.py", line 919, in full_dispatch_request
    rv = self.handle_user_exception(e)
         ^^^^^^^^^^^^^^^^^^^^^^^^^^^^^
  File "/lustre09/project/6032307/arnauddr/MiniCPBP/venv/lib/python3.11/site-packages/flask/app.py", line 917, in full_dispatch_request
    rv = self.dispatch_request()
         ^^^^^^^^^^^^^^^^^^^^^^^
  File "/lustre09/project/6032307/arnauddr/MiniCPBP/venv/lib/python3.11/site-packages/flask/app.py", line 902, in dispatch_request
    return self.ensure_sync(self.view_functions[rule.endpoint])(**view_args)  # type: ignore[no-any-return]
           ^^^^^^^^^^^^^^^^^^^^^^^^^^^^^^^^^^^^^^^^^^^^^^^^^^^^^^^^^^^^^^^^^
  File "/lustre09/project/6032307/arnauddr/MiniCPBP/server_mlm.py", line 147, in perplexity
    return {"perplexity": calculate_perplexity(sentence)}
                          ^^^^^^^^^^^^^^^^^^^^^^^^^^^^^^
  File "/lustre09/project/6032307/arnauddr/MiniCPBP/server_mlm.py", line 134, in calculate_perplexity
    with mutex:
TypeError: 'Lock' object does not support the context manager protocol
127.0.0.1 - - [30/Nov/2025 21:54:16] "[35m[1mPOST /perplexity HTTP/1.1[0m" 500 -
[2025-11-30 21:54:16,895] ERROR in app: Exception on /perplexity [POST]
Traceback (most recent call last):
  File "/lustre09/project/6032307/arnauddr/MiniCPBP/venv/lib/python3.11/site-packages/flask/app.py", line 1511, in wsgi_app
    response = self.full_dispatch_request()
               ^^^^^^^^^^^^^^^^^^^^^^^^^^^^
  File "/lustre09/project/6032307/arnauddr/MiniCPBP/venv/lib/python3.11/site-packages/flask/app.py", line 919, in full_dispatch_request
    rv = self.handle_user_exception(e)
         ^^^^^^^^^^^^^^^^^^^^^^^^^^^^^
  File "/lustre09/project/6032307/arnauddr/MiniCPBP/venv/lib/python3.11/site-packages/flask/app.py", line 917, in full_dispatch_request
    rv = self.dispatch_request()
         ^^^^^^^^^^^^^^^^^^^^^^^
  File "/lustre09/project/6032307/arnauddr/MiniCPBP/venv/lib/python3.11/site-packages/flask/app.py", line 902, in dispatch_request
    return self.ensure_sync(self.view_functions[rule.endpoint])(**view_args)  # type: ignore[no-any-return]
           ^^^^^^^^^^^^^^^^^^^^^^^^^^^^^^^^^^^^^^^^^^^^^^^^^^^^^^^^^^^^^^^^^
  File "/lustre09/project/6032307/arnauddr/MiniCPBP/server_mlm.py", line 147, in perplexity
    return {"perplexity": calculate_perplexity(sentence)}
                          ^^^^^^^^^^^^^^^^^^^^^^^^^^^^^^
  File "/lustre09/project/6032307/arnauddr/MiniCPBP/server_mlm.py", line 134, in calculate_perplexity
    with mutex:
TypeError: 'Lock' object does not support the context manager protocol
127.0.0.1 - - [30/Nov/2025 21:54:16] "[35m[1mPOST /perplexity HTTP/1.1[0m" 500 -
[2025-11-30 21:54:17,022] ERROR in app: Exception on /perplexity [POST]
Traceback (most recent call last):
  File "/lustre09/project/6032307/arnauddr/MiniCPBP/venv/lib/python3.11/site-packages/flask/app.py", line 1511, in wsgi_app
    response = self.full_dispatch_request()
               ^^^^^^^^^^^^^^^^^^^^^^^^^^^^
  File "/lustre09/project/6032307/arnauddr/MiniCPBP/venv/lib/python3.11/site-packages/flask/app.py", line 919, in full_dispatch_request
    rv = self.handle_user_exception(e)
         ^^^^^^^^^^^^^^^^^^^^^^^^^^^^^
  File "/lustre09/project/6032307/arnauddr/MiniCPBP/venv/lib/python3.11/site-packages/flask/app.py", line 917, in full_dispatch_request
    rv = self.dispatch_request()
         ^^^^^^^^^^^^^^^^^^^^^^^
  File "/lustre09/project/6032307/arnauddr/MiniCPBP/venv/lib/python3.11/site-packages/flask/app.py", line 902, in dispatch_request
    return self.ensure_sync(self.view_functions[rule.endpoint])(**view_args)  # type: ignore[no-any-return]
           ^^^^^^^^^^^^^^^^^^^^^^^^^^^^^^^^^^^^^^^^^^^^^^^^^^^^^^^^^^^^^^^^^
  File "/lustre09/project/6032307/arnauddr/MiniCPBP/server_mlm.py", line 147, in perplexity
    return {"perplexity": calculate_perplexity(sentence)}
                          ^^^^^^^^^^^^^^^^^^^^^^^^^^^^^^
  File "/lustre09/project/6032307/arnauddr/MiniCPBP/server_mlm.py", line 134, in calculate_perplexity
    with mutex:
TypeError: 'Lock' object does not support the context manager protocol
127.0.0.1 - - [30/Nov/2025 21:54:17] "[35m[1mPOST /perplexity HTTP/1.1[0m" 500 -
[2025-11-30 21:54:17,142] ERROR in app: Exception on /perplexity [POST]
Traceback (most recent call last):
  File "/lustre09/project/6032307/arnauddr/MiniCPBP/venv/lib/python3.11/site-packages/flask/app.py", line 1511, in wsgi_app
    response = self.full_dispatch_request()
               ^^^^^^^^^^^^^^^^^^^^^^^^^^^^
  File "/lustre09/project/6032307/arnauddr/MiniCPBP/venv/lib/python3.11/site-packages/flask/app.py", line 919, in full_dispatch_request
    rv = self.handle_user_exception(e)
         ^^^^^^^^^^^^^^^^^^^^^^^^^^^^^
  File "/lustre09/project/6032307/arnauddr/MiniCPBP/venv/lib/python3.11/site-packages/flask/app.py", line 917, in full_dispatch_request
    rv = self.dispatch_request()
         ^^^^^^^^^^^^^^^^^^^^^^^
  File "/lustre09/project/6032307/arnauddr/MiniCPBP/venv/lib/python3.11/site-packages/flask/app.py", line 902, in dispatch_request
    return self.ensure_sync(self.view_functions[rule.endpoint])(**view_args)  # type: ignore[no-any-return]
           ^^^^^^^^^^^^^^^^^^^^^^^^^^^^^^^^^^^^^^^^^^^^^^^^^^^^^^^^^^^^^^^^^
  File "/lustre09/project/6032307/arnauddr/MiniCPBP/server_mlm.py", line 147, in perplexity
    return {"perplexity": calculate_perplexity(sentence)}
                          ^^^^^^^^^^^^^^^^^^^^^^^^^^^^^^
  File "/lustre09/project/6032307/arnauddr/MiniCPBP/server_mlm.py", line 134, in calculate_perplexity
    with mutex:
TypeError: 'Lock' object does not support the context manager protocol
127.0.0.1 - - [30/Nov/2025 21:54:17] "[35m[1mPOST /perplexity HTTP/1.1[0m" 500 -
[2025-11-30 21:54:17,230] ERROR in app: Exception on /perplexity [POST]
Traceback (most recent call last):
  File "/lustre09/project/6032307/arnauddr/MiniCPBP/venv/lib/python3.11/site-packages/flask/app.py", line 1511, in wsgi_app
    response = self.full_dispatch_request()
               ^^^^^^^^^^^^^^^^^^^^^^^^^^^^
  File "/lustre09/project/6032307/arnauddr/MiniCPBP/venv/lib/python3.11/site-packages/flask/app.py", line 919, in full_dispatch_request
    rv = self.handle_user_exception(e)
         ^^^^^^^^^^^^^^^^^^^^^^^^^^^^^
  File "/lustre09/project/6032307/arnauddr/MiniCPBP/venv/lib/python3.11/site-packages/flask/app.py", line 917, in full_dispatch_request
    rv = self.dispatch_request()
         ^^^^^^^^^^^^^^^^^^^^^^^
  File "/lustre09/project/6032307/arnauddr/MiniCPBP/venv/lib/python3.11/site-packages/flask/app.py", line 902, in dispatch_request
    return self.ensure_sync(self.view_functions[rule.endpoint])(**view_args)  # type: ignore[no-any-return]
           ^^^^^^^^^^^^^^^^^^^^^^^^^^^^^^^^^^^^^^^^^^^^^^^^^^^^^^^^^^^^^^^^^
  File "/lustre09/project/6032307/arnauddr/MiniCPBP/server_mlm.py", line 147, in perplexity
    return {"perplexity": calculate_perplexity(sentence)}
                          ^^^^^^^^^^^^^^^^^^^^^^^^^^^^^^
  File "/lustre09/project/6032307/arnauddr/MiniCPBP/server_mlm.py", line 134, in calculate_perplexity
    with mutex:
TypeError: 'Lock' object does not support the context manager protocol
127.0.0.1 - - [30/Nov/2025 21:54:17] "[35m[1mPOST /perplexity HTTP/1.1[0m" 500 -
[2025-11-30 21:54:17,284] ERROR in app: Exception on /perplexity [POST]
Traceback (most recent call last):
  File "/lustre09/project/6032307/arnauddr/MiniCPBP/venv/lib/python3.11/site-packages/flask/app.py", line 1511, in wsgi_app
    response = self.full_dispatch_request()
               ^^^^^^^^^^^^^^^^^^^^^^^^^^^^
  File "/lustre09/project/6032307/arnauddr/MiniCPBP/venv/lib/python3.11/site-packages/flask/app.py", line 919, in full_dispatch_request
    rv = self.handle_user_exception(e)
         ^^^^^^^^^^^^^^^^^^^^^^^^^^^^^
  File "/lustre09/project/6032307/arnauddr/MiniCPBP/venv/lib/python3.11/site-packages/flask/app.py", line 917, in full_dispatch_request
    rv = self.dispatch_request()
         ^^^^^^^^^^^^^^^^^^^^^^^
  File "/lustre09/project/6032307/arnauddr/MiniCPBP/venv/lib/python3.11/site-packages/flask/app.py", line 902, in dispatch_request
    return self.ensure_sync(self.view_functions[rule.endpoint])(**view_args)  # type: ignore[no-any-return]
           ^^^^^^^^^^^^^^^^^^^^^^^^^^^^^^^^^^^^^^^^^^^^^^^^^^^^^^^^^^^^^^^^^
  File "/lustre09/project/6032307/arnauddr/MiniCPBP/server_mlm.py", line 147, in perplexity
    return {"perplexity": calculate_perplexity(sentence)}
                          ^^^^^^^^^^^^^^^^^^^^^^^^^^^^^^
  File "/lustre09/project/6032307/arnauddr/MiniCPBP/server_mlm.py", line 134, in calculate_perplexity
    with mutex:
TypeError: 'Lock' object does not support the context manager protocol
127.0.0.1 - - [30/Nov/2025 21:54:17] "[35m[1mPOST /perplexity HTTP/1.1[0m" 500 -
[2025-11-30 21:54:17,286] ERROR in app: Exception on /perplexity [POST]
Traceback (most recent call last):
  File "/lustre09/project/6032307/arnauddr/MiniCPBP/venv/lib/python3.11/site-packages/flask/app.py", line 1511, in wsgi_app
    response = self.full_dispatch_request()
               ^^^^^^^^^^^^^^^^^^^^^^^^^^^^
  File "/lustre09/project/6032307/arnauddr/MiniCPBP/venv/lib/python3.11/site-packages/flask/app.py", line 919, in full_dispatch_request
    rv = self.handle_user_exception(e)
         ^^^^^^^^^^^^^^^^^^^^^^^^^^^^^
  File "/lustre09/project/6032307/arnauddr/MiniCPBP/venv/lib/python3.11/site-packages/flask/app.py", line 917, in full_dispatch_request
    rv = self.dispatch_request()
         ^^^^^^^^^^^^^^^^^^^^^^^
  File "/lustre09/project/6032307/arnauddr/MiniCPBP/venv/lib/python3.11/site-packages/flask/app.py", line 902, in dispatch_request
    return self.ensure_sync(self.view_functions[rule.endpoint])(**view_args)  # type: ignore[no-any-return]
           ^^^^^^^^^^^^^^^^^^^^^^^^^^^^^^^^^^^^^^^^^^^^^^^^^^^^^^^^^^^^^^^^^
  File "/lustre09/project/6032307/arnauddr/MiniCPBP/server_mlm.py", line 147, in perplexity
    return {"perplexity": calculate_perplexity(sentence)}
                          ^^^^^^^^^^^^^^^^^^^^^^^^^^^^^^
  File "/lustre09/project/6032307/arnauddr/MiniCPBP/server_mlm.py", line 134, in calculate_perplexity
    with mutex:
TypeError: 'Lock' object does not support the context manager protocol
127.0.0.1 - - [30/Nov/2025 21:54:17] "[35m[1mPOST /perplexity HTTP/1.1[0m" 500 -
[2025-11-30 21:54:17,287] ERROR in app: Exception on /perplexity [POST]
Traceback (most recent call last):
  File "/lustre09/project/6032307/arnauddr/MiniCPBP/venv/lib/python3.11/site-packages/flask/app.py", line 1511, in wsgi_app
    response = self.full_dispatch_request()
               ^^^^^^^^^^^^^^^^^^^^^^^^^^^^
  File "/lustre09/project/6032307/arnauddr/MiniCPBP/venv/lib/python3.11/site-packages/flask/app.py", line 919, in full_dispatch_request
    rv = self.handle_user_exception(e)
         ^^^^^^^^^^^^^^^^^^^^^^^^^^^^^
  File "/lustre09/project/6032307/arnauddr/MiniCPBP/venv/lib/python3.11/site-packages/flask/app.py", line 917, in full_dispatch_request
    rv = self.dispatch_request()
         ^^^^^^^^^^^^^^^^^^^^^^^
  File "/lustre09/project/6032307/arnauddr/MiniCPBP/venv/lib/python3.11/site-packages/flask/app.py", line 902, in dispatch_request
    return self.ensure_sync(self.view_functions[rule.endpoint])(**view_args)  # type: ignore[no-any-return]
           ^^^^^^^^^^^^^^^^^^^^^^^^^^^^^^^^^^^^^^^^^^^^^^^^^^^^^^^^^^^^^^^^^
  File "/lustre09/project/6032307/arnauddr/MiniCPBP/server_mlm.py", line 147, in perplexity
    return {"perplexity": calculate_perplexity(sentence)}
                          ^^^^^^^^^^^^^^^^^^^^^^^^^^^^^^
  File "/lustre09/project/6032307/arnauddr/MiniCPBP/server_mlm.py", line 134, in calculate_perplexity
    with mutex:
TypeError: 'Lock' object does not support the context manager protocol
127.0.0.1 - - [30/Nov/2025 21:54:17] "[35m[1mPOST /perplexity HTTP/1.1[0m" 500 -
[2025-11-30 21:54:17,397] ERROR in app: Exception on /perplexity [POST]
Traceback (most recent call last):
  File "/lustre09/project/6032307/arnauddr/MiniCPBP/venv/lib/python3.11/site-packages/flask/app.py", line 1511, in wsgi_app
    response = self.full_dispatch_request()
               ^^^^^^^^^^^^^^^^^^^^^^^^^^^^
  File "/lustre09/project/6032307/arnauddr/MiniCPBP/venv/lib/python3.11/site-packages/flask/app.py", line 919, in full_dispatch_request
    rv = self.handle_user_exception(e)
         ^^^^^^^^^^^^^^^^^^^^^^^^^^^^^
  File "/lustre09/project/6032307/arnauddr/MiniCPBP/venv/lib/python3.11/site-packages/flask/app.py", line 917, in full_dispatch_request
    rv = self.dispatch_request()
         ^^^^^^^^^^^^^^^^^^^^^^^
  File "/lustre09/project/6032307/arnauddr/MiniCPBP/venv/lib/python3.11/site-packages/flask/app.py", line 902, in dispatch_request
    return self.ensure_sync(self.view_functions[rule.endpoint])(**view_args)  # type: ignore[no-any-return]
           ^^^^^^^^^^^^^^^^^^^^^^^^^^^^^^^^^^^^^^^^^^^^^^^^^^^^^^^^^^^^^^^^^
  File "/lustre09/project/6032307/arnauddr/MiniCPBP/server_mlm.py", line 147, in perplexity
    return {"perplexity": calculate_perplexity(sentence)}
                          ^^^^^^^^^^^^^^^^^^^^^^^^^^^^^^
  File "/lustre09/project/6032307/arnauddr/MiniCPBP/server_mlm.py", line 134, in calculate_perplexity
    with mutex:
TypeError: 'Lock' object does not support the context manager protocol
127.0.0.1 - - [30/Nov/2025 21:54:17] "[35m[1mPOST /perplexity HTTP/1.1[0m" 500 -
[2025-11-30 21:54:17,529] ERROR in app: Exception on /perplexity [POST]
Traceback (most recent call last):
  File "/lustre09/project/6032307/arnauddr/MiniCPBP/venv/lib/python3.11/site-packages/flask/app.py", line 1511, in wsgi_app
    response = self.full_dispatch_request()
               ^^^^^^^^^^^^^^^^^^^^^^^^^^^^
  File "/lustre09/project/6032307/arnauddr/MiniCPBP/venv/lib/python3.11/site-packages/flask/app.py", line 919, in full_dispatch_request
    rv = self.handle_user_exception(e)
         ^^^^^^^^^^^^^^^^^^^^^^^^^^^^^
  File "/lustre09/project/6032307/arnauddr/MiniCPBP/venv/lib/python3.11/site-packages/flask/app.py", line 917, in full_dispatch_request
    rv = self.dispatch_request()
         ^^^^^^^^^^^^^^^^^^^^^^^
  File "/lustre09/project/6032307/arnauddr/MiniCPBP/venv/lib/python3.11/site-packages/flask/app.py", line 902, in dispatch_request
    return self.ensure_sync(self.view_functions[rule.endpoint])(**view_args)  # type: ignore[no-any-return]
           ^^^^^^^^^^^^^^^^^^^^^^^^^^^^^^^^^^^^^^^^^^^^^^^^^^^^^^^^^^^^^^^^^
  File "/lustre09/project/6032307/arnauddr/MiniCPBP/server_mlm.py", line 147, in perplexity
    return {"perplexity": calculate_perplexity(sentence)}
                          ^^^^^^^^^^^^^^^^^^^^^^^^^^^^^^
  File "/lustre09/project/6032307/arnauddr/MiniCPBP/server_mlm.py", line 134, in calculate_perplexity
    with mutex:
TypeError: 'Lock' object does not support the context manager protocol
127.0.0.1 - - [30/Nov/2025 21:54:17] "[35m[1mPOST /perplexity HTTP/1.1[0m" 500 -
[2025-11-30 21:54:17,636] ERROR in app: Exception on /perplexity [POST]
Traceback (most recent call last):
  File "/lustre09/project/6032307/arnauddr/MiniCPBP/venv/lib/python3.11/site-packages/flask/app.py", line 1511, in wsgi_app
    response = self.full_dispatch_request()
               ^^^^^^^^^^^^^^^^^^^^^^^^^^^^
  File "/lustre09/project/6032307/arnauddr/MiniCPBP/venv/lib/python3.11/site-packages/flask/app.py", line 919, in full_dispatch_request
    rv = self.handle_user_exception(e)
         ^^^^^^^^^^^^^^^^^^^^^^^^^^^^^
  File "/lustre09/project/6032307/arnauddr/MiniCPBP/venv/lib/python3.11/site-packages/flask/app.py", line 917, in full_dispatch_request
    rv = self.dispatch_request()
         ^^^^^^^^^^^^^^^^^^^^^^^
  File "/lustre09/project/6032307/arnauddr/MiniCPBP/venv/lib/python3.11/site-packages/flask/app.py", line 902, in dispatch_request
    return self.ensure_sync(self.view_functions[rule.endpoint])(**view_args)  # type: ignore[no-any-return]
           ^^^^^^^^^^^^^^^^^^^^^^^^^^^^^^^^^^^^^^^^^^^^^^^^^^^^^^^^^^^^^^^^^
  File "/lustre09/project/6032307/arnauddr/MiniCPBP/server_mlm.py", line 147, in perplexity
    return {"perplexity": calculate_perplexity(sentence)}
                          ^^^^^^^^^^^^^^^^^^^^^^^^^^^^^^
  File "/lustre09/project/6032307/arnauddr/MiniCPBP/server_mlm.py", line 134, in calculate_perplexity
    with mutex:
TypeError: 'Lock' object does not support the context manager protocol
127.0.0.1 - - [30/Nov/2025 21:54:17] "[35m[1mPOST /perplexity HTTP/1.1[0m" 500 -
[2025-11-30 21:54:17,714] ERROR in app: Exception on /perplexity [POST]
Traceback (most recent call last):
  File "/lustre09/project/6032307/arnauddr/MiniCPBP/venv/lib/python3.11/site-packages/flask/app.py", line 1511, in wsgi_app
    response = self.full_dispatch_request()
               ^^^^^^^^^^^^^^^^^^^^^^^^^^^^
  File "/lustre09/project/6032307/arnauddr/MiniCPBP/venv/lib/python3.11/site-packages/flask/app.py", line 919, in full_dispatch_request
    rv = self.handle_user_exception(e)
         ^^^^^^^^^^^^^^^^^^^^^^^^^^^^^
  File "/lustre09/project/6032307/arnauddr/MiniCPBP/venv/lib/python3.11/site-packages/flask/app.py", line 917, in full_dispatch_request
    rv = self.dispatch_request()
         ^^^^^^^^^^^^^^^^^^^^^^^
  File "/lustre09/project/6032307/arnauddr/MiniCPBP/venv/lib/python3.11/site-packages/flask/app.py", line 902, in dispatch_request
    return self.ensure_sync(self.view_functions[rule.endpoint])(**view_args)  # type: ignore[no-any-return]
           ^^^^^^^^^^^^^^^^^^^^^^^^^^^^^^^^^^^^^^^^^^^^^^^^^^^^^^^^^^^^^^^^^
  File "/lustre09/project/6032307/arnauddr/MiniCPBP/server_mlm.py", line 147, in perplexity
    return {"perplexity": calculate_perplexity(sentence)}
                          ^^^^^^^^^^^^^^^^^^^^^^^^^^^^^^
  File "/lustre09/project/6032307/arnauddr/MiniCPBP/server_mlm.py", line 134, in calculate_perplexity
    with mutex:
TypeError: 'Lock' object does not support the context manager protocol
127.0.0.1 - - [30/Nov/2025 21:54:17] "[35m[1mPOST /perplexity HTTP/1.1[0m" 500 -
[2025-11-30 21:54:17,761] ERROR in app: Exception on /perplexity [POST]
Traceback (most recent call last):
  File "/lustre09/project/6032307/arnauddr/MiniCPBP/venv/lib/python3.11/site-packages/flask/app.py", line 1511, in wsgi_app
    response = self.full_dispatch_request()
               ^^^^^^^^^^^^^^^^^^^^^^^^^^^^
  File "/lustre09/project/6032307/arnauddr/MiniCPBP/venv/lib/python3.11/site-packages/flask/app.py", line 919, in full_dispatch_request
    rv = self.handle_user_exception(e)
         ^^^^^^^^^^^^^^^^^^^^^^^^^^^^^
  File "/lustre09/project/6032307/arnauddr/MiniCPBP/venv/lib/python3.11/site-packages/flask/app.py", line 917, in full_dispatch_request
    rv = self.dispatch_request()
         ^^^^^^^^^^^^^^^^^^^^^^^
  File "/lustre09/project/6032307/arnauddr/MiniCPBP/venv/lib/python3.11/site-packages/flask/app.py", line 902, in dispatch_request
    return self.ensure_sync(self.view_functions[rule.endpoint])(**view_args)  # type: ignore[no-any-return]
           ^^^^^^^^^^^^^^^^^^^^^^^^^^^^^^^^^^^^^^^^^^^^^^^^^^^^^^^^^^^^^^^^^
  File "/lustre09/project/6032307/arnauddr/MiniCPBP/server_mlm.py", line 147, in perplexity
    return {"perplexity": calculate_perplexity(sentence)}
                          ^^^^^^^^^^^^^^^^^^^^^^^^^^^^^^
  File "/lustre09/project/6032307/arnauddr/MiniCPBP/server_mlm.py", line 134, in calculate_perplexity
    with mutex:
TypeError: 'Lock' object does not support the context manager protocol
127.0.0.1 - - [30/Nov/2025 21:54:17] "[35m[1mPOST /perplexity HTTP/1.1[0m" 500 -
[2025-11-30 21:54:17,810] ERROR in app: Exception on /perplexity [POST]
Traceback (most recent call last):
  File "/lustre09/project/6032307/arnauddr/MiniCPBP/venv/lib/python3.11/site-packages/flask/app.py", line 1511, in wsgi_app
    response = self.full_dispatch_request()
               ^^^^^^^^^^^^^^^^^^^^^^^^^^^^
  File "/lustre09/project/6032307/arnauddr/MiniCPBP/venv/lib/python3.11/site-packages/flask/app.py", line 919, in full_dispatch_request
    rv = self.handle_user_exception(e)
         ^^^^^^^^^^^^^^^^^^^^^^^^^^^^^
  File "/lustre09/project/6032307/arnauddr/MiniCPBP/venv/lib/python3.11/site-packages/flask/app.py", line 917, in full_dispatch_request
    rv = self.dispatch_request()
         ^^^^^^^^^^^^^^^^^^^^^^^
  File "/lustre09/project/6032307/arnauddr/MiniCPBP/venv/lib/python3.11/site-packages/flask/app.py", line 902, in dispatch_request
    return self.ensure_sync(self.view_functions[rule.endpoint])(**view_args)  # type: ignore[no-any-return]
           ^^^^^^^^^^^^^^^^^^^^^^^^^^^^^^^^^^^^^^^^^^^^^^^^^^^^^^^^^^^^^^^^^
  File "/lustre09/project/6032307/arnauddr/MiniCPBP/server_mlm.py", line 147, in perplexity
    return {"perplexity": calculate_perplexity(sentence)}
                          ^^^^^^^^^^^^^^^^^^^^^^^^^^^^^^
  File "/lustre09/project/6032307/arnauddr/MiniCPBP/server_mlm.py", line 134, in calculate_perplexity
    with mutex:
TypeError: 'Lock' object does not support the context manager protocol
127.0.0.1 - - [30/Nov/2025 21:54:17] "[35m[1mPOST /perplexity HTTP/1.1[0m" 500 -
[2025-11-30 21:54:17,963] ERROR in app: Exception on /perplexity [POST]
Traceback (most recent call last):
  File "/lustre09/project/6032307/arnauddr/MiniCPBP/venv/lib/python3.11/site-packages/flask/app.py", line 1511, in wsgi_app
    response = self.full_dispatch_request()
               ^^^^^^^^^^^^^^^^^^^^^^^^^^^^
  File "/lustre09/project/6032307/arnauddr/MiniCPBP/venv/lib/python3.11/site-packages/flask/app.py", line 919, in full_dispatch_request
    rv = self.handle_user_exception(e)
         ^^^^^^^^^^^^^^^^^^^^^^^^^^^^^
  File "/lustre09/project/6032307/arnauddr/MiniCPBP/venv/lib/python3.11/site-packages/flask/app.py", line 917, in full_dispatch_request
    rv = self.dispatch_request()
         ^^^^^^^^^^^^^^^^^^^^^^^
  File "/lustre09/project/6032307/arnauddr/MiniCPBP/venv/lib/python3.11/site-packages/flask/app.py", line 902, in dispatch_request
    return self.ensure_sync(self.view_functions[rule.endpoint])(**view_args)  # type: ignore[no-any-return]
           ^^^^^^^^^^^^^^^^^^^^^^^^^^^^^^^^^^^^^^^^^^^^^^^^^^^^^^^^^^^^^^^^^
  File "/lustre09/project/6032307/arnauddr/MiniCPBP/server_mlm.py", line 147, in perplexity
    return {"perplexity": calculate_perplexity(sentence)}
                          ^^^^^^^^^^^^^^^^^^^^^^^^^^^^^^
  File "/lustre09/project/6032307/arnauddr/MiniCPBP/server_mlm.py", line 134, in calculate_perplexity
    with mutex:
TypeError: 'Lock' object does not support the context manager protocol
127.0.0.1 - - [30/Nov/2025 21:54:17] "[35m[1mPOST /perplexity HTTP/1.1[0m" 500 -
[2025-11-30 21:54:18,064] ERROR in app: Exception on /perplexity [POST]
Traceback (most recent call last):
  File "/lustre09/project/6032307/arnauddr/MiniCPBP/venv/lib/python3.11/site-packages/flask/app.py", line 1511, in wsgi_app
    response = self.full_dispatch_request()
               ^^^^^^^^^^^^^^^^^^^^^^^^^^^^
  File "/lustre09/project/6032307/arnauddr/MiniCPBP/venv/lib/python3.11/site-packages/flask/app.py", line 919, in full_dispatch_request
    rv = self.handle_user_exception(e)
         ^^^^^^^^^^^^^^^^^^^^^^^^^^^^^
  File "/lustre09/project/6032307/arnauddr/MiniCPBP/venv/lib/python3.11/site-packages/flask/app.py", line 917, in full_dispatch_request
    rv = self.dispatch_request()
         ^^^^^^^^^^^^^^^^^^^^^^^
  File "/lustre09/project/6032307/arnauddr/MiniCPBP/venv/lib/python3.11/site-packages/flask/app.py", line 902, in dispatch_request
    return self.ensure_sync(self.view_functions[rule.endpoint])(**view_args)  # type: ignore[no-any-return]
           ^^^^^^^^^^^^^^^^^^^^^^^^^^^^^^^^^^^^^^^^^^^^^^^^^^^^^^^^^^^^^^^^^
  File "/lustre09/project/6032307/arnauddr/MiniCPBP/server_mlm.py", line 147, in perplexity
    return {"perplexity": calculate_perplexity(sentence)}
                          ^^^^^^^^^^^^^^^^^^^^^^^^^^^^^^
  File "/lustre09/project/6032307/arnauddr/MiniCPBP/server_mlm.py", line 134, in calculate_perplexity
    with mutex:
TypeError: 'Lock' object does not support the context manager protocol
127.0.0.1 - - [30/Nov/2025 21:54:18] "[35m[1mPOST /perplexity HTTP/1.1[0m" 500 -
[2025-11-30 21:54:18,081] ERROR in app: Exception on /perplexity [POST]
Traceback (most recent call last):
  File "/lustre09/project/6032307/arnauddr/MiniCPBP/venv/lib/python3.11/site-packages/flask/app.py", line 1511, in wsgi_app
    response = self.full_dispatch_request()
               ^^^^^^^^^^^^^^^^^^^^^^^^^^^^
  File "/lustre09/project/6032307/arnauddr/MiniCPBP/venv/lib/python3.11/site-packages/flask/app.py", line 919, in full_dispatch_request
    rv = self.handle_user_exception(e)
         ^^^^^^^^^^^^^^^^^^^^^^^^^^^^^
  File "/lustre09/project/6032307/arnauddr/MiniCPBP/venv/lib/python3.11/site-packages/flask/app.py", line 917, in full_dispatch_request
    rv = self.dispatch_request()
         ^^^^^^^^^^^^^^^^^^^^^^^
  File "/lustre09/project/6032307/arnauddr/MiniCPBP/venv/lib/python3.11/site-packages/flask/app.py", line 902, in dispatch_request
    return self.ensure_sync(self.view_functions[rule.endpoint])(**view_args)  # type: ignore[no-any-return]
           ^^^^^^^^^^^^^^^^^^^^^^^^^^^^^^^^^^^^^^^^^^^^^^^^^^^^^^^^^^^^^^^^^
  File "/lustre09/project/6032307/arnauddr/MiniCPBP/server_mlm.py", line 147, in perplexity
    return {"perplexity": calculate_perplexity(sentence)}
                          ^^^^^^^^^^^^^^^^^^^^^^^^^^^^^^
  File "/lustre09/project/6032307/arnauddr/MiniCPBP/server_mlm.py", line 134, in calculate_perplexity
    with mutex:
TypeError: 'Lock' object does not support the context manager protocol
127.0.0.1 - - [30/Nov/2025 21:54:18] "[35m[1mPOST /perplexity HTTP/1.1[0m" 500 -
[2025-11-30 21:54:18,098] ERROR in app: Exception on /perplexity [POST]
Traceback (most recent call last):
  File "/lustre09/project/6032307/arnauddr/MiniCPBP/venv/lib/python3.11/site-packages/flask/app.py", line 1511, in wsgi_app
    response = self.full_dispatch_request()
               ^^^^^^^^^^^^^^^^^^^^^^^^^^^^
  File "/lustre09/project/6032307/arnauddr/MiniCPBP/venv/lib/python3.11/site-packages/flask/app.py", line 919, in full_dispatch_request
    rv = self.handle_user_exception(e)
         ^^^^^^^^^^^^^^^^^^^^^^^^^^^^^
  File "/lustre09/project/6032307/arnauddr/MiniCPBP/venv/lib/python3.11/site-packages/flask/app.py", line 917, in full_dispatch_request
    rv = self.dispatch_request()
         ^^^^^^^^^^^^^^^^^^^^^^^
  File "/lustre09/project/6032307/arnauddr/MiniCPBP/venv/lib/python3.11/site-packages/flask/app.py", line 902, in dispatch_request
    return self.ensure_sync(self.view_functions[rule.endpoint])(**view_args)  # type: ignore[no-any-return]
           ^^^^^^^^^^^^^^^^^^^^^^^^^^^^^^^^^^^^^^^^^^^^^^^^^^^^^^^^^^^^^^^^^
  File "/lustre09/project/6032307/arnauddr/MiniCPBP/server_mlm.py", line 147, in perplexity
    return {"perplexity": calculate_perplexity(sentence)}
                          ^^^^^^^^^^^^^^^^^^^^^^^^^^^^^^
  File "/lustre09/project/6032307/arnauddr/MiniCPBP/server_mlm.py", line 134, in calculate_perplexity
    with mutex:
TypeError: 'Lock' object does not support the context manager protocol
127.0.0.1 - - [30/Nov/2025 21:54:18] "[35m[1mPOST /perplexity HTTP/1.1[0m" 500 -
[2025-11-30 21:54:18,116] ERROR in app: Exception on /perplexity [POST]
Traceback (most recent call last):
  File "/lustre09/project/6032307/arnauddr/MiniCPBP/venv/lib/python3.11/site-packages/flask/app.py", line 1511, in wsgi_app
    response = self.full_dispatch_request()
               ^^^^^^^^^^^^^^^^^^^^^^^^^^^^
  File "/lustre09/project/6032307/arnauddr/MiniCPBP/venv/lib/python3.11/site-packages/flask/app.py", line 919, in full_dispatch_request
    rv = self.handle_user_exception(e)
         ^^^^^^^^^^^^^^^^^^^^^^^^^^^^^
  File "/lustre09/project/6032307/arnauddr/MiniCPBP/venv/lib/python3.11/site-packages/flask/app.py", line 917, in full_dispatch_request
    rv = self.dispatch_request()
         ^^^^^^^^^^^^^^^^^^^^^^^
  File "/lustre09/project/6032307/arnauddr/MiniCPBP/venv/lib/python3.11/site-packages/flask/app.py", line 902, in dispatch_request
    return self.ensure_sync(self.view_functions[rule.endpoint])(**view_args)  # type: ignore[no-any-return]
           ^^^^^^^^^^^^^^^^^^^^^^^^^^^^^^^^^^^^^^^^^^^^^^^^^^^^^^^^^^^^^^^^^
  File "/lustre09/project/6032307/arnauddr/MiniCPBP/server_mlm.py", line 147, in perplexity
    return {"perplexity": calculate_perplexity(sentence)}
                          ^^^^^^^^^^^^^^^^^^^^^^^^^^^^^^
  File "/lustre09/project/6032307/arnauddr/MiniCPBP/server_mlm.py", line 134, in calculate_perplexity
    with mutex:
TypeError: 'Lock' object does not support the context manager protocol
127.0.0.1 - - [30/Nov/2025 21:54:18] "[35m[1mPOST /perplexity HTTP/1.1[0m" 500 -
[2025-11-30 21:54:18,117] ERROR in app: Exception on /perplexity [POST]
Traceback (most recent call last):
  File "/lustre09/project/6032307/arnauddr/MiniCPBP/venv/lib/python3.11/site-packages/flask/app.py", line 1511, in wsgi_app
    response = self.full_dispatch_request()
               ^^^^^^^^^^^^^^^^^^^^^^^^^^^^
  File "/lustre09/project/6032307/arnauddr/MiniCPBP/venv/lib/python3.11/site-packages/flask/app.py", line 919, in full_dispatch_request
    rv = self.handle_user_exception(e)
         ^^^^^^^^^^^^^^^^^^^^^^^^^^^^^
  File "/lustre09/project/6032307/arnauddr/MiniCPBP/venv/lib/python3.11/site-packages/flask/app.py", line 917, in full_dispatch_request
    rv = self.dispatch_request()
         ^^^^^^^^^^^^^^^^^^^^^^^
  File "/lustre09/project/6032307/arnauddr/MiniCPBP/venv/lib/python3.11/site-packages/flask/app.py", line 902, in dispatch_request
    return self.ensure_sync(self.view_functions[rule.endpoint])(**view_args)  # type: ignore[no-any-return]
           ^^^^^^^^^^^^^^^^^^^^^^^^^^^^^^^^^^^^^^^^^^^^^^^^^^^^^^^^^^^^^^^^^
  File "/lustre09/project/6032307/arnauddr/MiniCPBP/server_mlm.py", line 147, in perplexity
    return {"perplexity": calculate_perplexity(sentence)}
                          ^^^^^^^^^^^^^^^^^^^^^^^^^^^^^^
  File "/lustre09/project/6032307/arnauddr/MiniCPBP/server_mlm.py", line 134, in calculate_perplexity
    with mutex:
TypeError: 'Lock' object does not support the context manager protocol
127.0.0.1 - - [30/Nov/2025 21:54:18] "[35m[1mPOST /perplexity HTTP/1.1[0m" 500 -
[2025-11-30 21:54:18,240] ERROR in app: Exception on /perplexity [POST]
Traceback (most recent call last):
  File "/lustre09/project/6032307/arnauddr/MiniCPBP/venv/lib/python3.11/site-packages/flask/app.py", line 1511, in wsgi_app
    response = self.full_dispatch_request()
               ^^^^^^^^^^^^^^^^^^^^^^^^^^^^
  File "/lustre09/project/6032307/arnauddr/MiniCPBP/venv/lib/python3.11/site-packages/flask/app.py", line 919, in full_dispatch_request
    rv = self.handle_user_exception(e)
         ^^^^^^^^^^^^^^^^^^^^^^^^^^^^^
  File "/lustre09/project/6032307/arnauddr/MiniCPBP/venv/lib/python3.11/site-packages/flask/app.py", line 917, in full_dispatch_request
    rv = self.dispatch_request()
         ^^^^^^^^^^^^^^^^^^^^^^^
  File "/lustre09/project/6032307/arnauddr/MiniCPBP/venv/lib/python3.11/site-packages/flask/app.py", line 902, in dispatch_request
    return self.ensure_sync(self.view_functions[rule.endpoint])(**view_args)  # type: ignore[no-any-return]
           ^^^^^^^^^^^^^^^^^^^^^^^^^^^^^^^^^^^^^^^^^^^^^^^^^^^^^^^^^^^^^^^^^
  File "/lustre09/project/6032307/arnauddr/MiniCPBP/server_mlm.py", line 147, in perplexity
    return {"perplexity": calculate_perplexity(sentence)}
                          ^^^^^^^^^^^^^^^^^^^^^^^^^^^^^^
  File "/lustre09/project/6032307/arnauddr/MiniCPBP/server_mlm.py", line 134, in calculate_perplexity
    with mutex:
TypeError: 'Lock' object does not support the context manager protocol
127.0.0.1 - - [30/Nov/2025 21:54:18] "[35m[1mPOST /perplexity HTTP/1.1[0m" 500 -
[2025-11-30 21:54:18,276] ERROR in app: Exception on /perplexity [POST]
Traceback (most recent call last):
  File "/lustre09/project/6032307/arnauddr/MiniCPBP/venv/lib/python3.11/site-packages/flask/app.py", line 1511, in wsgi_app
    response = self.full_dispatch_request()
               ^^^^^^^^^^^^^^^^^^^^^^^^^^^^
  File "/lustre09/project/6032307/arnauddr/MiniCPBP/venv/lib/python3.11/site-packages/flask/app.py", line 919, in full_dispatch_request
    rv = self.handle_user_exception(e)
         ^^^^^^^^^^^^^^^^^^^^^^^^^^^^^
  File "/lustre09/project/6032307/arnauddr/MiniCPBP/venv/lib/python3.11/site-packages/flask/app.py", line 917, in full_dispatch_request
    rv = self.dispatch_request()
         ^^^^^^^^^^^^^^^^^^^^^^^
  File "/lustre09/project/6032307/arnauddr/MiniCPBP/venv/lib/python3.11/site-packages/flask/app.py", line 902, in dispatch_request
    return self.ensure_sync(self.view_functions[rule.endpoint])(**view_args)  # type: ignore[no-any-return]
           ^^^^^^^^^^^^^^^^^^^^^^^^^^^^^^^^^^^^^^^^^^^^^^^^^^^^^^^^^^^^^^^^^
  File "/lustre09/project/6032307/arnauddr/MiniCPBP/server_mlm.py", line 147, in perplexity
    return {"perplexity": calculate_perplexity(sentence)}
                          ^^^^^^^^^^^^^^^^^^^^^^^^^^^^^^
  File "/lustre09/project/6032307/arnauddr/MiniCPBP/server_mlm.py", line 134, in calculate_perplexity
    with mutex:
TypeError: 'Lock' object does not support the context manager protocol
[2025-11-30 21:54:18,303] ERROR in app: Exception on /perplexity [POST]
Traceback (most recent call last):
  File "/lustre09/project/6032307/arnauddr/MiniCPBP/venv/lib/python3.11/site-packages/flask/app.py", line 1511, in wsgi_app
    response = self.full_dispatch_request()
               ^^^^^^^^^^^^^^^^^^^^^^^^^^^^
  File "/lustre09/project/6032307/arnauddr/MiniCPBP/venv/lib/python3.11/site-packages/flask/app.py", line 919, in full_dispatch_request
    rv = self.handle_user_exception(e)
         ^^^^^^^^^^^^^^^^^^^^^^^^^^^^^
  File "/lustre09/project/6032307/arnauddr/MiniCPBP/venv/lib/python3.11/site-packages/flask/app.py", line 917, in full_dispatch_request
    rv = self.dispatch_request()
         ^^^^^^^^^^^^^^^^^^^^^^^
  File "/lustre09/project/6032307/arnauddr/MiniCPBP/venv/lib/python3.11/site-packages/flask/app.py", line 902, in dispatch_request
    return self.ensure_sync(self.view_functions[rule.endpoint])(**view_args)  # type: ignore[no-any-return]
           ^^^^^^^^^^^^^^^^^^^^^^^^^^^^^^^^^^^^^^^^^^^^^^^^^^^^^^^^^^^^^^^^^
  File "/lustre09/project/6032307/arnauddr/MiniCPBP/server_mlm.py", line 147, in perplexity
    return {"perplexity": calculate_perplexity(sentence)}
                          ^^^^^^^^^^^^^^^^^^^^^^^^^^^^^^
  File "/lustre09/project/6032307/arnauddr/MiniCPBP/server_mlm.py", line 134, in calculate_perplexity
    with mutex:
TypeError: 'Lock' object does not support the context manager protocol
127.0.0.1 - - [30/Nov/2025 21:54:18] "[35m[1mPOST /perplexity HTTP/1.1[0m" 500 -
127.0.0.1 - - [30/Nov/2025 21:54:18] "[35m[1mPOST /perplexity HTTP/1.1[0m" 500 -
[2025-11-30 21:54:18,416] ERROR in app: Exception on /perplexity [POST]
Traceback (most recent call last):
  File "/lustre09/project/6032307/arnauddr/MiniCPBP/venv/lib/python3.11/site-packages/flask/app.py", line 1511, in wsgi_app
    response = self.full_dispatch_request()
               ^^^^^^^^^^^^^^^^^^^^^^^^^^^^
  File "/lustre09/project/6032307/arnauddr/MiniCPBP/venv/lib/python3.11/site-packages/flask/app.py", line 919, in full_dispatch_request
    rv = self.handle_user_exception(e)
         ^^^^^^^^^^^^^^^^^^^^^^^^^^^^^
  File "/lustre09/project/6032307/arnauddr/MiniCPBP/venv/lib/python3.11/site-packages/flask/app.py", line 917, in full_dispatch_request
    rv = self.dispatch_request()
         ^^^^^^^^^^^^^^^^^^^^^^^
  File "/lustre09/project/6032307/arnauddr/MiniCPBP/venv/lib/python3.11/site-packages/flask/app.py", line 902, in dispatch_request
    return self.ensure_sync(self.view_functions[rule.endpoint])(**view_args)  # type: ignore[no-any-return]
           ^^^^^^^^^^^^^^^^^^^^^^^^^^^^^^^^^^^^^^^^^^^^^^^^^^^^^^^^^^^^^^^^^
  File "/lustre09/project/6032307/arnauddr/MiniCPBP/server_mlm.py", line 147, in perplexity
    return {"perplexity": calculate_perplexity(sentence)}
                          ^^^^^^^^^^^^^^^^^^^^^^^^^^^^^^
  File "/lustre09/project/6032307/arnauddr/MiniCPBP/server_mlm.py", line 134, in calculate_perplexity
    with mutex:
TypeError: 'Lock' object does not support the context manager protocol
127.0.0.1 - - [30/Nov/2025 21:54:18] "[35m[1mPOST /perplexity HTTP/1.1[0m" 500 -
[2025-11-30 21:54:18,478] ERROR in app: Exception on /perplexity [POST]
Traceback (most recent call last):
  File "/lustre09/project/6032307/arnauddr/MiniCPBP/venv/lib/python3.11/site-packages/flask/app.py", line 1511, in wsgi_app
    response = self.full_dispatch_request()
               ^^^^^^^^^^^^^^^^^^^^^^^^^^^^
  File "/lustre09/project/6032307/arnauddr/MiniCPBP/venv/lib/python3.11/site-packages/flask/app.py", line 919, in full_dispatch_request
    rv = self.handle_user_exception(e)
         ^^^^^^^^^^^^^^^^^^^^^^^^^^^^^
  File "/lustre09/project/6032307/arnauddr/MiniCPBP/venv/lib/python3.11/site-packages/flask/app.py", line 917, in full_dispatch_request
    rv = self.dispatch_request()
         ^^^^^^^^^^^^^^^^^^^^^^^
  File "/lustre09/project/6032307/arnauddr/MiniCPBP/venv/lib/python3.11/site-packages/flask/app.py", line 902, in dispatch_request
    return self.ensure_sync(self.view_functions[rule.endpoint])(**view_args)  # type: ignore[no-any-return]
           ^^^^^^^^^^^^^^^^^^^^^^^^^^^^^^^^^^^^^^^^^^^^^^^^^^^^^^^^^^^^^^^^^
  File "/lustre09/project/6032307/arnauddr/MiniCPBP/server_mlm.py", line 147, in perplexity
    return {"perplexity": calculate_perplexity(sentence)}
                          ^^^^^^^^^^^^^^^^^^^^^^^^^^^^^^
  File "/lustre09/project/6032307/arnauddr/MiniCPBP/server_mlm.py", line 134, in calculate_perplexity
    with mutex:
TypeError: 'Lock' object does not support the context manager protocol
127.0.0.1 - - [30/Nov/2025 21:54:18] "[35m[1mPOST /perplexity HTTP/1.1[0m" 500 -
[2025-11-30 21:54:18,558] ERROR in app: Exception on /perplexity [POST]
Traceback (most recent call last):
  File "/lustre09/project/6032307/arnauddr/MiniCPBP/venv/lib/python3.11/site-packages/flask/app.py", line 1511, in wsgi_app
    response = self.full_dispatch_request()
               ^^^^^^^^^^^^^^^^^^^^^^^^^^^^
  File "/lustre09/project/6032307/arnauddr/MiniCPBP/venv/lib/python3.11/site-packages/flask/app.py", line 919, in full_dispatch_request
    rv = self.handle_user_exception(e)
         ^^^^^^^^^^^^^^^^^^^^^^^^^^^^^
  File "/lustre09/project/6032307/arnauddr/MiniCPBP/venv/lib/python3.11/site-packages/flask/app.py", line 917, in full_dispatch_request
    rv = self.dispatch_request()
         ^^^^^^^^^^^^^^^^^^^^^^^
  File "/lustre09/project/6032307/arnauddr/MiniCPBP/venv/lib/python3.11/site-packages/flask/app.py", line 902, in dispatch_request
    return self.ensure_sync(self.view_functions[rule.endpoint])(**view_args)  # type: ignore[no-any-return]
           ^^^^^^^^^^^^^^^^^^^^^^^^^^^^^^^^^^^^^^^^^^^^^^^^^^^^^^^^^^^^^^^^^
  File "/lustre09/project/6032307/arnauddr/MiniCPBP/server_mlm.py", line 147, in perplexity
    return {"perplexity": calculate_perplexity(sentence)}
                          ^^^^^^^^^^^^^^^^^^^^^^^^^^^^^^
  File "/lustre09/project/6032307/arnauddr/MiniCPBP/server_mlm.py", line 134, in calculate_perplexity
    with mutex:
TypeError: 'Lock' object does not support the context manager protocol
127.0.0.1 - - [30/Nov/2025 21:54:18] "[35m[1mPOST /perplexity HTTP/1.1[0m" 500 -
[2025-11-30 21:54:18,645] ERROR in app: Exception on /perplexity [POST]
Traceback (most recent call last):
  File "/lustre09/project/6032307/arnauddr/MiniCPBP/venv/lib/python3.11/site-packages/flask/app.py", line 1511, in wsgi_app
    response = self.full_dispatch_request()
               ^^^^^^^^^^^^^^^^^^^^^^^^^^^^
  File "/lustre09/project/6032307/arnauddr/MiniCPBP/venv/lib/python3.11/site-packages/flask/app.py", line 919, in full_dispatch_request
    rv = self.handle_user_exception(e)
         ^^^^^^^^^^^^^^^^^^^^^^^^^^^^^
  File "/lustre09/project/6032307/arnauddr/MiniCPBP/venv/lib/python3.11/site-packages/flask/app.py", line 917, in full_dispatch_request
    rv = self.dispatch_request()
         ^^^^^^^^^^^^^^^^^^^^^^^
  File "/lustre09/project/6032307/arnauddr/MiniCPBP/venv/lib/python3.11/site-packages/flask/app.py", line 902, in dispatch_request
    return self.ensure_sync(self.view_functions[rule.endpoint])(**view_args)  # type: ignore[no-any-return]
           ^^^^^^^^^^^^^^^^^^^^^^^^^^^^^^^^^^^^^^^^^^^^^^^^^^^^^^^^^^^^^^^^^
  File "/lustre09/project/6032307/arnauddr/MiniCPBP/server_mlm.py", line 147, in perplexity
    return {"perplexity": calculate_perplexity(sentence)}
                          ^^^^^^^^^^^^^^^^^^^^^^^^^^^^^^
  File "/lustre09/project/6032307/arnauddr/MiniCPBP/server_mlm.py", line 134, in calculate_perplexity
    with mutex:
TypeError: 'Lock' object does not support the context manager protocol
127.0.0.1 - - [30/Nov/2025 21:54:18] "[35m[1mPOST /perplexity HTTP/1.1[0m" 500 -
[2025-11-30 21:54:18,763] ERROR in app: Exception on /perplexity [POST]
Traceback (most recent call last):
  File "/lustre09/project/6032307/arnauddr/MiniCPBP/venv/lib/python3.11/site-packages/flask/app.py", line 1511, in wsgi_app
    response = self.full_dispatch_request()
               ^^^^^^^^^^^^^^^^^^^^^^^^^^^^
  File "/lustre09/project/6032307/arnauddr/MiniCPBP/venv/lib/python3.11/site-packages/flask/app.py", line 919, in full_dispatch_request
    rv = self.handle_user_exception(e)
         ^^^^^^^^^^^^^^^^^^^^^^^^^^^^^
  File "/lustre09/project/6032307/arnauddr/MiniCPBP/venv/lib/python3.11/site-packages/flask/app.py", line 917, in full_dispatch_request
    rv = self.dispatch_request()
         ^^^^^^^^^^^^^^^^^^^^^^^
  File "/lustre09/project/6032307/arnauddr/MiniCPBP/venv/lib/python3.11/site-packages/flask/app.py", line 902, in dispatch_request
    return self.ensure_sync(self.view_functions[rule.endpoint])(**view_args)  # type: ignore[no-any-return]
           ^^^^^^^^^^^^^^^^^^^^^^^^^^^^^^^^^^^^^^^^^^^^^^^^^^^^^^^^^^^^^^^^^
  File "/lustre09/project/6032307/arnauddr/MiniCPBP/server_mlm.py", line 147, in perplexity
    return {"perplexity": calculate_perplexity(sentence)}
                          ^^^^^^^^^^^^^^^^^^^^^^^^^^^^^^
  File "/lustre09/project/6032307/arnauddr/MiniCPBP/server_mlm.py", line 134, in calculate_perplexity
    with mutex:
TypeError: 'Lock' object does not support the context manager protocol
127.0.0.1 - - [30/Nov/2025 21:54:18] "[35m[1mPOST /perplexity HTTP/1.1[0m" 500 -
[2025-11-30 21:54:18,866] ERROR in app: Exception on /perplexity [POST]
Traceback (most recent call last):
  File "/lustre09/project/6032307/arnauddr/MiniCPBP/venv/lib/python3.11/site-packages/flask/app.py", line 1511, in wsgi_app
    response = self.full_dispatch_request()
               ^^^^^^^^^^^^^^^^^^^^^^^^^^^^
  File "/lustre09/project/6032307/arnauddr/MiniCPBP/venv/lib/python3.11/site-packages/flask/app.py", line 919, in full_dispatch_request
    rv = self.handle_user_exception(e)
         ^^^^^^^^^^^^^^^^^^^^^^^^^^^^^
  File "/lustre09/project/6032307/arnauddr/MiniCPBP/venv/lib/python3.11/site-packages/flask/app.py", line 917, in full_dispatch_request
    rv = self.dispatch_request()
         ^^^^^^^^^^^^^^^^^^^^^^^
  File "/lustre09/project/6032307/arnauddr/MiniCPBP/venv/lib/python3.11/site-packages/flask/app.py", line 902, in dispatch_request
    return self.ensure_sync(self.view_functions[rule.endpoint])(**view_args)  # type: ignore[no-any-return]
           ^^^^^^^^^^^^^^^^^^^^^^^^^^^^^^^^^^^^^^^^^^^^^^^^^^^^^^^^^^^^^^^^^
  File "/lustre09/project/6032307/arnauddr/MiniCPBP/server_mlm.py", line 147, in perplexity
    return {"perplexity": calculate_perplexity(sentence)}
                          ^^^^^^^^^^^^^^^^^^^^^^^^^^^^^^
  File "/lustre09/project/6032307/arnauddr/MiniCPBP/server_mlm.py", line 134, in calculate_perplexity
    with mutex:
TypeError: 'Lock' object does not support the context manager protocol
127.0.0.1 - - [30/Nov/2025 21:54:18] "[35m[1mPOST /perplexity HTTP/1.1[0m" 500 -
[2025-11-30 21:54:18,946] ERROR in app: Exception on /perplexity [POST]
Traceback (most recent call last):
  File "/lustre09/project/6032307/arnauddr/MiniCPBP/venv/lib/python3.11/site-packages/flask/app.py", line 1511, in wsgi_app
    response = self.full_dispatch_request()
               ^^^^^^^^^^^^^^^^^^^^^^^^^^^^
  File "/lustre09/project/6032307/arnauddr/MiniCPBP/venv/lib/python3.11/site-packages/flask/app.py", line 919, in full_dispatch_request
    rv = self.handle_user_exception(e)
         ^^^^^^^^^^^^^^^^^^^^^^^^^^^^^
  File "/lustre09/project/6032307/arnauddr/MiniCPBP/venv/lib/python3.11/site-packages/flask/app.py", line 917, in full_dispatch_request
    rv = self.dispatch_request()
         ^^^^^^^^^^^^^^^^^^^^^^^
  File "/lustre09/project/6032307/arnauddr/MiniCPBP/venv/lib/python3.11/site-packages/flask/app.py", line 902, in dispatch_request
    return self.ensure_sync(self.view_functions[rule.endpoint])(**view_args)  # type: ignore[no-any-return]
           ^^^^^^^^^^^^^^^^^^^^^^^^^^^^^^^^^^^^^^^^^^^^^^^^^^^^^^^^^^^^^^^^^
  File "/lustre09/project/6032307/arnauddr/MiniCPBP/server_mlm.py", line 147, in perplexity
    return {"perplexity": calculate_perplexity(sentence)}
                          ^^^^^^^^^^^^^^^^^^^^^^^^^^^^^^
  File "/lustre09/project/6032307/arnauddr/MiniCPBP/server_mlm.py", line 134, in calculate_perplexity
    with mutex:
TypeError: 'Lock' object does not support the context manager protocol
127.0.0.1 - - [30/Nov/2025 21:54:18] "[35m[1mPOST /perplexity HTTP/1.1[0m" 500 -
[2025-11-30 21:54:19,023] ERROR in app: Exception on /perplexity [POST]
Traceback (most recent call last):
  File "/lustre09/project/6032307/arnauddr/MiniCPBP/venv/lib/python3.11/site-packages/flask/app.py", line 1511, in wsgi_app
    response = self.full_dispatch_request()
               ^^^^^^^^^^^^^^^^^^^^^^^^^^^^
  File "/lustre09/project/6032307/arnauddr/MiniCPBP/venv/lib/python3.11/site-packages/flask/app.py", line 919, in full_dispatch_request
    rv = self.handle_user_exception(e)
         ^^^^^^^^^^^^^^^^^^^^^^^^^^^^^
  File "/lustre09/project/6032307/arnauddr/MiniCPBP/venv/lib/python3.11/site-packages/flask/app.py", line 917, in full_dispatch_request
    rv = self.dispatch_request()
         ^^^^^^^^^^^^^^^^^^^^^^^
  File "/lustre09/project/6032307/arnauddr/MiniCPBP/venv/lib/python3.11/site-packages/flask/app.py", line 902, in dispatch_request
    return self.ensure_sync(self.view_functions[rule.endpoint])(**view_args)  # type: ignore[no-any-return]
           ^^^^^^^^^^^^^^^^^^^^^^^^^^^^^^^^^^^^^^^^^^^^^^^^^^^^^^^^^^^^^^^^^
  File "/lustre09/project/6032307/arnauddr/MiniCPBP/server_mlm.py", line 147, in perplexity
    return {"perplexity": calculate_perplexity(sentence)}
                          ^^^^^^^^^^^^^^^^^^^^^^^^^^^^^^
  File "/lustre09/project/6032307/arnauddr/MiniCPBP/server_mlm.py", line 134, in calculate_perplexity
    with mutex:
TypeError: 'Lock' object does not support the context manager protocol
127.0.0.1 - - [30/Nov/2025 21:54:19] "[35m[1mPOST /perplexity HTTP/1.1[0m" 500 -
[2025-11-30 21:54:19,050] ERROR in app: Exception on /perplexity [POST]
Traceback (most recent call last):
  File "/lustre09/project/6032307/arnauddr/MiniCPBP/venv/lib/python3.11/site-packages/flask/app.py", line 1511, in wsgi_app
    response = self.full_dispatch_request()
               ^^^^^^^^^^^^^^^^^^^^^^^^^^^^
  File "/lustre09/project/6032307/arnauddr/MiniCPBP/venv/lib/python3.11/site-packages/flask/app.py", line 919, in full_dispatch_request
    rv = self.handle_user_exception(e)
         ^^^^^^^^^^^^^^^^^^^^^^^^^^^^^
  File "/lustre09/project/6032307/arnauddr/MiniCPBP/venv/lib/python3.11/site-packages/flask/app.py", line 917, in full_dispatch_request
    rv = self.dispatch_request()
         ^^^^^^^^^^^^^^^^^^^^^^^
  File "/lustre09/project/6032307/arnauddr/MiniCPBP/venv/lib/python3.11/site-packages/flask/app.py", line 902, in dispatch_request
    return self.ensure_sync(self.view_functions[rule.endpoint])(**view_args)  # type: ignore[no-any-return]
           ^^^^^^^^^^^^^^^^^^^^^^^^^^^^^^^^^^^^^^^^^^^^^^^^^^^^^^^^^^^^^^^^^
  File "/lustre09/project/6032307/arnauddr/MiniCPBP/server_mlm.py", line 147, in perplexity
    return {"perplexity": calculate_perplexity(sentence)}
                          ^^^^^^^^^^^^^^^^^^^^^^^^^^^^^^
  File "/lustre09/project/6032307/arnauddr/MiniCPBP/server_mlm.py", line 134, in calculate_perplexity
    with mutex:
TypeError: 'Lock' object does not support the context manager protocol
127.0.0.1 - - [30/Nov/2025 21:54:19] "[35m[1mPOST /perplexity HTTP/1.1[0m" 500 -
[2025-11-30 21:54:19,112] ERROR in app: Exception on /perplexity [POST]
Traceback (most recent call last):
  File "/lustre09/project/6032307/arnauddr/MiniCPBP/venv/lib/python3.11/site-packages/flask/app.py", line 1511, in wsgi_app
    response = self.full_dispatch_request()
               ^^^^^^^^^^^^^^^^^^^^^^^^^^^^
  File "/lustre09/project/6032307/arnauddr/MiniCPBP/venv/lib/python3.11/site-packages/flask/app.py", line 919, in full_dispatch_request
    rv = self.handle_user_exception(e)
         ^^^^^^^^^^^^^^^^^^^^^^^^^^^^^
  File "/lustre09/project/6032307/arnauddr/MiniCPBP/venv/lib/python3.11/site-packages/flask/app.py", line 917, in full_dispatch_request
    rv = self.dispatch_request()
         ^^^^^^^^^^^^^^^^^^^^^^^
  File "/lustre09/project/6032307/arnauddr/MiniCPBP/venv/lib/python3.11/site-packages/flask/app.py", line 902, in dispatch_request
    return self.ensure_sync(self.view_functions[rule.endpoint])(**view_args)  # type: ignore[no-any-return]
           ^^^^^^^^^^^^^^^^^^^^^^^^^^^^^^^^^^^^^^^^^^^^^^^^^^^^^^^^^^^^^^^^^
  File "/lustre09/project/6032307/arnauddr/MiniCPBP/server_mlm.py", line 147, in perplexity
    return {"perplexity": calculate_perplexity(sentence)}
                          ^^^^^^^^^^^^^^^^^^^^^^^^^^^^^^
  File "/lustre09/project/6032307/arnauddr/MiniCPBP/server_mlm.py", line 134, in calculate_perplexity
    with mutex:
TypeError: 'Lock' object does not support the context manager protocol
127.0.0.1 - - [30/Nov/2025 21:54:19] "[35m[1mPOST /perplexity HTTP/1.1[0m" 500 -
[2025-11-30 21:54:19,138] ERROR in app: Exception on /perplexity [POST]
Traceback (most recent call last):
  File "/lustre09/project/6032307/arnauddr/MiniCPBP/venv/lib/python3.11/site-packages/flask/app.py", line 1511, in wsgi_app
    response = self.full_dispatch_request()
               ^^^^^^^^^^^^^^^^^^^^^^^^^^^^
  File "/lustre09/project/6032307/arnauddr/MiniCPBP/venv/lib/python3.11/site-packages/flask/app.py", line 919, in full_dispatch_request
    rv = self.handle_user_exception(e)
         ^^^^^^^^^^^^^^^^^^^^^^^^^^^^^
  File "/lustre09/project/6032307/arnauddr/MiniCPBP/venv/lib/python3.11/site-packages/flask/app.py", line 917, in full_dispatch_request
    rv = self.dispatch_request()
         ^^^^^^^^^^^^^^^^^^^^^^^
  File "/lustre09/project/6032307/arnauddr/MiniCPBP/venv/lib/python3.11/site-packages/flask/app.py", line 902, in dispatch_request
    return self.ensure_sync(self.view_functions[rule.endpoint])(**view_args)  # type: ignore[no-any-return]
           ^^^^^^^^^^^^^^^^^^^^^^^^^^^^^^^^^^^^^^^^^^^^^^^^^^^^^^^^^^^^^^^^^
  File "/lustre09/project/6032307/arnauddr/MiniCPBP/server_mlm.py", line 147, in perplexity
    return {"perplexity": calculate_perplexity(sentence)}
                          ^^^^^^^^^^^^^^^^^^^^^^^^^^^^^^
  File "/lustre09/project/6032307/arnauddr/MiniCPBP/server_mlm.py", line 134, in calculate_perplexity
    with mutex:
TypeError: 'Lock' object does not support the context manager protocol
127.0.0.1 - - [30/Nov/2025 21:54:19] "[35m[1mPOST /perplexity HTTP/1.1[0m" 500 -
[2025-11-30 21:54:19,179] ERROR in app: Exception on /perplexity [POST]
Traceback (most recent call last):
  File "/lustre09/project/6032307/arnauddr/MiniCPBP/venv/lib/python3.11/site-packages/flask/app.py", line 1511, in wsgi_app
    response = self.full_dispatch_request()
               ^^^^^^^^^^^^^^^^^^^^^^^^^^^^
  File "/lustre09/project/6032307/arnauddr/MiniCPBP/venv/lib/python3.11/site-packages/flask/app.py", line 919, in full_dispatch_request
    rv = self.handle_user_exception(e)
         ^^^^^^^^^^^^^^^^^^^^^^^^^^^^^
  File "/lustre09/project/6032307/arnauddr/MiniCPBP/venv/lib/python3.11/site-packages/flask/app.py", line 917, in full_dispatch_request
    rv = self.dispatch_request()
         ^^^^^^^^^^^^^^^^^^^^^^^
  File "/lustre09/project/6032307/arnauddr/MiniCPBP/venv/lib/python3.11/site-packages/flask/app.py", line 902, in dispatch_request
    return self.ensure_sync(self.view_functions[rule.endpoint])(**view_args)  # type: ignore[no-any-return]
           ^^^^^^^^^^^^^^^^^^^^^^^^^^^^^^^^^^^^^^^^^^^^^^^^^^^^^^^^^^^^^^^^^
  File "/lustre09/project/6032307/arnauddr/MiniCPBP/server_mlm.py", line 147, in perplexity
    return {"perplexity": calculate_perplexity(sentence)}
                          ^^^^^^^^^^^^^^^^^^^^^^^^^^^^^^
  File "/lustre09/project/6032307/arnauddr/MiniCPBP/server_mlm.py", line 134, in calculate_perplexity
    with mutex:
TypeError: 'Lock' object does not support the context manager protocol
127.0.0.1 - - [30/Nov/2025 21:54:19] "[35m[1mPOST /perplexity HTTP/1.1[0m" 500 -
[2025-11-30 21:54:19,180] ERROR in app: Exception on /perplexity [POST]
Traceback (most recent call last):
  File "/lustre09/project/6032307/arnauddr/MiniCPBP/venv/lib/python3.11/site-packages/flask/app.py", line 1511, in wsgi_app
    response = self.full_dispatch_request()
               ^^^^^^^^^^^^^^^^^^^^^^^^^^^^
  File "/lustre09/project/6032307/arnauddr/MiniCPBP/venv/lib/python3.11/site-packages/flask/app.py", line 919, in full_dispatch_request
    rv = self.handle_user_exception(e)
         ^^^^^^^^^^^^^^^^^^^^^^^^^^^^^
  File "/lustre09/project/6032307/arnauddr/MiniCPBP/venv/lib/python3.11/site-packages/flask/app.py", line 917, in full_dispatch_request
    rv = self.dispatch_request()
         ^^^^^^^^^^^^^^^^^^^^^^^
  File "/lustre09/project/6032307/arnauddr/MiniCPBP/venv/lib/python3.11/site-packages/flask/app.py", line 902, in dispatch_request
    return self.ensure_sync(self.view_functions[rule.endpoint])(**view_args)  # type: ignore[no-any-return]
           ^^^^^^^^^^^^^^^^^^^^^^^^^^^^^^^^^^^^^^^^^^^^^^^^^^^^^^^^^^^^^^^^^
  File "/lustre09/project/6032307/arnauddr/MiniCPBP/server_mlm.py", line 147, in perplexity
    return {"perplexity": calculate_perplexity(sentence)}
                          ^^^^^^^^^^^^^^^^^^^^^^^^^^^^^^
  File "/lustre09/project/6032307/arnauddr/MiniCPBP/server_mlm.py", line 134, in calculate_perplexity
    with mutex:
TypeError: 'Lock' object does not support the context manager protocol
127.0.0.1 - - [30/Nov/2025 21:54:19] "[35m[1mPOST /perplexity HTTP/1.1[0m" 500 -
[2025-11-30 21:54:19,266] ERROR in app: Exception on /perplexity [POST]
Traceback (most recent call last):
  File "/lustre09/project/6032307/arnauddr/MiniCPBP/venv/lib/python3.11/site-packages/flask/app.py", line 1511, in wsgi_app
    response = self.full_dispatch_request()
               ^^^^^^^^^^^^^^^^^^^^^^^^^^^^
  File "/lustre09/project/6032307/arnauddr/MiniCPBP/venv/lib/python3.11/site-packages/flask/app.py", line 919, in full_dispatch_request
    rv = self.handle_user_exception(e)
         ^^^^^^^^^^^^^^^^^^^^^^^^^^^^^
  File "/lustre09/project/6032307/arnauddr/MiniCPBP/venv/lib/python3.11/site-packages/flask/app.py", line 917, in full_dispatch_request
    rv = self.dispatch_request()
         ^^^^^^^^^^^^^^^^^^^^^^^
  File "/lustre09/project/6032307/arnauddr/MiniCPBP/venv/lib/python3.11/site-packages/flask/app.py", line 902, in dispatch_request
    return self.ensure_sync(self.view_functions[rule.endpoint])(**view_args)  # type: ignore[no-any-return]
           ^^^^^^^^^^^^^^^^^^^^^^^^^^^^^^^^^^^^^^^^^^^^^^^^^^^^^^^^^^^^^^^^^
  File "/lustre09/project/6032307/arnauddr/MiniCPBP/server_mlm.py", line 147, in perplexity
    return {"perplexity": calculate_perplexity(sentence)}
                          ^^^^^^^^^^^^^^^^^^^^^^^^^^^^^^
  File "/lustre09/project/6032307/arnauddr/MiniCPBP/server_mlm.py", line 134, in calculate_perplexity
    with mutex:
TypeError: 'Lock' object does not support the context manager protocol
127.0.0.1 - - [30/Nov/2025 21:54:19] "[35m[1mPOST /perplexity HTTP/1.1[0m" 500 -
[2025-11-30 21:54:19,339] ERROR in app: Exception on /perplexity [POST]
Traceback (most recent call last):
  File "/lustre09/project/6032307/arnauddr/MiniCPBP/venv/lib/python3.11/site-packages/flask/app.py", line 1511, in wsgi_app
    response = self.full_dispatch_request()
               ^^^^^^^^^^^^^^^^^^^^^^^^^^^^
  File "/lustre09/project/6032307/arnauddr/MiniCPBP/venv/lib/python3.11/site-packages/flask/app.py", line 919, in full_dispatch_request
    rv = self.handle_user_exception(e)
         ^^^^^^^^^^^^^^^^^^^^^^^^^^^^^
  File "/lustre09/project/6032307/arnauddr/MiniCPBP/venv/lib/python3.11/site-packages/flask/app.py", line 917, in full_dispatch_request
    rv = self.dispatch_request()
         ^^^^^^^^^^^^^^^^^^^^^^^
  File "/lustre09/project/6032307/arnauddr/MiniCPBP/venv/lib/python3.11/site-packages/flask/app.py", line 902, in dispatch_request
    return self.ensure_sync(self.view_functions[rule.endpoint])(**view_args)  # type: ignore[no-any-return]
           ^^^^^^^^^^^^^^^^^^^^^^^^^^^^^^^^^^^^^^^^^^^^^^^^^^^^^^^^^^^^^^^^^
  File "/lustre09/project/6032307/arnauddr/MiniCPBP/server_mlm.py", line 147, in perplexity
    return {"perplexity": calculate_perplexity(sentence)}
                          ^^^^^^^^^^^^^^^^^^^^^^^^^^^^^^
  File "/lustre09/project/6032307/arnauddr/MiniCPBP/server_mlm.py", line 134, in calculate_perplexity
    with mutex:
TypeError: 'Lock' object does not support the context manager protocol
127.0.0.1 - - [30/Nov/2025 21:54:19] "[35m[1mPOST /perplexity HTTP/1.1[0m" 500 -
[2025-11-30 21:54:19,455] ERROR in app: Exception on /perplexity [POST]
Traceback (most recent call last):
  File "/lustre09/project/6032307/arnauddr/MiniCPBP/venv/lib/python3.11/site-packages/flask/app.py", line 1511, in wsgi_app
    response = self.full_dispatch_request()
               ^^^^^^^^^^^^^^^^^^^^^^^^^^^^
  File "/lustre09/project/6032307/arnauddr/MiniCPBP/venv/lib/python3.11/site-packages/flask/app.py", line 919, in full_dispatch_request
    rv = self.handle_user_exception(e)
         ^^^^^^^^^^^^^^^^^^^^^^^^^^^^^
  File "/lustre09/project/6032307/arnauddr/MiniCPBP/venv/lib/python3.11/site-packages/flask/app.py", line 917, in full_dispatch_request
    rv = self.dispatch_request()
         ^^^^^^^^^^^^^^^^^^^^^^^
  File "/lustre09/project/6032307/arnauddr/MiniCPBP/venv/lib/python3.11/site-packages/flask/app.py", line 902, in dispatch_request
    return self.ensure_sync(self.view_functions[rule.endpoint])(**view_args)  # type: ignore[no-any-return]
           ^^^^^^^^^^^^^^^^^^^^^^^^^^^^^^^^^^^^^^^^^^^^^^^^^^^^^^^^^^^^^^^^^
  File "/lustre09/project/6032307/arnauddr/MiniCPBP/server_mlm.py", line 147, in perplexity
    return {"perplexity": calculate_perplexity(sentence)}
                          ^^^^^^^^^^^^^^^^^^^^^^^^^^^^^^
  File "/lustre09/project/6032307/arnauddr/MiniCPBP/server_mlm.py", line 134, in calculate_perplexity
    with mutex:
TypeError: 'Lock' object does not support the context manager protocol
127.0.0.1 - - [30/Nov/2025 21:54:19] "[35m[1mPOST /perplexity HTTP/1.1[0m" 500 -
[2025-11-30 21:54:19,503] ERROR in app: Exception on /perplexity [POST]
Traceback (most recent call last):
  File "/lustre09/project/6032307/arnauddr/MiniCPBP/venv/lib/python3.11/site-packages/flask/app.py", line 1511, in wsgi_app
    response = self.full_dispatch_request()
               ^^^^^^^^^^^^^^^^^^^^^^^^^^^^
  File "/lustre09/project/6032307/arnauddr/MiniCPBP/venv/lib/python3.11/site-packages/flask/app.py", line 919, in full_dispatch_request
    rv = self.handle_user_exception(e)
         ^^^^^^^^^^^^^^^^^^^^^^^^^^^^^
  File "/lustre09/project/6032307/arnauddr/MiniCPBP/venv/lib/python3.11/site-packages/flask/app.py", line 917, in full_dispatch_request
    rv = self.dispatch_request()
         ^^^^^^^^^^^^^^^^^^^^^^^
  File "/lustre09/project/6032307/arnauddr/MiniCPBP/venv/lib/python3.11/site-packages/flask/app.py", line 902, in dispatch_request
    return self.ensure_sync(self.view_functions[rule.endpoint])(**view_args)  # type: ignore[no-any-return]
           ^^^^^^^^^^^^^^^^^^^^^^^^^^^^^^^^^^^^^^^^^^^^^^^^^^^^^^^^^^^^^^^^^
  File "/lustre09/project/6032307/arnauddr/MiniCPBP/server_mlm.py", line 147, in perplexity
    return {"perplexity": calculate_perplexity(sentence)}
                          ^^^^^^^^^^^^^^^^^^^^^^^^^^^^^^
  File "/lustre09/project/6032307/arnauddr/MiniCPBP/server_mlm.py", line 134, in calculate_perplexity
    with mutex:
TypeError: 'Lock' object does not support the context manager protocol
127.0.0.1 - - [30/Nov/2025 21:54:19] "[35m[1mPOST /perplexity HTTP/1.1[0m" 500 -
[2025-11-30 21:54:19,544] ERROR in app: Exception on /perplexity [POST]
Traceback (most recent call last):
  File "/lustre09/project/6032307/arnauddr/MiniCPBP/venv/lib/python3.11/site-packages/flask/app.py", line 1511, in wsgi_app
    response = self.full_dispatch_request()
               ^^^^^^^^^^^^^^^^^^^^^^^^^^^^
  File "/lustre09/project/6032307/arnauddr/MiniCPBP/venv/lib/python3.11/site-packages/flask/app.py", line 919, in full_dispatch_request
    rv = self.handle_user_exception(e)
         ^^^^^^^^^^^^^^^^^^^^^^^^^^^^^
  File "/lustre09/project/6032307/arnauddr/MiniCPBP/venv/lib/python3.11/site-packages/flask/app.py", line 917, in full_dispatch_request
    rv = self.dispatch_request()
         ^^^^^^^^^^^^^^^^^^^^^^^
  File "/lustre09/project/6032307/arnauddr/MiniCPBP/venv/lib/python3.11/site-packages/flask/app.py", line 902, in dispatch_request
    return self.ensure_sync(self.view_functions[rule.endpoint])(**view_args)  # type: ignore[no-any-return]
           ^^^^^^^^^^^^^^^^^^^^^^^^^^^^^^^^^^^^^^^^^^^^^^^^^^^^^^^^^^^^^^^^^
  File "/lustre09/project/6032307/arnauddr/MiniCPBP/server_mlm.py", line 147, in perplexity
    return {"perplexity": calculate_perplexity(sentence)}
                          ^^^^^^^^^^^^^^^^^^^^^^^^^^^^^^
  File "/lustre09/project/6032307/arnauddr/MiniCPBP/server_mlm.py", line 134, in calculate_perplexity
    with mutex:
TypeError: 'Lock' object does not support the context manager protocol
127.0.0.1 - - [30/Nov/2025 21:54:19] "[35m[1mPOST /perplexity HTTP/1.1[0m" 500 -
[2025-11-30 21:54:19,574] ERROR in app: Exception on /perplexity [POST]
Traceback (most recent call last):
  File "/lustre09/project/6032307/arnauddr/MiniCPBP/venv/lib/python3.11/site-packages/flask/app.py", line 1511, in wsgi_app
    response = self.full_dispatch_request()
               ^^^^^^^^^^^^^^^^^^^^^^^^^^^^
  File "/lustre09/project/6032307/arnauddr/MiniCPBP/venv/lib/python3.11/site-packages/flask/app.py", line 919, in full_dispatch_request
    rv = self.handle_user_exception(e)
         ^^^^^^^^^^^^^^^^^^^^^^^^^^^^^
  File "/lustre09/project/6032307/arnauddr/MiniCPBP/venv/lib/python3.11/site-packages/flask/app.py", line 917, in full_dispatch_request
    rv = self.dispatch_request()
         ^^^^^^^^^^^^^^^^^^^^^^^
  File "/lustre09/project/6032307/arnauddr/MiniCPBP/venv/lib/python3.11/site-packages/flask/app.py", line 902, in dispatch_request
    return self.ensure_sync(self.view_functions[rule.endpoint])(**view_args)  # type: ignore[no-any-return]
           ^^^^^^^^^^^^^^^^^^^^^^^^^^^^^^^^^^^^^^^^^^^^^^^^^^^^^^^^^^^^^^^^^
  File "/lustre09/project/6032307/arnauddr/MiniCPBP/server_mlm.py", line 147, in perplexity
    return {"perplexity": calculate_perplexity(sentence)}
                          ^^^^^^^^^^^^^^^^^^^^^^^^^^^^^^
  File "/lustre09/project/6032307/arnauddr/MiniCPBP/server_mlm.py", line 134, in calculate_perplexity
    with mutex:
TypeError: 'Lock' object does not support the context manager protocol
127.0.0.1 - - [30/Nov/2025 21:54:19] "[35m[1mPOST /perplexity HTTP/1.1[0m" 500 -
[2025-11-30 21:54:19,586] ERROR in app: Exception on /perplexity [POST]
Traceback (most recent call last):
  File "/lustre09/project/6032307/arnauddr/MiniCPBP/venv/lib/python3.11/site-packages/flask/app.py", line 1511, in wsgi_app
    response = self.full_dispatch_request()
               ^^^^^^^^^^^^^^^^^^^^^^^^^^^^
  File "/lustre09/project/6032307/arnauddr/MiniCPBP/venv/lib/python3.11/site-packages/flask/app.py", line 919, in full_dispatch_request
    rv = self.handle_user_exception(e)
         ^^^^^^^^^^^^^^^^^^^^^^^^^^^^^
  File "/lustre09/project/6032307/arnauddr/MiniCPBP/venv/lib/python3.11/site-packages/flask/app.py", line 917, in full_dispatch_request
    rv = self.dispatch_request()
         ^^^^^^^^^^^^^^^^^^^^^^^
  File "/lustre09/project/6032307/arnauddr/MiniCPBP/venv/lib/python3.11/site-packages/flask/app.py", line 902, in dispatch_request
    return self.ensure_sync(self.view_functions[rule.endpoint])(**view_args)  # type: ignore[no-any-return]
           ^^^^^^^^^^^^^^^^^^^^^^^^^^^^^^^^^^^^^^^^^^^^^^^^^^^^^^^^^^^^^^^^^
  File "/lustre09/project/6032307/arnauddr/MiniCPBP/server_mlm.py", line 147, in perplexity
    return {"perplexity": calculate_perplexity(sentence)}
                          ^^^^^^^^^^^^^^^^^^^^^^^^^^^^^^
  File "/lustre09/project/6032307/arnauddr/MiniCPBP/server_mlm.py", line 134, in calculate_perplexity
    with mutex:
TypeError: 'Lock' object does not support the context manager protocol
127.0.0.1 - - [30/Nov/2025 21:54:19] "[35m[1mPOST /perplexity HTTP/1.1[0m" 500 -
[2025-11-30 21:54:19,693] ERROR in app: Exception on /perplexity [POST]
Traceback (most recent call last):
  File "/lustre09/project/6032307/arnauddr/MiniCPBP/venv/lib/python3.11/site-packages/flask/app.py", line 1511, in wsgi_app
    response = self.full_dispatch_request()
               ^^^^^^^^^^^^^^^^^^^^^^^^^^^^
  File "/lustre09/project/6032307/arnauddr/MiniCPBP/venv/lib/python3.11/site-packages/flask/app.py", line 919, in full_dispatch_request
    rv = self.handle_user_exception(e)
         ^^^^^^^^^^^^^^^^^^^^^^^^^^^^^
  File "/lustre09/project/6032307/arnauddr/MiniCPBP/venv/lib/python3.11/site-packages/flask/app.py", line 917, in full_dispatch_request
    rv = self.dispatch_request()
         ^^^^^^^^^^^^^^^^^^^^^^^
  File "/lustre09/project/6032307/arnauddr/MiniCPBP/venv/lib/python3.11/site-packages/flask/app.py", line 902, in dispatch_request
    return self.ensure_sync(self.view_functions[rule.endpoint])(**view_args)  # type: ignore[no-any-return]
           ^^^^^^^^^^^^^^^^^^^^^^^^^^^^^^^^^^^^^^^^^^^^^^^^^^^^^^^^^^^^^^^^^
  File "/lustre09/project/6032307/arnauddr/MiniCPBP/server_mlm.py", line 147, in perplexity
    return {"perplexity": calculate_perplexity(sentence)}
                          ^^^^^^^^^^^^^^^^^^^^^^^^^^^^^^
  File "/lustre09/project/6032307/arnauddr/MiniCPBP/server_mlm.py", line 134, in calculate_perplexity
    with mutex:
TypeError: 'Lock' object does not support the context manager protocol
127.0.0.1 - - [30/Nov/2025 21:54:19] "[35m[1mPOST /perplexity HTTP/1.1[0m" 500 -
[2025-11-30 21:54:19,721] ERROR in app: Exception on /perplexity [POST]
Traceback (most recent call last):
  File "/lustre09/project/6032307/arnauddr/MiniCPBP/venv/lib/python3.11/site-packages/flask/app.py", line 1511, in wsgi_app
    response = self.full_dispatch_request()
               ^^^^^^^^^^^^^^^^^^^^^^^^^^^^
  File "/lustre09/project/6032307/arnauddr/MiniCPBP/venv/lib/python3.11/site-packages/flask/app.py", line 919, in full_dispatch_request
    rv = self.handle_user_exception(e)
         ^^^^^^^^^^^^^^^^^^^^^^^^^^^^^
  File "/lustre09/project/6032307/arnauddr/MiniCPBP/venv/lib/python3.11/site-packages/flask/app.py", line 917, in full_dispatch_request
    rv = self.dispatch_request()
         ^^^^^^^^^^^^^^^^^^^^^^^
  File "/lustre09/project/6032307/arnauddr/MiniCPBP/venv/lib/python3.11/site-packages/flask/app.py", line 902, in dispatch_request
    return self.ensure_sync(self.view_functions[rule.endpoint])(**view_args)  # type: ignore[no-any-return]
           ^^^^^^^^^^^^^^^^^^^^^^^^^^^^^^^^^^^^^^^^^^^^^^^^^^^^^^^^^^^^^^^^^
  File "/lustre09/project/6032307/arnauddr/MiniCPBP/server_mlm.py", line 147, in perplexity
    return {"perplexity": calculate_perplexity(sentence)}
                          ^^^^^^^^^^^^^^^^^^^^^^^^^^^^^^
  File "/lustre09/project/6032307/arnauddr/MiniCPBP/server_mlm.py", line 134, in calculate_perplexity
    with mutex:
TypeError: 'Lock' object does not support the context manager protocol
127.0.0.1 - - [30/Nov/2025 21:54:19] "[35m[1mPOST /perplexity HTTP/1.1[0m" 500 -
[2025-11-30 21:54:19,760] ERROR in app: Exception on /perplexity [POST]
Traceback (most recent call last):
  File "/lustre09/project/6032307/arnauddr/MiniCPBP/venv/lib/python3.11/site-packages/flask/app.py", line 1511, in wsgi_app
    response = self.full_dispatch_request()
               ^^^^^^^^^^^^^^^^^^^^^^^^^^^^
  File "/lustre09/project/6032307/arnauddr/MiniCPBP/venv/lib/python3.11/site-packages/flask/app.py", line 919, in full_dispatch_request
    rv = self.handle_user_exception(e)
         ^^^^^^^^^^^^^^^^^^^^^^^^^^^^^
  File "/lustre09/project/6032307/arnauddr/MiniCPBP/venv/lib/python3.11/site-packages/flask/app.py", line 917, in full_dispatch_request
    rv = self.dispatch_request()
         ^^^^^^^^^^^^^^^^^^^^^^^
  File "/lustre09/project/6032307/arnauddr/MiniCPBP/venv/lib/python3.11/site-packages/flask/app.py", line 902, in dispatch_request
    return self.ensure_sync(self.view_functions[rule.endpoint])(**view_args)  # type: ignore[no-any-return]
           ^^^^^^^^^^^^^^^^^^^^^^^^^^^^^^^^^^^^^^^^^^^^^^^^^^^^^^^^^^^^^^^^^
  File "/lustre09/project/6032307/arnauddr/MiniCPBP/server_mlm.py", line 147, in perplexity
    return {"perplexity": calculate_perplexity(sentence)}
                          ^^^^^^^^^^^^^^^^^^^^^^^^^^^^^^
  File "/lustre09/project/6032307/arnauddr/MiniCPBP/server_mlm.py", line 134, in calculate_perplexity
    with mutex:
TypeError: 'Lock' object does not support the context manager protocol
127.0.0.1 - - [30/Nov/2025 21:54:19] "[35m[1mPOST /perplexity HTTP/1.1[0m" 500 -
[2025-11-30 21:54:19,810] ERROR in app: Exception on /perplexity [POST]
Traceback (most recent call last):
  File "/lustre09/project/6032307/arnauddr/MiniCPBP/venv/lib/python3.11/site-packages/flask/app.py", line 1511, in wsgi_app
    response = self.full_dispatch_request()
               ^^^^^^^^^^^^^^^^^^^^^^^^^^^^
  File "/lustre09/project/6032307/arnauddr/MiniCPBP/venv/lib/python3.11/site-packages/flask/app.py", line 919, in full_dispatch_request
    rv = self.handle_user_exception(e)
         ^^^^^^^^^^^^^^^^^^^^^^^^^^^^^
  File "/lustre09/project/6032307/arnauddr/MiniCPBP/venv/lib/python3.11/site-packages/flask/app.py", line 917, in full_dispatch_request
    rv = self.dispatch_request()
         ^^^^^^^^^^^^^^^^^^^^^^^
  File "/lustre09/project/6032307/arnauddr/MiniCPBP/venv/lib/python3.11/site-packages/flask/app.py", line 902, in dispatch_request
    return self.ensure_sync(self.view_functions[rule.endpoint])(**view_args)  # type: ignore[no-any-return]
           ^^^^^^^^^^^^^^^^^^^^^^^^^^^^^^^^^^^^^^^^^^^^^^^^^^^^^^^^^^^^^^^^^
  File "/lustre09/project/6032307/arnauddr/MiniCPBP/server_mlm.py", line 147, in perplexity
    return {"perplexity": calculate_perplexity(sentence)}
                          ^^^^^^^^^^^^^^^^^^^^^^^^^^^^^^
  File "/lustre09/project/6032307/arnauddr/MiniCPBP/server_mlm.py", line 134, in calculate_perplexity
    with mutex:
TypeError: 'Lock' object does not support the context manager protocol
127.0.0.1 - - [30/Nov/2025 21:54:19] "[35m[1mPOST /perplexity HTTP/1.1[0m" 500 -
[2025-11-30 21:54:19,901] ERROR in app: Exception on /perplexity [POST]
Traceback (most recent call last):
  File "/lustre09/project/6032307/arnauddr/MiniCPBP/venv/lib/python3.11/site-packages/flask/app.py", line 1511, in wsgi_app
    response = self.full_dispatch_request()
               ^^^^^^^^^^^^^^^^^^^^^^^^^^^^
  File "/lustre09/project/6032307/arnauddr/MiniCPBP/venv/lib/python3.11/site-packages/flask/app.py", line 919, in full_dispatch_request
    rv = self.handle_user_exception(e)
         ^^^^^^^^^^^^^^^^^^^^^^^^^^^^^
  File "/lustre09/project/6032307/arnauddr/MiniCPBP/venv/lib/python3.11/site-packages/flask/app.py", line 917, in full_dispatch_request
    rv = self.dispatch_request()
         ^^^^^^^^^^^^^^^^^^^^^^^
  File "/lustre09/project/6032307/arnauddr/MiniCPBP/venv/lib/python3.11/site-packages/flask/app.py", line 902, in dispatch_request
    return self.ensure_sync(self.view_functions[rule.endpoint])(**view_args)  # type: ignore[no-any-return]
           ^^^^^^^^^^^^^^^^^^^^^^^^^^^^^^^^^^^^^^^^^^^^^^^^^^^^^^^^^^^^^^^^^
  File "/lustre09/project/6032307/arnauddr/MiniCPBP/server_mlm.py", line 147, in perplexity
    return {"perplexity": calculate_perplexity(sentence)}
                          ^^^^^^^^^^^^^^^^^^^^^^^^^^^^^^
  File "/lustre09/project/6032307/arnauddr/MiniCPBP/server_mlm.py", line 134, in calculate_perplexity
    with mutex:
TypeError: 'Lock' object does not support the context manager protocol
127.0.0.1 - - [30/Nov/2025 21:54:19] "[35m[1mPOST /perplexity HTTP/1.1[0m" 500 -
[2025-11-30 21:54:19,943] ERROR in app: Exception on /perplexity [POST]
Traceback (most recent call last):
  File "/lustre09/project/6032307/arnauddr/MiniCPBP/venv/lib/python3.11/site-packages/flask/app.py", line 1511, in wsgi_app
    response = self.full_dispatch_request()
               ^^^^^^^^^^^^^^^^^^^^^^^^^^^^
  File "/lustre09/project/6032307/arnauddr/MiniCPBP/venv/lib/python3.11/site-packages/flask/app.py", line 919, in full_dispatch_request
    rv = self.handle_user_exception(e)
         ^^^^^^^^^^^^^^^^^^^^^^^^^^^^^
  File "/lustre09/project/6032307/arnauddr/MiniCPBP/venv/lib/python3.11/site-packages/flask/app.py", line 917, in full_dispatch_request
    rv = self.dispatch_request()
         ^^^^^^^^^^^^^^^^^^^^^^^
  File "/lustre09/project/6032307/arnauddr/MiniCPBP/venv/lib/python3.11/site-packages/flask/app.py", line 902, in dispatch_request
    return self.ensure_sync(self.view_functions[rule.endpoint])(**view_args)  # type: ignore[no-any-return]
           ^^^^^^^^^^^^^^^^^^^^^^^^^^^^^^^^^^^^^^^^^^^^^^^^^^^^^^^^^^^^^^^^^
  File "/lustre09/project/6032307/arnauddr/MiniCPBP/server_mlm.py", line 147, in perplexity
    return {"perplexity": calculate_perplexity(sentence)}
                          ^^^^^^^^^^^^^^^^^^^^^^^^^^^^^^
  File "/lustre09/project/6032307/arnauddr/MiniCPBP/server_mlm.py", line 134, in calculate_perplexity
    with mutex:
TypeError: 'Lock' object does not support the context manager protocol
127.0.0.1 - - [30/Nov/2025 21:54:19] "[35m[1mPOST /perplexity HTTP/1.1[0m" 500 -
[2025-11-30 21:54:19,962] ERROR in app: Exception on /perplexity [POST]
Traceback (most recent call last):
  File "/lustre09/project/6032307/arnauddr/MiniCPBP/venv/lib/python3.11/site-packages/flask/app.py", line 1511, in wsgi_app
    response = self.full_dispatch_request()
               ^^^^^^^^^^^^^^^^^^^^^^^^^^^^
  File "/lustre09/project/6032307/arnauddr/MiniCPBP/venv/lib/python3.11/site-packages/flask/app.py", line 919, in full_dispatch_request
    rv = self.handle_user_exception(e)
         ^^^^^^^^^^^^^^^^^^^^^^^^^^^^^
  File "/lustre09/project/6032307/arnauddr/MiniCPBP/venv/lib/python3.11/site-packages/flask/app.py", line 917, in full_dispatch_request
    rv = self.dispatch_request()
         ^^^^^^^^^^^^^^^^^^^^^^^
  File "/lustre09/project/6032307/arnauddr/MiniCPBP/venv/lib/python3.11/site-packages/flask/app.py", line 902, in dispatch_request
    return self.ensure_sync(self.view_functions[rule.endpoint])(**view_args)  # type: ignore[no-any-return]
           ^^^^^^^^^^^^^^^^^^^^^^^^^^^^^^^^^^^^^^^^^^^^^^^^^^^^^^^^^^^^^^^^^
  File "/lustre09/project/6032307/arnauddr/MiniCPBP/server_mlm.py", line 147, in perplexity
    return {"perplexity": calculate_perplexity(sentence)}
                          ^^^^^^^^^^^^^^^^^^^^^^^^^^^^^^
  File "/lustre09/project/6032307/arnauddr/MiniCPBP/server_mlm.py", line 134, in calculate_perplexity
    with mutex:
TypeError: 'Lock' object does not support the context manager protocol
127.0.0.1 - - [30/Nov/2025 21:54:19] "[35m[1mPOST /perplexity HTTP/1.1[0m" 500 -
[2025-11-30 21:54:19,966] ERROR in app: Exception on /perplexity [POST]
Traceback (most recent call last):
  File "/lustre09/project/6032307/arnauddr/MiniCPBP/venv/lib/python3.11/site-packages/flask/app.py", line 1511, in wsgi_app
    response = self.full_dispatch_request()
               ^^^^^^^^^^^^^^^^^^^^^^^^^^^^
  File "/lustre09/project/6032307/arnauddr/MiniCPBP/venv/lib/python3.11/site-packages/flask/app.py", line 919, in full_dispatch_request
    rv = self.handle_user_exception(e)
         ^^^^^^^^^^^^^^^^^^^^^^^^^^^^^
  File "/lustre09/project/6032307/arnauddr/MiniCPBP/venv/lib/python3.11/site-packages/flask/app.py", line 917, in full_dispatch_request
    rv = self.dispatch_request()
         ^^^^^^^^^^^^^^^^^^^^^^^
  File "/lustre09/project/6032307/arnauddr/MiniCPBP/venv/lib/python3.11/site-packages/flask/app.py", line 902, in dispatch_request
    return self.ensure_sync(self.view_functions[rule.endpoint])(**view_args)  # type: ignore[no-any-return]
           ^^^^^^^^^^^^^^^^^^^^^^^^^^^^^^^^^^^^^^^^^^^^^^^^^^^^^^^^^^^^^^^^^
  File "/lustre09/project/6032307/arnauddr/MiniCPBP/server_mlm.py", line 147, in perplexity
    return {"perplexity": calculate_perplexity(sentence)}
                          ^^^^^^^^^^^^^^^^^^^^^^^^^^^^^^
  File "/lustre09/project/6032307/arnauddr/MiniCPBP/server_mlm.py", line 134, in calculate_perplexity
    with mutex:
TypeError: 'Lock' object does not support the context manager protocol
127.0.0.1 - - [30/Nov/2025 21:54:19] "[35m[1mPOST /perplexity HTTP/1.1[0m" 500 -
[2025-11-30 21:54:19,982] ERROR in app: Exception on /perplexity [POST]
Traceback (most recent call last):
  File "/lustre09/project/6032307/arnauddr/MiniCPBP/venv/lib/python3.11/site-packages/flask/app.py", line 1511, in wsgi_app
    response = self.full_dispatch_request()
               ^^^^^^^^^^^^^^^^^^^^^^^^^^^^
  File "/lustre09/project/6032307/arnauddr/MiniCPBP/venv/lib/python3.11/site-packages/flask/app.py", line 919, in full_dispatch_request
    rv = self.handle_user_exception(e)
         ^^^^^^^^^^^^^^^^^^^^^^^^^^^^^
  File "/lustre09/project/6032307/arnauddr/MiniCPBP/venv/lib/python3.11/site-packages/flask/app.py", line 917, in full_dispatch_request
    rv = self.dispatch_request()
         ^^^^^^^^^^^^^^^^^^^^^^^
  File "/lustre09/project/6032307/arnauddr/MiniCPBP/venv/lib/python3.11/site-packages/flask/app.py", line 902, in dispatch_request
    return self.ensure_sync(self.view_functions[rule.endpoint])(**view_args)  # type: ignore[no-any-return]
           ^^^^^^^^^^^^^^^^^^^^^^^^^^^^^^^^^^^^^^^^^^^^^^^^^^^^^^^^^^^^^^^^^
  File "/lustre09/project/6032307/arnauddr/MiniCPBP/server_mlm.py", line 147, in perplexity
    return {"perplexity": calculate_perplexity(sentence)}
                          ^^^^^^^^^^^^^^^^^^^^^^^^^^^^^^
  File "/lustre09/project/6032307/arnauddr/MiniCPBP/server_mlm.py", line 134, in calculate_perplexity
    with mutex:
TypeError: 'Lock' object does not support the context manager protocol
127.0.0.1 - - [30/Nov/2025 21:54:19] "[35m[1mPOST /perplexity HTTP/1.1[0m" 500 -
[2025-11-30 21:54:19,984] ERROR in app: Exception on /perplexity [POST]
Traceback (most recent call last):
  File "/lustre09/project/6032307/arnauddr/MiniCPBP/venv/lib/python3.11/site-packages/flask/app.py", line 1511, in wsgi_app
    response = self.full_dispatch_request()
               ^^^^^^^^^^^^^^^^^^^^^^^^^^^^
  File "/lustre09/project/6032307/arnauddr/MiniCPBP/venv/lib/python3.11/site-packages/flask/app.py", line 919, in full_dispatch_request
    rv = self.handle_user_exception(e)
         ^^^^^^^^^^^^^^^^^^^^^^^^^^^^^
  File "/lustre09/project/6032307/arnauddr/MiniCPBP/venv/lib/python3.11/site-packages/flask/app.py", line 917, in full_dispatch_request
    rv = self.dispatch_request()
         ^^^^^^^^^^^^^^^^^^^^^^^
  File "/lustre09/project/6032307/arnauddr/MiniCPBP/venv/lib/python3.11/site-packages/flask/app.py", line 902, in dispatch_request
    return self.ensure_sync(self.view_functions[rule.endpoint])(**view_args)  # type: ignore[no-any-return]
           ^^^^^^^^^^^^^^^^^^^^^^^^^^^^^^^^^^^^^^^^^^^^^^^^^^^^^^^^^^^^^^^^^
  File "/lustre09/project/6032307/arnauddr/MiniCPBP/server_mlm.py", line 147, in perplexity
    return {"perplexity": calculate_perplexity(sentence)}
                          ^^^^^^^^^^^^^^^^^^^^^^^^^^^^^^
  File "/lustre09/project/6032307/arnauddr/MiniCPBP/server_mlm.py", line 134, in calculate_perplexity
    with mutex:
TypeError: 'Lock' object does not support the context manager protocol
127.0.0.1 - - [30/Nov/2025 21:54:19] "[35m[1mPOST /perplexity HTTP/1.1[0m" 500 -
[2025-11-30 21:54:20,080] ERROR in app: Exception on /perplexity [POST]
Traceback (most recent call last):
  File "/lustre09/project/6032307/arnauddr/MiniCPBP/venv/lib/python3.11/site-packages/flask/app.py", line 1511, in wsgi_app
    response = self.full_dispatch_request()
               ^^^^^^^^^^^^^^^^^^^^^^^^^^^^
  File "/lustre09/project/6032307/arnauddr/MiniCPBP/venv/lib/python3.11/site-packages/flask/app.py", line 919, in full_dispatch_request
    rv = self.handle_user_exception(e)
         ^^^^^^^^^^^^^^^^^^^^^^^^^^^^^
  File "/lustre09/project/6032307/arnauddr/MiniCPBP/venv/lib/python3.11/site-packages/flask/app.py", line 917, in full_dispatch_request
    rv = self.dispatch_request()
         ^^^^^^^^^^^^^^^^^^^^^^^
  File "/lustre09/project/6032307/arnauddr/MiniCPBP/venv/lib/python3.11/site-packages/flask/app.py", line 902, in dispatch_request
    return self.ensure_sync(self.view_functions[rule.endpoint])(**view_args)  # type: ignore[no-any-return]
           ^^^^^^^^^^^^^^^^^^^^^^^^^^^^^^^^^^^^^^^^^^^^^^^^^^^^^^^^^^^^^^^^^
  File "/lustre09/project/6032307/arnauddr/MiniCPBP/server_mlm.py", line 147, in perplexity
    return {"perplexity": calculate_perplexity(sentence)}
                          ^^^^^^^^^^^^^^^^^^^^^^^^^^^^^^
  File "/lustre09/project/6032307/arnauddr/MiniCPBP/server_mlm.py", line 134, in calculate_perplexity
    with mutex:
TypeError: 'Lock' object does not support the context manager protocol
127.0.0.1 - - [30/Nov/2025 21:54:20] "[35m[1mPOST /perplexity HTTP/1.1[0m" 500 -
[2025-11-30 21:54:20,085] ERROR in app: Exception on /perplexity [POST]
Traceback (most recent call last):
  File "/lustre09/project/6032307/arnauddr/MiniCPBP/venv/lib/python3.11/site-packages/flask/app.py", line 1511, in wsgi_app
    response = self.full_dispatch_request()
               ^^^^^^^^^^^^^^^^^^^^^^^^^^^^
  File "/lustre09/project/6032307/arnauddr/MiniCPBP/venv/lib/python3.11/site-packages/flask/app.py", line 919, in full_dispatch_request
    rv = self.handle_user_exception(e)
         ^^^^^^^^^^^^^^^^^^^^^^^^^^^^^
  File "/lustre09/project/6032307/arnauddr/MiniCPBP/venv/lib/python3.11/site-packages/flask/app.py", line 917, in full_dispatch_request
    rv = self.dispatch_request()
         ^^^^^^^^^^^^^^^^^^^^^^^
  File "/lustre09/project/6032307/arnauddr/MiniCPBP/venv/lib/python3.11/site-packages/flask/app.py", line 902, in dispatch_request
    return self.ensure_sync(self.view_functions[rule.endpoint])(**view_args)  # type: ignore[no-any-return]
           ^^^^^^^^^^^^^^^^^^^^^^^^^^^^^^^^^^^^^^^^^^^^^^^^^^^^^^^^^^^^^^^^^
  File "/lustre09/project/6032307/arnauddr/MiniCPBP/server_mlm.py", line 147, in perplexity
    return {"perplexity": calculate_perplexity(sentence)}
                          ^^^^^^^^^^^^^^^^^^^^^^^^^^^^^^
  File "/lustre09/project/6032307/arnauddr/MiniCPBP/server_mlm.py", line 134, in calculate_perplexity
    with mutex:
TypeError: 'Lock' object does not support the context manager protocol
127.0.0.1 - - [30/Nov/2025 21:54:20] "[35m[1mPOST /perplexity HTTP/1.1[0m" 500 -
[2025-11-30 21:54:20,090] ERROR in app: Exception on /perplexity [POST]
Traceback (most recent call last):
  File "/lustre09/project/6032307/arnauddr/MiniCPBP/venv/lib/python3.11/site-packages/flask/app.py", line 1511, in wsgi_app
    response = self.full_dispatch_request()
               ^^^^^^^^^^^^^^^^^^^^^^^^^^^^
  File "/lustre09/project/6032307/arnauddr/MiniCPBP/venv/lib/python3.11/site-packages/flask/app.py", line 919, in full_dispatch_request
    rv = self.handle_user_exception(e)
         ^^^^^^^^^^^^^^^^^^^^^^^^^^^^^
  File "/lustre09/project/6032307/arnauddr/MiniCPBP/venv/lib/python3.11/site-packages/flask/app.py", line 917, in full_dispatch_request
    rv = self.dispatch_request()
         ^^^^^^^^^^^^^^^^^^^^^^^
  File "/lustre09/project/6032307/arnauddr/MiniCPBP/venv/lib/python3.11/site-packages/flask/app.py", line 902, in dispatch_request
    return self.ensure_sync(self.view_functions[rule.endpoint])(**view_args)  # type: ignore[no-any-return]
           ^^^^^^^^^^^^^^^^^^^^^^^^^^^^^^^^^^^^^^^^^^^^^^^^^^^^^^^^^^^^^^^^^
  File "/lustre09/project/6032307/arnauddr/MiniCPBP/server_mlm.py", line 147, in perplexity
    return {"perplexity": calculate_perplexity(sentence)}
                          ^^^^^^^^^^^^^^^^^^^^^^^^^^^^^^
  File "/lustre09/project/6032307/arnauddr/MiniCPBP/server_mlm.py", line 134, in calculate_perplexity
    with mutex:
TypeError: 'Lock' object does not support the context manager protocol
127.0.0.1 - - [30/Nov/2025 21:54:20] "[35m[1mPOST /perplexity HTTP/1.1[0m" 500 -
[2025-11-30 21:54:20,100] ERROR in app: Exception on /perplexity [POST]
Traceback (most recent call last):
  File "/lustre09/project/6032307/arnauddr/MiniCPBP/venv/lib/python3.11/site-packages/flask/app.py", line 1511, in wsgi_app
    response = self.full_dispatch_request()
               ^^^^^^^^^^^^^^^^^^^^^^^^^^^^
  File "/lustre09/project/6032307/arnauddr/MiniCPBP/venv/lib/python3.11/site-packages/flask/app.py", line 919, in full_dispatch_request
    rv = self.handle_user_exception(e)
         ^^^^^^^^^^^^^^^^^^^^^^^^^^^^^
  File "/lustre09/project/6032307/arnauddr/MiniCPBP/venv/lib/python3.11/site-packages/flask/app.py", line 917, in full_dispatch_request
    rv = self.dispatch_request()
         ^^^^^^^^^^^^^^^^^^^^^^^
  File "/lustre09/project/6032307/arnauddr/MiniCPBP/venv/lib/python3.11/site-packages/flask/app.py", line 902, in dispatch_request
    return self.ensure_sync(self.view_functions[rule.endpoint])(**view_args)  # type: ignore[no-any-return]
           ^^^^^^^^^^^^^^^^^^^^^^^^^^^^^^^^^^^^^^^^^^^^^^^^^^^^^^^^^^^^^^^^^
  File "/lustre09/project/6032307/arnauddr/MiniCPBP/server_mlm.py", line 147, in perplexity
    return {"perplexity": calculate_perplexity(sentence)}
                          ^^^^^^^^^^^^^^^^^^^^^^^^^^^^^^
  File "/lustre09/project/6032307/arnauddr/MiniCPBP/server_mlm.py", line 134, in calculate_perplexity
    with mutex:
TypeError: 'Lock' object does not support the context manager protocol
127.0.0.1 - - [30/Nov/2025 21:54:20] "[35m[1mPOST /perplexity HTTP/1.1[0m" 500 -
[2025-11-30 21:54:20,104] ERROR in app: Exception on /perplexity [POST]
Traceback (most recent call last):
  File "/lustre09/project/6032307/arnauddr/MiniCPBP/venv/lib/python3.11/site-packages/flask/app.py", line 1511, in wsgi_app
    response = self.full_dispatch_request()
               ^^^^^^^^^^^^^^^^^^^^^^^^^^^^
  File "/lustre09/project/6032307/arnauddr/MiniCPBP/venv/lib/python3.11/site-packages/flask/app.py", line 919, in full_dispatch_request
    rv = self.handle_user_exception(e)
         ^^^^^^^^^^^^^^^^^^^^^^^^^^^^^
  File "/lustre09/project/6032307/arnauddr/MiniCPBP/venv/lib/python3.11/site-packages/flask/app.py", line 917, in full_dispatch_request
    rv = self.dispatch_request()
         ^^^^^^^^^^^^^^^^^^^^^^^
  File "/lustre09/project/6032307/arnauddr/MiniCPBP/venv/lib/python3.11/site-packages/flask/app.py", line 902, in dispatch_request
    return self.ensure_sync(self.view_functions[rule.endpoint])(**view_args)  # type: ignore[no-any-return]
           ^^^^^^^^^^^^^^^^^^^^^^^^^^^^^^^^^^^^^^^^^^^^^^^^^^^^^^^^^^^^^^^^^
  File "/lustre09/project/6032307/arnauddr/MiniCPBP/server_mlm.py", line 147, in perplexity
    return {"perplexity": calculate_perplexity(sentence)}
                          ^^^^^^^^^^^^^^^^^^^^^^^^^^^^^^
  File "/lustre09/project/6032307/arnauddr/MiniCPBP/server_mlm.py", line 134, in calculate_perplexity
    with mutex:
TypeError: 'Lock' object does not support the context manager protocol
127.0.0.1 - - [30/Nov/2025 21:54:20] "[35m[1mPOST /perplexity HTTP/1.1[0m" 500 -
[2025-11-30 21:54:20,121] ERROR in app: Exception on /perplexity [POST]
Traceback (most recent call last):
  File "/lustre09/project/6032307/arnauddr/MiniCPBP/venv/lib/python3.11/site-packages/flask/app.py", line 1511, in wsgi_app
    response = self.full_dispatch_request()
               ^^^^^^^^^^^^^^^^^^^^^^^^^^^^
  File "/lustre09/project/6032307/arnauddr/MiniCPBP/venv/lib/python3.11/site-packages/flask/app.py", line 919, in full_dispatch_request
    rv = self.handle_user_exception(e)
         ^^^^^^^^^^^^^^^^^^^^^^^^^^^^^
  File "/lustre09/project/6032307/arnauddr/MiniCPBP/venv/lib/python3.11/site-packages/flask/app.py", line 917, in full_dispatch_request
    rv = self.dispatch_request()
         ^^^^^^^^^^^^^^^^^^^^^^^
  File "/lustre09/project/6032307/arnauddr/MiniCPBP/venv/lib/python3.11/site-packages/flask/app.py", line 902, in dispatch_request
    return self.ensure_sync(self.view_functions[rule.endpoint])(**view_args)  # type: ignore[no-any-return]
           ^^^^^^^^^^^^^^^^^^^^^^^^^^^^^^^^^^^^^^^^^^^^^^^^^^^^^^^^^^^^^^^^^
  File "/lustre09/project/6032307/arnauddr/MiniCPBP/server_mlm.py", line 147, in perplexity
    return {"perplexity": calculate_perplexity(sentence)}
                          ^^^^^^^^^^^^^^^^^^^^^^^^^^^^^^
  File "/lustre09/project/6032307/arnauddr/MiniCPBP/server_mlm.py", line 134, in calculate_perplexity
    with mutex:
TypeError: 'Lock' object does not support the context manager protocol
127.0.0.1 - - [30/Nov/2025 21:54:20] "[35m[1mPOST /perplexity HTTP/1.1[0m" 500 -
[2025-11-30 21:54:20,129] ERROR in app: Exception on /perplexity [POST]
Traceback (most recent call last):
  File "/lustre09/project/6032307/arnauddr/MiniCPBP/venv/lib/python3.11/site-packages/flask/app.py", line 1511, in wsgi_app
    response = self.full_dispatch_request()
               ^^^^^^^^^^^^^^^^^^^^^^^^^^^^
  File "/lustre09/project/6032307/arnauddr/MiniCPBP/venv/lib/python3.11/site-packages/flask/app.py", line 919, in full_dispatch_request
    rv = self.handle_user_exception(e)
         ^^^^^^^^^^^^^^^^^^^^^^^^^^^^^
  File "/lustre09/project/6032307/arnauddr/MiniCPBP/venv/lib/python3.11/site-packages/flask/app.py", line 917, in full_dispatch_request
    rv = self.dispatch_request()
         ^^^^^^^^^^^^^^^^^^^^^^^
  File "/lustre09/project/6032307/arnauddr/MiniCPBP/venv/lib/python3.11/site-packages/flask/app.py", line 902, in dispatch_request
    return self.ensure_sync(self.view_functions[rule.endpoint])(**view_args)  # type: ignore[no-any-return]
           ^^^^^^^^^^^^^^^^^^^^^^^^^^^^^^^^^^^^^^^^^^^^^^^^^^^^^^^^^^^^^^^^^
  File "/lustre09/project/6032307/arnauddr/MiniCPBP/server_mlm.py", line 147, in perplexity
    return {"perplexity": calculate_perplexity(sentence)}
                          ^^^^^^^^^^^^^^^^^^^^^^^^^^^^^^
  File "/lustre09/project/6032307/arnauddr/MiniCPBP/server_mlm.py", line 134, in calculate_perplexity
    with mutex:
TypeError: 'Lock' object does not support the context manager protocol
127.0.0.1 - - [30/Nov/2025 21:54:20] "[35m[1mPOST /perplexity HTTP/1.1[0m" 500 -
[2025-11-30 21:54:20,150] ERROR in app: Exception on /perplexity [POST]
Traceback (most recent call last):
  File "/lustre09/project/6032307/arnauddr/MiniCPBP/venv/lib/python3.11/site-packages/flask/app.py", line 1511, in wsgi_app
    response = self.full_dispatch_request()
               ^^^^^^^^^^^^^^^^^^^^^^^^^^^^
  File "/lustre09/project/6032307/arnauddr/MiniCPBP/venv/lib/python3.11/site-packages/flask/app.py", line 919, in full_dispatch_request
    rv = self.handle_user_exception(e)
         ^^^^^^^^^^^^^^^^^^^^^^^^^^^^^
  File "/lustre09/project/6032307/arnauddr/MiniCPBP/venv/lib/python3.11/site-packages/flask/app.py", line 917, in full_dispatch_request
    rv = self.dispatch_request()
         ^^^^^^^^^^^^^^^^^^^^^^^
  File "/lustre09/project/6032307/arnauddr/MiniCPBP/venv/lib/python3.11/site-packages/flask/app.py", line 902, in dispatch_request
    return self.ensure_sync(self.view_functions[rule.endpoint])(**view_args)  # type: ignore[no-any-return]
           ^^^^^^^^^^^^^^^^^^^^^^^^^^^^^^^^^^^^^^^^^^^^^^^^^^^^^^^^^^^^^^^^^
  File "/lustre09/project/6032307/arnauddr/MiniCPBP/server_mlm.py", line 147, in perplexity
    return {"perplexity": calculate_perplexity(sentence)}
                          ^^^^^^^^^^^^^^^^^^^^^^^^^^^^^^
  File "/lustre09/project/6032307/arnauddr/MiniCPBP/server_mlm.py", line 134, in calculate_perplexity
    with mutex:
TypeError: 'Lock' object does not support the context manager protocol
127.0.0.1 - - [30/Nov/2025 21:54:20] "[35m[1mPOST /perplexity HTTP/1.1[0m" 500 -
[2025-11-30 21:54:20,151] ERROR in app: Exception on /perplexity [POST]
Traceback (most recent call last):
  File "/lustre09/project/6032307/arnauddr/MiniCPBP/venv/lib/python3.11/site-packages/flask/app.py", line 1511, in wsgi_app
    response = self.full_dispatch_request()
               ^^^^^^^^^^^^^^^^^^^^^^^^^^^^
  File "/lustre09/project/6032307/arnauddr/MiniCPBP/venv/lib/python3.11/site-packages/flask/app.py", line 919, in full_dispatch_request
    rv = self.handle_user_exception(e)
         ^^^^^^^^^^^^^^^^^^^^^^^^^^^^^
  File "/lustre09/project/6032307/arnauddr/MiniCPBP/venv/lib/python3.11/site-packages/flask/app.py", line 917, in full_dispatch_request
    rv = self.dispatch_request()
         ^^^^^^^^^^^^^^^^^^^^^^^
  File "/lustre09/project/6032307/arnauddr/MiniCPBP/venv/lib/python3.11/site-packages/flask/app.py", line 902, in dispatch_request
    return self.ensure_sync(self.view_functions[rule.endpoint])(**view_args)  # type: ignore[no-any-return]
           ^^^^^^^^^^^^^^^^^^^^^^^^^^^^^^^^^^^^^^^^^^^^^^^^^^^^^^^^^^^^^^^^^
  File "/lustre09/project/6032307/arnauddr/MiniCPBP/server_mlm.py", line 147, in perplexity
    return {"perplexity": calculate_perplexity(sentence)}
                          ^^^^^^^^^^^^^^^^^^^^^^^^^^^^^^
  File "/lustre09/project/6032307/arnauddr/MiniCPBP/server_mlm.py", line 134, in calculate_perplexity
    with mutex:
TypeError: 'Lock' object does not support the context manager protocol
127.0.0.1 - - [30/Nov/2025 21:54:20] "[35m[1mPOST /perplexity HTTP/1.1[0m" 500 -
[2025-11-30 21:54:20,157] ERROR in app: Exception on /perplexity [POST]
Traceback (most recent call last):
  File "/lustre09/project/6032307/arnauddr/MiniCPBP/venv/lib/python3.11/site-packages/flask/app.py", line 1511, in wsgi_app
    response = self.full_dispatch_request()
               ^^^^^^^^^^^^^^^^^^^^^^^^^^^^
  File "/lustre09/project/6032307/arnauddr/MiniCPBP/venv/lib/python3.11/site-packages/flask/app.py", line 919, in full_dispatch_request
    rv = self.handle_user_exception(e)
         ^^^^^^^^^^^^^^^^^^^^^^^^^^^^^
  File "/lustre09/project/6032307/arnauddr/MiniCPBP/venv/lib/python3.11/site-packages/flask/app.py", line 917, in full_dispatch_request
    rv = self.dispatch_request()
         ^^^^^^^^^^^^^^^^^^^^^^^
  File "/lustre09/project/6032307/arnauddr/MiniCPBP/venv/lib/python3.11/site-packages/flask/app.py", line 902, in dispatch_request
    return self.ensure_sync(self.view_functions[rule.endpoint])(**view_args)  # type: ignore[no-any-return]
           ^^^^^^^^^^^^^^^^^^^^^^^^^^^^^^^^^^^^^^^^^^^^^^^^^^^^^^^^^^^^^^^^^
  File "/lustre09/project/6032307/arnauddr/MiniCPBP/server_mlm.py", line 147, in perplexity
    return {"perplexity": calculate_perplexity(sentence)}
                          ^^^^^^^^^^^^^^^^^^^^^^^^^^^^^^
  File "/lustre09/project/6032307/arnauddr/MiniCPBP/server_mlm.py", line 134, in calculate_perplexity
    with mutex:
TypeError: 'Lock' object does not support the context manager protocol
127.0.0.1 - - [30/Nov/2025 21:54:20] "[35m[1mPOST /perplexity HTTP/1.1[0m" 500 -
[2025-11-30 21:54:20,162] ERROR in app: Exception on /perplexity [POST]
Traceback (most recent call last):
  File "/lustre09/project/6032307/arnauddr/MiniCPBP/venv/lib/python3.11/site-packages/flask/app.py", line 1511, in wsgi_app
    response = self.full_dispatch_request()
               ^^^^^^^^^^^^^^^^^^^^^^^^^^^^
  File "/lustre09/project/6032307/arnauddr/MiniCPBP/venv/lib/python3.11/site-packages/flask/app.py", line 919, in full_dispatch_request
    rv = self.handle_user_exception(e)
         ^^^^^^^^^^^^^^^^^^^^^^^^^^^^^
  File "/lustre09/project/6032307/arnauddr/MiniCPBP/venv/lib/python3.11/site-packages/flask/app.py", line 917, in full_dispatch_request
    rv = self.dispatch_request()
         ^^^^^^^^^^^^^^^^^^^^^^^
  File "/lustre09/project/6032307/arnauddr/MiniCPBP/venv/lib/python3.11/site-packages/flask/app.py", line 902, in dispatch_request
    return self.ensure_sync(self.view_functions[rule.endpoint])(**view_args)  # type: ignore[no-any-return]
           ^^^^^^^^^^^^^^^^^^^^^^^^^^^^^^^^^^^^^^^^^^^^^^^^^^^^^^^^^^^^^^^^^
  File "/lustre09/project/6032307/arnauddr/MiniCPBP/server_mlm.py", line 147, in perplexity
    return {"perplexity": calculate_perplexity(sentence)}
                          ^^^^^^^^^^^^^^^^^^^^^^^^^^^^^^
  File "/lustre09/project/6032307/arnauddr/MiniCPBP/server_mlm.py", line 134, in calculate_perplexity
    with mutex:
TypeError: 'Lock' object does not support the context manager protocol
127.0.0.1 - - [30/Nov/2025 21:54:20] "[35m[1mPOST /perplexity HTTP/1.1[0m" 500 -
[2025-11-30 21:54:20,183] ERROR in app: Exception on /perplexity [POST]
Traceback (most recent call last):
  File "/lustre09/project/6032307/arnauddr/MiniCPBP/venv/lib/python3.11/site-packages/flask/app.py", line 1511, in wsgi_app
    response = self.full_dispatch_request()
               ^^^^^^^^^^^^^^^^^^^^^^^^^^^^
  File "/lustre09/project/6032307/arnauddr/MiniCPBP/venv/lib/python3.11/site-packages/flask/app.py", line 919, in full_dispatch_request
    rv = self.handle_user_exception(e)
         ^^^^^^^^^^^^^^^^^^^^^^^^^^^^^
  File "/lustre09/project/6032307/arnauddr/MiniCPBP/venv/lib/python3.11/site-packages/flask/app.py", line 917, in full_dispatch_request
    rv = self.dispatch_request()
         ^^^^^^^^^^^^^^^^^^^^^^^
  File "/lustre09/project/6032307/arnauddr/MiniCPBP/venv/lib/python3.11/site-packages/flask/app.py", line 902, in dispatch_request
    return self.ensure_sync(self.view_functions[rule.endpoint])(**view_args)  # type: ignore[no-any-return]
           ^^^^^^^^^^^^^^^^^^^^^^^^^^^^^^^^^^^^^^^^^^^^^^^^^^^^^^^^^^^^^^^^^
  File "/lustre09/project/6032307/arnauddr/MiniCPBP/server_mlm.py", line 147, in perplexity
    return {"perplexity": calculate_perplexity(sentence)}
                          ^^^^^^^^^^^^^^^^^^^^^^^^^^^^^^
  File "/lustre09/project/6032307/arnauddr/MiniCPBP/server_mlm.py", line 134, in calculate_perplexity
    with mutex:
TypeError: 'Lock' object does not support the context manager protocol
127.0.0.1 - - [30/Nov/2025 21:54:20] "[35m[1mPOST /perplexity HTTP/1.1[0m" 500 -
[2025-11-30 21:54:20,196] ERROR in app: Exception on /perplexity [POST]
Traceback (most recent call last):
  File "/lustre09/project/6032307/arnauddr/MiniCPBP/venv/lib/python3.11/site-packages/flask/app.py", line 1511, in wsgi_app
    response = self.full_dispatch_request()
               ^^^^^^^^^^^^^^^^^^^^^^^^^^^^
  File "/lustre09/project/6032307/arnauddr/MiniCPBP/venv/lib/python3.11/site-packages/flask/app.py", line 919, in full_dispatch_request
    rv = self.handle_user_exception(e)
         ^^^^^^^^^^^^^^^^^^^^^^^^^^^^^
  File "/lustre09/project/6032307/arnauddr/MiniCPBP/venv/lib/python3.11/site-packages/flask/app.py", line 917, in full_dispatch_request
    rv = self.dispatch_request()
         ^^^^^^^^^^^^^^^^^^^^^^^
  File "/lustre09/project/6032307/arnauddr/MiniCPBP/venv/lib/python3.11/site-packages/flask/app.py", line 902, in dispatch_request
    return self.ensure_sync(self.view_functions[rule.endpoint])(**view_args)  # type: ignore[no-any-return]
           ^^^^^^^^^^^^^^^^^^^^^^^^^^^^^^^^^^^^^^^^^^^^^^^^^^^^^^^^^^^^^^^^^
  File "/lustre09/project/6032307/arnauddr/MiniCPBP/server_mlm.py", line 147, in perplexity
    return {"perplexity": calculate_perplexity(sentence)}
                          ^^^^^^^^^^^^^^^^^^^^^^^^^^^^^^
  File "/lustre09/project/6032307/arnauddr/MiniCPBP/server_mlm.py", line 134, in calculate_perplexity
    with mutex:
TypeError: 'Lock' object does not support the context manager protocol
127.0.0.1 - - [30/Nov/2025 21:54:20] "[35m[1mPOST /perplexity HTTP/1.1[0m" 500 -
[2025-11-30 21:54:20,224] ERROR in app: Exception on /perplexity [POST]
Traceback (most recent call last):
  File "/lustre09/project/6032307/arnauddr/MiniCPBP/venv/lib/python3.11/site-packages/flask/app.py", line 1511, in wsgi_app
    response = self.full_dispatch_request()
               ^^^^^^^^^^^^^^^^^^^^^^^^^^^^
  File "/lustre09/project/6032307/arnauddr/MiniCPBP/venv/lib/python3.11/site-packages/flask/app.py", line 919, in full_dispatch_request
    rv = self.handle_user_exception(e)
         ^^^^^^^^^^^^^^^^^^^^^^^^^^^^^
  File "/lustre09/project/6032307/arnauddr/MiniCPBP/venv/lib/python3.11/site-packages/flask/app.py", line 917, in full_dispatch_request
    rv = self.dispatch_request()
         ^^^^^^^^^^^^^^^^^^^^^^^
  File "/lustre09/project/6032307/arnauddr/MiniCPBP/venv/lib/python3.11/site-packages/flask/app.py", line 902, in dispatch_request
    return self.ensure_sync(self.view_functions[rule.endpoint])(**view_args)  # type: ignore[no-any-return]
           ^^^^^^^^^^^^^^^^^^^^^^^^^^^^^^^^^^^^^^^^^^^^^^^^^^^^^^^^^^^^^^^^^
  File "/lustre09/project/6032307/arnauddr/MiniCPBP/server_mlm.py", line 147, in perplexity
    return {"perplexity": calculate_perplexity(sentence)}
                          ^^^^^^^^^^^^^^^^^^^^^^^^^^^^^^
  File "/lustre09/project/6032307/arnauddr/MiniCPBP/server_mlm.py", line 134, in calculate_perplexity
    with mutex:
TypeError: 'Lock' object does not support the context manager protocol
127.0.0.1 - - [30/Nov/2025 21:54:20] "[35m[1mPOST /perplexity HTTP/1.1[0m" 500 -
[2025-11-30 21:54:20,302] ERROR in app: Exception on /perplexity [POST]
Traceback (most recent call last):
  File "/lustre09/project/6032307/arnauddr/MiniCPBP/venv/lib/python3.11/site-packages/flask/app.py", line 1511, in wsgi_app
    response = self.full_dispatch_request()
               ^^^^^^^^^^^^^^^^^^^^^^^^^^^^
  File "/lustre09/project/6032307/arnauddr/MiniCPBP/venv/lib/python3.11/site-packages/flask/app.py", line 919, in full_dispatch_request
    rv = self.handle_user_exception(e)
         ^^^^^^^^^^^^^^^^^^^^^^^^^^^^^
  File "/lustre09/project/6032307/arnauddr/MiniCPBP/venv/lib/python3.11/site-packages/flask/app.py", line 917, in full_dispatch_request
    rv = self.dispatch_request()
         ^^^^^^^^^^^^^^^^^^^^^^^
  File "/lustre09/project/6032307/arnauddr/MiniCPBP/venv/lib/python3.11/site-packages/flask/app.py", line 902, in dispatch_request
    return self.ensure_sync(self.view_functions[rule.endpoint])(**view_args)  # type: ignore[no-any-return]
           ^^^^^^^^^^^^^^^^^^^^^^^^^^^^^^^^^^^^^^^^^^^^^^^^^^^^^^^^^^^^^^^^^
  File "/lustre09/project/6032307/arnauddr/MiniCPBP/server_mlm.py", line 147, in perplexity
    return {"perplexity": calculate_perplexity(sentence)}
                          ^^^^^^^^^^^^^^^^^^^^^^^^^^^^^^
  File "/lustre09/project/6032307/arnauddr/MiniCPBP/server_mlm.py", line 134, in calculate_perplexity
    with mutex:
TypeError: 'Lock' object does not support the context manager protocol
127.0.0.1 - - [30/Nov/2025 21:54:20] "[35m[1mPOST /perplexity HTTP/1.1[0m" 500 -
[2025-11-30 21:54:20,308] ERROR in app: Exception on /perplexity [POST]
Traceback (most recent call last):
  File "/lustre09/project/6032307/arnauddr/MiniCPBP/venv/lib/python3.11/site-packages/flask/app.py", line 1511, in wsgi_app
    response = self.full_dispatch_request()
               ^^^^^^^^^^^^^^^^^^^^^^^^^^^^
  File "/lustre09/project/6032307/arnauddr/MiniCPBP/venv/lib/python3.11/site-packages/flask/app.py", line 919, in full_dispatch_request
    rv = self.handle_user_exception(e)
         ^^^^^^^^^^^^^^^^^^^^^^^^^^^^^
  File "/lustre09/project/6032307/arnauddr/MiniCPBP/venv/lib/python3.11/site-packages/flask/app.py", line 917, in full_dispatch_request
    rv = self.dispatch_request()
         ^^^^^^^^^^^^^^^^^^^^^^^
  File "/lustre09/project/6032307/arnauddr/MiniCPBP/venv/lib/python3.11/site-packages/flask/app.py", line 902, in dispatch_request
    return self.ensure_sync(self.view_functions[rule.endpoint])(**view_args)  # type: ignore[no-any-return]
           ^^^^^^^^^^^^^^^^^^^^^^^^^^^^^^^^^^^^^^^^^^^^^^^^^^^^^^^^^^^^^^^^^
  File "/lustre09/project/6032307/arnauddr/MiniCPBP/server_mlm.py", line 147, in perplexity
    return {"perplexity": calculate_perplexity(sentence)}
                          ^^^^^^^^^^^^^^^^^^^^^^^^^^^^^^
  File "/lustre09/project/6032307/arnauddr/MiniCPBP/server_mlm.py", line 134, in calculate_perplexity
    with mutex:
TypeError: 'Lock' object does not support the context manager protocol
127.0.0.1 - - [30/Nov/2025 21:54:20] "[35m[1mPOST /perplexity HTTP/1.1[0m" 500 -
[2025-11-30 21:54:20,310] ERROR in app: Exception on /perplexity [POST]
Traceback (most recent call last):
  File "/lustre09/project/6032307/arnauddr/MiniCPBP/venv/lib/python3.11/site-packages/flask/app.py", line 1511, in wsgi_app
    response = self.full_dispatch_request()
               ^^^^^^^^^^^^^^^^^^^^^^^^^^^^
  File "/lustre09/project/6032307/arnauddr/MiniCPBP/venv/lib/python3.11/site-packages/flask/app.py", line 919, in full_dispatch_request
    rv = self.handle_user_exception(e)
         ^^^^^^^^^^^^^^^^^^^^^^^^^^^^^
  File "/lustre09/project/6032307/arnauddr/MiniCPBP/venv/lib/python3.11/site-packages/flask/app.py", line 917, in full_dispatch_request
    rv = self.dispatch_request()
         ^^^^^^^^^^^^^^^^^^^^^^^
  File "/lustre09/project/6032307/arnauddr/MiniCPBP/venv/lib/python3.11/site-packages/flask/app.py", line 902, in dispatch_request
    return self.ensure_sync(self.view_functions[rule.endpoint])(**view_args)  # type: ignore[no-any-return]
           ^^^^^^^^^^^^^^^^^^^^^^^^^^^^^^^^^^^^^^^^^^^^^^^^^^^^^^^^^^^^^^^^^
  File "/lustre09/project/6032307/arnauddr/MiniCPBP/server_mlm.py", line 147, in perplexity
    return {"perplexity": calculate_perplexity(sentence)}
                          ^^^^^^^^^^^^^^^^^^^^^^^^^^^^^^
  File "/lustre09/project/6032307/arnauddr/MiniCPBP/server_mlm.py", line 134, in calculate_perplexity
    with mutex:
TypeError: 'Lock' object does not support the context manager protocol
127.0.0.1 - - [30/Nov/2025 21:54:20] "[35m[1mPOST /perplexity HTTP/1.1[0m" 500 -
[2025-11-30 21:54:20,321] ERROR in app: Exception on /perplexity [POST]
Traceback (most recent call last):
  File "/lustre09/project/6032307/arnauddr/MiniCPBP/venv/lib/python3.11/site-packages/flask/app.py", line 1511, in wsgi_app
    response = self.full_dispatch_request()
               ^^^^^^^^^^^^^^^^^^^^^^^^^^^^
  File "/lustre09/project/6032307/arnauddr/MiniCPBP/venv/lib/python3.11/site-packages/flask/app.py", line 919, in full_dispatch_request
    rv = self.handle_user_exception(e)
         ^^^^^^^^^^^^^^^^^^^^^^^^^^^^^
  File "/lustre09/project/6032307/arnauddr/MiniCPBP/venv/lib/python3.11/site-packages/flask/app.py", line 917, in full_dispatch_request
    rv = self.dispatch_request()
         ^^^^^^^^^^^^^^^^^^^^^^^
  File "/lustre09/project/6032307/arnauddr/MiniCPBP/venv/lib/python3.11/site-packages/flask/app.py", line 902, in dispatch_request
    return self.ensure_sync(self.view_functions[rule.endpoint])(**view_args)  # type: ignore[no-any-return]
           ^^^^^^^^^^^^^^^^^^^^^^^^^^^^^^^^^^^^^^^^^^^^^^^^^^^^^^^^^^^^^^^^^
  File "/lustre09/project/6032307/arnauddr/MiniCPBP/server_mlm.py", line 147, in perplexity
    return {"perplexity": calculate_perplexity(sentence)}
                          ^^^^^^^^^^^^^^^^^^^^^^^^^^^^^^
  File "/lustre09/project/6032307/arnauddr/MiniCPBP/server_mlm.py", line 134, in calculate_perplexity
    with mutex:
TypeError: 'Lock' object does not support the context manager protocol
127.0.0.1 - - [30/Nov/2025 21:54:20] "[35m[1mPOST /perplexity HTTP/1.1[0m" 500 -
[2025-11-30 21:54:20,322] ERROR in app: Exception on /perplexity [POST]
Traceback (most recent call last):
  File "/lustre09/project/6032307/arnauddr/MiniCPBP/venv/lib/python3.11/site-packages/flask/app.py", line 1511, in wsgi_app
    response = self.full_dispatch_request()
               ^^^^^^^^^^^^^^^^^^^^^^^^^^^^
  File "/lustre09/project/6032307/arnauddr/MiniCPBP/venv/lib/python3.11/site-packages/flask/app.py", line 919, in full_dispatch_request
    rv = self.handle_user_exception(e)
         ^^^^^^^^^^^^^^^^^^^^^^^^^^^^^
  File "/lustre09/project/6032307/arnauddr/MiniCPBP/venv/lib/python3.11/site-packages/flask/app.py", line 917, in full_dispatch_request
    rv = self.dispatch_request()
         ^^^^^^^^^^^^^^^^^^^^^^^
  File "/lustre09/project/6032307/arnauddr/MiniCPBP/venv/lib/python3.11/site-packages/flask/app.py", line 902, in dispatch_request
    return self.ensure_sync(self.view_functions[rule.endpoint])(**view_args)  # type: ignore[no-any-return]
           ^^^^^^^^^^^^^^^^^^^^^^^^^^^^^^^^^^^^^^^^^^^^^^^^^^^^^^^^^^^^^^^^^
  File "/lustre09/project/6032307/arnauddr/MiniCPBP/server_mlm.py", line 147, in perplexity
    return {"perplexity": calculate_perplexity(sentence)}
                          ^^^^^^^^^^^^^^^^^^^^^^^^^^^^^^
  File "/lustre09/project/6032307/arnauddr/MiniCPBP/server_mlm.py", line 134, in calculate_perplexity
    with mutex:
TypeError: 'Lock' object does not support the context manager protocol
127.0.0.1 - - [30/Nov/2025 21:54:20] "[35m[1mPOST /perplexity HTTP/1.1[0m" 500 -
[2025-11-30 21:54:20,324] ERROR in app: Exception on /perplexity [POST]
Traceback (most recent call last):
  File "/lustre09/project/6032307/arnauddr/MiniCPBP/venv/lib/python3.11/site-packages/flask/app.py", line 1511, in wsgi_app
    response = self.full_dispatch_request()
               ^^^^^^^^^^^^^^^^^^^^^^^^^^^^
  File "/lustre09/project/6032307/arnauddr/MiniCPBP/venv/lib/python3.11/site-packages/flask/app.py", line 919, in full_dispatch_request
    rv = self.handle_user_exception(e)
         ^^^^^^^^^^^^^^^^^^^^^^^^^^^^^
  File "/lustre09/project/6032307/arnauddr/MiniCPBP/venv/lib/python3.11/site-packages/flask/app.py", line 917, in full_dispatch_request
    rv = self.dispatch_request()
         ^^^^^^^^^^^^^^^^^^^^^^^
  File "/lustre09/project/6032307/arnauddr/MiniCPBP/venv/lib/python3.11/site-packages/flask/app.py", line 902, in dispatch_request
    return self.ensure_sync(self.view_functions[rule.endpoint])(**view_args)  # type: ignore[no-any-return]
           ^^^^^^^^^^^^^^^^^^^^^^^^^^^^^^^^^^^^^^^^^^^^^^^^^^^^^^^^^^^^^^^^^
  File "/lustre09/project/6032307/arnauddr/MiniCPBP/server_mlm.py", line 147, in perplexity
    return {"perplexity": calculate_perplexity(sentence)}
                          ^^^^^^^^^^^^^^^^^^^^^^^^^^^^^^
  File "/lustre09/project/6032307/arnauddr/MiniCPBP/server_mlm.py", line 134, in calculate_perplexity
    with mutex:
TypeError: 'Lock' object does not support the context manager protocol
127.0.0.1 - - [30/Nov/2025 21:54:20] "[35m[1mPOST /perplexity HTTP/1.1[0m" 500 -
[2025-11-30 21:54:20,336] ERROR in app: Exception on /perplexity [POST]
Traceback (most recent call last):
  File "/lustre09/project/6032307/arnauddr/MiniCPBP/venv/lib/python3.11/site-packages/flask/app.py", line 1511, in wsgi_app
    response = self.full_dispatch_request()
               ^^^^^^^^^^^^^^^^^^^^^^^^^^^^
  File "/lustre09/project/6032307/arnauddr/MiniCPBP/venv/lib/python3.11/site-packages/flask/app.py", line 919, in full_dispatch_request
    rv = self.handle_user_exception(e)
         ^^^^^^^^^^^^^^^^^^^^^^^^^^^^^
  File "/lustre09/project/6032307/arnauddr/MiniCPBP/venv/lib/python3.11/site-packages/flask/app.py", line 917, in full_dispatch_request
    rv = self.dispatch_request()
         ^^^^^^^^^^^^^^^^^^^^^^^
  File "/lustre09/project/6032307/arnauddr/MiniCPBP/venv/lib/python3.11/site-packages/flask/app.py", line 902, in dispatch_request
    return self.ensure_sync(self.view_functions[rule.endpoint])(**view_args)  # type: ignore[no-any-return]
           ^^^^^^^^^^^^^^^^^^^^^^^^^^^^^^^^^^^^^^^^^^^^^^^^^^^^^^^^^^^^^^^^^
  File "/lustre09/project/6032307/arnauddr/MiniCPBP/server_mlm.py", line 147, in perplexity
    return {"perplexity": calculate_perplexity(sentence)}
                          ^^^^^^^^^^^^^^^^^^^^^^^^^^^^^^
  File "/lustre09/project/6032307/arnauddr/MiniCPBP/server_mlm.py", line 134, in calculate_perplexity
    with mutex:
TypeError: 'Lock' object does not support the context manager protocol
127.0.0.1 - - [30/Nov/2025 21:54:20] "[35m[1mPOST /perplexity HTTP/1.1[0m" 500 -
[2025-11-30 21:54:20,339] ERROR in app: Exception on /perplexity [POST]
Traceback (most recent call last):
  File "/lustre09/project/6032307/arnauddr/MiniCPBP/venv/lib/python3.11/site-packages/flask/app.py", line 1511, in wsgi_app
    response = self.full_dispatch_request()
               ^^^^^^^^^^^^^^^^^^^^^^^^^^^^
  File "/lustre09/project/6032307/arnauddr/MiniCPBP/venv/lib/python3.11/site-packages/flask/app.py", line 919, in full_dispatch_request
    rv = self.handle_user_exception(e)
         ^^^^^^^^^^^^^^^^^^^^^^^^^^^^^
  File "/lustre09/project/6032307/arnauddr/MiniCPBP/venv/lib/python3.11/site-packages/flask/app.py", line 917, in full_dispatch_request
    rv = self.dispatch_request()
         ^^^^^^^^^^^^^^^^^^^^^^^
  File "/lustre09/project/6032307/arnauddr/MiniCPBP/venv/lib/python3.11/site-packages/flask/app.py", line 902, in dispatch_request
    return self.ensure_sync(self.view_functions[rule.endpoint])(**view_args)  # type: ignore[no-any-return]
           ^^^^^^^^^^^^^^^^^^^^^^^^^^^^^^^^^^^^^^^^^^^^^^^^^^^^^^^^^^^^^^^^^
  File "/lustre09/project/6032307/arnauddr/MiniCPBP/server_mlm.py", line 147, in perplexity
    return {"perplexity": calculate_perplexity(sentence)}
                          ^^^^^^^^^^^^^^^^^^^^^^^^^^^^^^
  File "/lustre09/project/6032307/arnauddr/MiniCPBP/server_mlm.py", line 134, in calculate_perplexity
    with mutex:
TypeError: 'Lock' object does not support the context manager protocol
127.0.0.1 - - [30/Nov/2025 21:54:20] "[35m[1mPOST /perplexity HTTP/1.1[0m" 500 -
[2025-11-30 21:54:20,341] ERROR in app: Exception on /perplexity [POST]
Traceback (most recent call last):
  File "/lustre09/project/6032307/arnauddr/MiniCPBP/venv/lib/python3.11/site-packages/flask/app.py", line 1511, in wsgi_app
    response = self.full_dispatch_request()
               ^^^^^^^^^^^^^^^^^^^^^^^^^^^^
  File "/lustre09/project/6032307/arnauddr/MiniCPBP/venv/lib/python3.11/site-packages/flask/app.py", line 919, in full_dispatch_request
    rv = self.handle_user_exception(e)
         ^^^^^^^^^^^^^^^^^^^^^^^^^^^^^
  File "/lustre09/project/6032307/arnauddr/MiniCPBP/venv/lib/python3.11/site-packages/flask/app.py", line 917, in full_dispatch_request
    rv = self.dispatch_request()
         ^^^^^^^^^^^^^^^^^^^^^^^
  File "/lustre09/project/6032307/arnauddr/MiniCPBP/venv/lib/python3.11/site-packages/flask/app.py", line 902, in dispatch_request
    return self.ensure_sync(self.view_functions[rule.endpoint])(**view_args)  # type: ignore[no-any-return]
           ^^^^^^^^^^^^^^^^^^^^^^^^^^^^^^^^^^^^^^^^^^^^^^^^^^^^^^^^^^^^^^^^^
  File "/lustre09/project/6032307/arnauddr/MiniCPBP/server_mlm.py", line 147, in perplexity
    return {"perplexity": calculate_perplexity(sentence)}
                          ^^^^^^^^^^^^^^^^^^^^^^^^^^^^^^
  File "/lustre09/project/6032307/arnauddr/MiniCPBP/server_mlm.py", line 134, in calculate_perplexity
    with mutex:
TypeError: 'Lock' object does not support the context manager protocol
127.0.0.1 - - [30/Nov/2025 21:54:20] "[35m[1mPOST /perplexity HTTP/1.1[0m" 500 -
[2025-11-30 21:54:20,342] ERROR in app: Exception on /perplexity [POST]
Traceback (most recent call last):
  File "/lustre09/project/6032307/arnauddr/MiniCPBP/venv/lib/python3.11/site-packages/flask/app.py", line 1511, in wsgi_app
    response = self.full_dispatch_request()
               ^^^^^^^^^^^^^^^^^^^^^^^^^^^^
  File "/lustre09/project/6032307/arnauddr/MiniCPBP/venv/lib/python3.11/site-packages/flask/app.py", line 919, in full_dispatch_request
    rv = self.handle_user_exception(e)
         ^^^^^^^^^^^^^^^^^^^^^^^^^^^^^
  File "/lustre09/project/6032307/arnauddr/MiniCPBP/venv/lib/python3.11/site-packages/flask/app.py", line 917, in full_dispatch_request
    rv = self.dispatch_request()
         ^^^^^^^^^^^^^^^^^^^^^^^
  File "/lustre09/project/6032307/arnauddr/MiniCPBP/venv/lib/python3.11/site-packages/flask/app.py", line 902, in dispatch_request
    return self.ensure_sync(self.view_functions[rule.endpoint])(**view_args)  # type: ignore[no-any-return]
           ^^^^^^^^^^^^^^^^^^^^^^^^^^^^^^^^^^^^^^^^^^^^^^^^^^^^^^^^^^^^^^^^^
  File "/lustre09/project/6032307/arnauddr/MiniCPBP/server_mlm.py", line 147, in perplexity
    return {"perplexity": calculate_perplexity(sentence)}
                          ^^^^^^^^^^^^^^^^^^^^^^^^^^^^^^
  File "/lustre09/project/6032307/arnauddr/MiniCPBP/server_mlm.py", line 134, in calculate_perplexity
    with mutex:
TypeError: 'Lock' object does not support the context manager protocol
127.0.0.1 - - [30/Nov/2025 21:54:20] "[35m[1mPOST /perplexity HTTP/1.1[0m" 500 -
[2025-11-30 21:54:20,380] ERROR in app: Exception on /perplexity [POST]
Traceback (most recent call last):
  File "/lustre09/project/6032307/arnauddr/MiniCPBP/venv/lib/python3.11/site-packages/flask/app.py", line 1511, in wsgi_app
    response = self.full_dispatch_request()
               ^^^^^^^^^^^^^^^^^^^^^^^^^^^^
  File "/lustre09/project/6032307/arnauddr/MiniCPBP/venv/lib/python3.11/site-packages/flask/app.py", line 919, in full_dispatch_request
    rv = self.handle_user_exception(e)
         ^^^^^^^^^^^^^^^^^^^^^^^^^^^^^
  File "/lustre09/project/6032307/arnauddr/MiniCPBP/venv/lib/python3.11/site-packages/flask/app.py", line 917, in full_dispatch_request
    rv = self.dispatch_request()
         ^^^^^^^^^^^^^^^^^^^^^^^
  File "/lustre09/project/6032307/arnauddr/MiniCPBP/venv/lib/python3.11/site-packages/flask/app.py", line 902, in dispatch_request
    return self.ensure_sync(self.view_functions[rule.endpoint])(**view_args)  # type: ignore[no-any-return]
           ^^^^^^^^^^^^^^^^^^^^^^^^^^^^^^^^^^^^^^^^^^^^^^^^^^^^^^^^^^^^^^^^^
  File "/lustre09/project/6032307/arnauddr/MiniCPBP/server_mlm.py", line 147, in perplexity
    return {"perplexity": calculate_perplexity(sentence)}
                          ^^^^^^^^^^^^^^^^^^^^^^^^^^^^^^
  File "/lustre09/project/6032307/arnauddr/MiniCPBP/server_mlm.py", line 134, in calculate_perplexity
    with mutex:
TypeError: 'Lock' object does not support the context manager protocol
127.0.0.1 - - [30/Nov/2025 21:54:20] "[35m[1mPOST /perplexity HTTP/1.1[0m" 500 -
[2025-11-30 21:54:20,383] ERROR in app: Exception on /perplexity [POST]
Traceback (most recent call last):
  File "/lustre09/project/6032307/arnauddr/MiniCPBP/venv/lib/python3.11/site-packages/flask/app.py", line 1511, in wsgi_app
    response = self.full_dispatch_request()
               ^^^^^^^^^^^^^^^^^^^^^^^^^^^^
  File "/lustre09/project/6032307/arnauddr/MiniCPBP/venv/lib/python3.11/site-packages/flask/app.py", line 919, in full_dispatch_request
    rv = self.handle_user_exception(e)
         ^^^^^^^^^^^^^^^^^^^^^^^^^^^^^
  File "/lustre09/project/6032307/arnauddr/MiniCPBP/venv/lib/python3.11/site-packages/flask/app.py", line 917, in full_dispatch_request
    rv = self.dispatch_request()
         ^^^^^^^^^^^^^^^^^^^^^^^
  File "/lustre09/project/6032307/arnauddr/MiniCPBP/venv/lib/python3.11/site-packages/flask/app.py", line 902, in dispatch_request
    return self.ensure_sync(self.view_functions[rule.endpoint])(**view_args)  # type: ignore[no-any-return]
           ^^^^^^^^^^^^^^^^^^^^^^^^^^^^^^^^^^^^^^^^^^^^^^^^^^^^^^^^^^^^^^^^^
  File "/lustre09/project/6032307/arnauddr/MiniCPBP/server_mlm.py", line 147, in perplexity
    return {"perplexity": calculate_perplexity(sentence)}
                          ^^^^^^^^^^^^^^^^^^^^^^^^^^^^^^
  File "/lustre09/project/6032307/arnauddr/MiniCPBP/server_mlm.py", line 134, in calculate_perplexity
    with mutex:
TypeError: 'Lock' object does not support the context manager protocol
127.0.0.1 - - [30/Nov/2025 21:54:20] "[35m[1mPOST /perplexity HTTP/1.1[0m" 500 -
[2025-11-30 21:54:20,401] ERROR in app: Exception on /perplexity [POST]
Traceback (most recent call last):
  File "/lustre09/project/6032307/arnauddr/MiniCPBP/venv/lib/python3.11/site-packages/flask/app.py", line 1511, in wsgi_app
    response = self.full_dispatch_request()
               ^^^^^^^^^^^^^^^^^^^^^^^^^^^^
  File "/lustre09/project/6032307/arnauddr/MiniCPBP/venv/lib/python3.11/site-packages/flask/app.py", line 919, in full_dispatch_request
    rv = self.handle_user_exception(e)
         ^^^^^^^^^^^^^^^^^^^^^^^^^^^^^
  File "/lustre09/project/6032307/arnauddr/MiniCPBP/venv/lib/python3.11/site-packages/flask/app.py", line 917, in full_dispatch_request
    rv = self.dispatch_request()
         ^^^^^^^^^^^^^^^^^^^^^^^
  File "/lustre09/project/6032307/arnauddr/MiniCPBP/venv/lib/python3.11/site-packages/flask/app.py", line 902, in dispatch_request
    return self.ensure_sync(self.view_functions[rule.endpoint])(**view_args)  # type: ignore[no-any-return]
           ^^^^^^^^^^^^^^^^^^^^^^^^^^^^^^^^^^^^^^^^^^^^^^^^^^^^^^^^^^^^^^^^^
  File "/lustre09/project/6032307/arnauddr/MiniCPBP/server_mlm.py", line 147, in perplexity
    return {"perplexity": calculate_perplexity(sentence)}
                          ^^^^^^^^^^^^^^^^^^^^^^^^^^^^^^
  File "/lustre09/project/6032307/arnauddr/MiniCPBP/server_mlm.py", line 134, in calculate_perplexity
    with mutex:
TypeError: 'Lock' object does not support the context manager protocol
127.0.0.1 - - [30/Nov/2025 21:54:20] "[35m[1mPOST /perplexity HTTP/1.1[0m" 500 -
[2025-11-30 21:54:20,435] ERROR in app: Exception on /perplexity [POST]
Traceback (most recent call last):
  File "/lustre09/project/6032307/arnauddr/MiniCPBP/venv/lib/python3.11/site-packages/flask/app.py", line 1511, in wsgi_app
    response = self.full_dispatch_request()
               ^^^^^^^^^^^^^^^^^^^^^^^^^^^^
  File "/lustre09/project/6032307/arnauddr/MiniCPBP/venv/lib/python3.11/site-packages/flask/app.py", line 919, in full_dispatch_request
    rv = self.handle_user_exception(e)
         ^^^^^^^^^^^^^^^^^^^^^^^^^^^^^
  File "/lustre09/project/6032307/arnauddr/MiniCPBP/venv/lib/python3.11/site-packages/flask/app.py", line 917, in full_dispatch_request
    rv = self.dispatch_request()
         ^^^^^^^^^^^^^^^^^^^^^^^
  File "/lustre09/project/6032307/arnauddr/MiniCPBP/venv/lib/python3.11/site-packages/flask/app.py", line 902, in dispatch_request
    return self.ensure_sync(self.view_functions[rule.endpoint])(**view_args)  # type: ignore[no-any-return]
           ^^^^^^^^^^^^^^^^^^^^^^^^^^^^^^^^^^^^^^^^^^^^^^^^^^^^^^^^^^^^^^^^^
  File "/lustre09/project/6032307/arnauddr/MiniCPBP/server_mlm.py", line 147, in perplexity
    return {"perplexity": calculate_perplexity(sentence)}
                          ^^^^^^^^^^^^^^^^^^^^^^^^^^^^^^
  File "/lustre09/project/6032307/arnauddr/MiniCPBP/server_mlm.py", line 134, in calculate_perplexity
    with mutex:
TypeError: 'Lock' object does not support the context manager protocol
127.0.0.1 - - [30/Nov/2025 21:54:20] "[35m[1mPOST /perplexity HTTP/1.1[0m" 500 -
[2025-11-30 21:54:20,437] ERROR in app: Exception on /perplexity [POST]
Traceback (most recent call last):
  File "/lustre09/project/6032307/arnauddr/MiniCPBP/venv/lib/python3.11/site-packages/flask/app.py", line 1511, in wsgi_app
    response = self.full_dispatch_request()
               ^^^^^^^^^^^^^^^^^^^^^^^^^^^^
  File "/lustre09/project/6032307/arnauddr/MiniCPBP/venv/lib/python3.11/site-packages/flask/app.py", line 919, in full_dispatch_request
    rv = self.handle_user_exception(e)
         ^^^^^^^^^^^^^^^^^^^^^^^^^^^^^
  File "/lustre09/project/6032307/arnauddr/MiniCPBP/venv/lib/python3.11/site-packages/flask/app.py", line 917, in full_dispatch_request
    rv = self.dispatch_request()
         ^^^^^^^^^^^^^^^^^^^^^^^
  File "/lustre09/project/6032307/arnauddr/MiniCPBP/venv/lib/python3.11/site-packages/flask/app.py", line 902, in dispatch_request
    return self.ensure_sync(self.view_functions[rule.endpoint])(**view_args)  # type: ignore[no-any-return]
           ^^^^^^^^^^^^^^^^^^^^^^^^^^^^^^^^^^^^^^^^^^^^^^^^^^^^^^^^^^^^^^^^^
  File "/lustre09/project/6032307/arnauddr/MiniCPBP/server_mlm.py", line 147, in perplexity
    return {"perplexity": calculate_perplexity(sentence)}
                          ^^^^^^^^^^^^^^^^^^^^^^^^^^^^^^
  File "/lustre09/project/6032307/arnauddr/MiniCPBP/server_mlm.py", line 134, in calculate_perplexity
    with mutex:
TypeError: 'Lock' object does not support the context manager protocol
127.0.0.1 - - [30/Nov/2025 21:54:20] "[35m[1mPOST /perplexity HTTP/1.1[0m" 500 -
[2025-11-30 21:54:20,446] ERROR in app: Exception on /perplexity [POST]
Traceback (most recent call last):
  File "/lustre09/project/6032307/arnauddr/MiniCPBP/venv/lib/python3.11/site-packages/flask/app.py", line 1511, in wsgi_app
    response = self.full_dispatch_request()
               ^^^^^^^^^^^^^^^^^^^^^^^^^^^^
  File "/lustre09/project/6032307/arnauddr/MiniCPBP/venv/lib/python3.11/site-packages/flask/app.py", line 919, in full_dispatch_request
    rv = self.handle_user_exception(e)
         ^^^^^^^^^^^^^^^^^^^^^^^^^^^^^
  File "/lustre09/project/6032307/arnauddr/MiniCPBP/venv/lib/python3.11/site-packages/flask/app.py", line 917, in full_dispatch_request
    rv = self.dispatch_request()
         ^^^^^^^^^^^^^^^^^^^^^^^
  File "/lustre09/project/6032307/arnauddr/MiniCPBP/venv/lib/python3.11/site-packages/flask/app.py", line 902, in dispatch_request
    return self.ensure_sync(self.view_functions[rule.endpoint])(**view_args)  # type: ignore[no-any-return]
           ^^^^^^^^^^^^^^^^^^^^^^^^^^^^^^^^^^^^^^^^^^^^^^^^^^^^^^^^^^^^^^^^^
  File "/lustre09/project/6032307/arnauddr/MiniCPBP/server_mlm.py", line 147, in perplexity
    return {"perplexity": calculate_perplexity(sentence)}
                          ^^^^^^^^^^^^^^^^^^^^^^^^^^^^^^
  File "/lustre09/project/6032307/arnauddr/MiniCPBP/server_mlm.py", line 134, in calculate_perplexity
    with mutex:
TypeError: 'Lock' object does not support the context manager protocol
127.0.0.1 - - [30/Nov/2025 21:54:20] "[35m[1mPOST /perplexity HTTP/1.1[0m" 500 -
[2025-11-30 21:54:20,495] ERROR in app: Exception on /perplexity [POST]
Traceback (most recent call last):
  File "/lustre09/project/6032307/arnauddr/MiniCPBP/venv/lib/python3.11/site-packages/flask/app.py", line 1511, in wsgi_app
    response = self.full_dispatch_request()
               ^^^^^^^^^^^^^^^^^^^^^^^^^^^^
  File "/lustre09/project/6032307/arnauddr/MiniCPBP/venv/lib/python3.11/site-packages/flask/app.py", line 919, in full_dispatch_request
    rv = self.handle_user_exception(e)
         ^^^^^^^^^^^^^^^^^^^^^^^^^^^^^
  File "/lustre09/project/6032307/arnauddr/MiniCPBP/venv/lib/python3.11/site-packages/flask/app.py", line 917, in full_dispatch_request
    rv = self.dispatch_request()
         ^^^^^^^^^^^^^^^^^^^^^^^
  File "/lustre09/project/6032307/arnauddr/MiniCPBP/venv/lib/python3.11/site-packages/flask/app.py", line 902, in dispatch_request
    return self.ensure_sync(self.view_functions[rule.endpoint])(**view_args)  # type: ignore[no-any-return]
           ^^^^^^^^^^^^^^^^^^^^^^^^^^^^^^^^^^^^^^^^^^^^^^^^^^^^^^^^^^^^^^^^^
  File "/lustre09/project/6032307/arnauddr/MiniCPBP/server_mlm.py", line 147, in perplexity
    return {"perplexity": calculate_perplexity(sentence)}
                          ^^^^^^^^^^^^^^^^^^^^^^^^^^^^^^
  File "/lustre09/project/6032307/arnauddr/MiniCPBP/server_mlm.py", line 134, in calculate_perplexity
    with mutex:
TypeError: 'Lock' object does not support the context manager protocol
127.0.0.1 - - [30/Nov/2025 21:54:20] "[35m[1mPOST /perplexity HTTP/1.1[0m" 500 -
[2025-11-30 21:54:20,556] ERROR in app: Exception on /perplexity [POST]
Traceback (most recent call last):
  File "/lustre09/project/6032307/arnauddr/MiniCPBP/venv/lib/python3.11/site-packages/flask/app.py", line 1511, in wsgi_app
    response = self.full_dispatch_request()
               ^^^^^^^^^^^^^^^^^^^^^^^^^^^^
  File "/lustre09/project/6032307/arnauddr/MiniCPBP/venv/lib/python3.11/site-packages/flask/app.py", line 919, in full_dispatch_request
    rv = self.handle_user_exception(e)
         ^^^^^^^^^^^^^^^^^^^^^^^^^^^^^
  File "/lustre09/project/6032307/arnauddr/MiniCPBP/venv/lib/python3.11/site-packages/flask/app.py", line 917, in full_dispatch_request
    rv = self.dispatch_request()
         ^^^^^^^^^^^^^^^^^^^^^^^
  File "/lustre09/project/6032307/arnauddr/MiniCPBP/venv/lib/python3.11/site-packages/flask/app.py", line 902, in dispatch_request
    return self.ensure_sync(self.view_functions[rule.endpoint])(**view_args)  # type: ignore[no-any-return]
           ^^^^^^^^^^^^^^^^^^^^^^^^^^^^^^^^^^^^^^^^^^^^^^^^^^^^^^^^^^^^^^^^^
  File "/lustre09/project/6032307/arnauddr/MiniCPBP/server_mlm.py", line 147, in perplexity
    return {"perplexity": calculate_perplexity(sentence)}
                          ^^^^^^^^^^^^^^^^^^^^^^^^^^^^^^
  File "/lustre09/project/6032307/arnauddr/MiniCPBP/server_mlm.py", line 134, in calculate_perplexity
    with mutex:
TypeError: 'Lock' object does not support the context manager protocol
127.0.0.1 - - [30/Nov/2025 21:54:20] "[35m[1mPOST /perplexity HTTP/1.1[0m" 500 -
[2025-11-30 21:54:20,618] ERROR in app: Exception on /perplexity [POST]
Traceback (most recent call last):
  File "/lustre09/project/6032307/arnauddr/MiniCPBP/venv/lib/python3.11/site-packages/flask/app.py", line 1511, in wsgi_app
    response = self.full_dispatch_request()
               ^^^^^^^^^^^^^^^^^^^^^^^^^^^^
  File "/lustre09/project/6032307/arnauddr/MiniCPBP/venv/lib/python3.11/site-packages/flask/app.py", line 919, in full_dispatch_request
    rv = self.handle_user_exception(e)
         ^^^^^^^^^^^^^^^^^^^^^^^^^^^^^
  File "/lustre09/project/6032307/arnauddr/MiniCPBP/venv/lib/python3.11/site-packages/flask/app.py", line 917, in full_dispatch_request
    rv = self.dispatch_request()
         ^^^^^^^^^^^^^^^^^^^^^^^
  File "/lustre09/project/6032307/arnauddr/MiniCPBP/venv/lib/python3.11/site-packages/flask/app.py", line 902, in dispatch_request
    return self.ensure_sync(self.view_functions[rule.endpoint])(**view_args)  # type: ignore[no-any-return]
           ^^^^^^^^^^^^^^^^^^^^^^^^^^^^^^^^^^^^^^^^^^^^^^^^^^^^^^^^^^^^^^^^^
  File "/lustre09/project/6032307/arnauddr/MiniCPBP/server_mlm.py", line 147, in perplexity
    return {"perplexity": calculate_perplexity(sentence)}
                          ^^^^^^^^^^^^^^^^^^^^^^^^^^^^^^
  File "/lustre09/project/6032307/arnauddr/MiniCPBP/server_mlm.py", line 134, in calculate_perplexity
    with mutex:
TypeError: 'Lock' object does not support the context manager protocol
127.0.0.1 - - [30/Nov/2025 21:54:20] "[35m[1mPOST /perplexity HTTP/1.1[0m" 500 -
[2025-11-30 21:54:20,629] ERROR in app: Exception on /perplexity [POST]
Traceback (most recent call last):
  File "/lustre09/project/6032307/arnauddr/MiniCPBP/venv/lib/python3.11/site-packages/flask/app.py", line 1511, in wsgi_app
    response = self.full_dispatch_request()
               ^^^^^^^^^^^^^^^^^^^^^^^^^^^^
  File "/lustre09/project/6032307/arnauddr/MiniCPBP/venv/lib/python3.11/site-packages/flask/app.py", line 919, in full_dispatch_request
    rv = self.handle_user_exception(e)
         ^^^^^^^^^^^^^^^^^^^^^^^^^^^^^
  File "/lustre09/project/6032307/arnauddr/MiniCPBP/venv/lib/python3.11/site-packages/flask/app.py", line 917, in full_dispatch_request
    rv = self.dispatch_request()
         ^^^^^^^^^^^^^^^^^^^^^^^
  File "/lustre09/project/6032307/arnauddr/MiniCPBP/venv/lib/python3.11/site-packages/flask/app.py", line 902, in dispatch_request
    return self.ensure_sync(self.view_functions[rule.endpoint])(**view_args)  # type: ignore[no-any-return]
           ^^^^^^^^^^^^^^^^^^^^^^^^^^^^^^^^^^^^^^^^^^^^^^^^^^^^^^^^^^^^^^^^^
  File "/lustre09/project/6032307/arnauddr/MiniCPBP/server_mlm.py", line 147, in perplexity
    return {"perplexity": calculate_perplexity(sentence)}
                          ^^^^^^^^^^^^^^^^^^^^^^^^^^^^^^
  File "/lustre09/project/6032307/arnauddr/MiniCPBP/server_mlm.py", line 134, in calculate_perplexity
    with mutex:
TypeError: 'Lock' object does not support the context manager protocol
127.0.0.1 - - [30/Nov/2025 21:54:20] "[35m[1mPOST /perplexity HTTP/1.1[0m" 500 -
[2025-11-30 21:54:20,648] ERROR in app: Exception on /perplexity [POST]
Traceback (most recent call last):
  File "/lustre09/project/6032307/arnauddr/MiniCPBP/venv/lib/python3.11/site-packages/flask/app.py", line 1511, in wsgi_app
    response = self.full_dispatch_request()
               ^^^^^^^^^^^^^^^^^^^^^^^^^^^^
  File "/lustre09/project/6032307/arnauddr/MiniCPBP/venv/lib/python3.11/site-packages/flask/app.py", line 919, in full_dispatch_request
    rv = self.handle_user_exception(e)
         ^^^^^^^^^^^^^^^^^^^^^^^^^^^^^
  File "/lustre09/project/6032307/arnauddr/MiniCPBP/venv/lib/python3.11/site-packages/flask/app.py", line 917, in full_dispatch_request
    rv = self.dispatch_request()
         ^^^^^^^^^^^^^^^^^^^^^^^
  File "/lustre09/project/6032307/arnauddr/MiniCPBP/venv/lib/python3.11/site-packages/flask/app.py", line 902, in dispatch_request
    return self.ensure_sync(self.view_functions[rule.endpoint])(**view_args)  # type: ignore[no-any-return]
           ^^^^^^^^^^^^^^^^^^^^^^^^^^^^^^^^^^^^^^^^^^^^^^^^^^^^^^^^^^^^^^^^^
  File "/lustre09/project/6032307/arnauddr/MiniCPBP/server_mlm.py", line 147, in perplexity
    return {"perplexity": calculate_perplexity(sentence)}
                          ^^^^^^^^^^^^^^^^^^^^^^^^^^^^^^
  File "/lustre09/project/6032307/arnauddr/MiniCPBP/server_mlm.py", line 134, in calculate_perplexity
    with mutex:
TypeError: 'Lock' object does not support the context manager protocol
127.0.0.1 - - [30/Nov/2025 21:54:20] "[35m[1mPOST /perplexity HTTP/1.1[0m" 500 -
[2025-11-30 21:54:20,673] ERROR in app: Exception on /perplexity [POST]
Traceback (most recent call last):
  File "/lustre09/project/6032307/arnauddr/MiniCPBP/venv/lib/python3.11/site-packages/flask/app.py", line 1511, in wsgi_app
    response = self.full_dispatch_request()
               ^^^^^^^^^^^^^^^^^^^^^^^^^^^^
  File "/lustre09/project/6032307/arnauddr/MiniCPBP/venv/lib/python3.11/site-packages/flask/app.py", line 919, in full_dispatch_request
    rv = self.handle_user_exception(e)
         ^^^^^^^^^^^^^^^^^^^^^^^^^^^^^
  File "/lustre09/project/6032307/arnauddr/MiniCPBP/venv/lib/python3.11/site-packages/flask/app.py", line 917, in full_dispatch_request
    rv = self.dispatch_request()
         ^^^^^^^^^^^^^^^^^^^^^^^
  File "/lustre09/project/6032307/arnauddr/MiniCPBP/venv/lib/python3.11/site-packages/flask/app.py", line 902, in dispatch_request
    return self.ensure_sync(self.view_functions[rule.endpoint])(**view_args)  # type: ignore[no-any-return]
           ^^^^^^^^^^^^^^^^^^^^^^^^^^^^^^^^^^^^^^^^^^^^^^^^^^^^^^^^^^^^^^^^^
  File "/lustre09/project/6032307/arnauddr/MiniCPBP/server_mlm.py", line 147, in perplexity
    return {"perplexity": calculate_perplexity(sentence)}
                          ^^^^^^^^^^^^^^^^^^^^^^^^^^^^^^
  File "/lustre09/project/6032307/arnauddr/MiniCPBP/server_mlm.py", line 134, in calculate_perplexity
    with mutex:
TypeError: 'Lock' object does not support the context manager protocol
127.0.0.1 - - [30/Nov/2025 21:54:20] "[35m[1mPOST /perplexity HTTP/1.1[0m" 500 -
[2025-11-30 21:54:20,683] ERROR in app: Exception on /perplexity [POST]
Traceback (most recent call last):
  File "/lustre09/project/6032307/arnauddr/MiniCPBP/venv/lib/python3.11/site-packages/flask/app.py", line 1511, in wsgi_app
    response = self.full_dispatch_request()
               ^^^^^^^^^^^^^^^^^^^^^^^^^^^^
  File "/lustre09/project/6032307/arnauddr/MiniCPBP/venv/lib/python3.11/site-packages/flask/app.py", line 919, in full_dispatch_request
    rv = self.handle_user_exception(e)
         ^^^^^^^^^^^^^^^^^^^^^^^^^^^^^
  File "/lustre09/project/6032307/arnauddr/MiniCPBP/venv/lib/python3.11/site-packages/flask/app.py", line 917, in full_dispatch_request
    rv = self.dispatch_request()
         ^^^^^^^^^^^^^^^^^^^^^^^
  File "/lustre09/project/6032307/arnauddr/MiniCPBP/venv/lib/python3.11/site-packages/flask/app.py", line 902, in dispatch_request
    return self.ensure_sync(self.view_functions[rule.endpoint])(**view_args)  # type: ignore[no-any-return]
           ^^^^^^^^^^^^^^^^^^^^^^^^^^^^^^^^^^^^^^^^^^^^^^^^^^^^^^^^^^^^^^^^^
  File "/lustre09/project/6032307/arnauddr/MiniCPBP/server_mlm.py", line 147, in perplexity
    return {"perplexity": calculate_perplexity(sentence)}
                          ^^^^^^^^^^^^^^^^^^^^^^^^^^^^^^
  File "/lustre09/project/6032307/arnauddr/MiniCPBP/server_mlm.py", line 134, in calculate_perplexity
    with mutex:
TypeError: 'Lock' object does not support the context manager protocol
127.0.0.1 - - [30/Nov/2025 21:54:20] "[35m[1mPOST /perplexity HTTP/1.1[0m" 500 -
[2025-11-30 21:54:20,759] ERROR in app: Exception on /perplexity [POST]
Traceback (most recent call last):
  File "/lustre09/project/6032307/arnauddr/MiniCPBP/venv/lib/python3.11/site-packages/flask/app.py", line 1511, in wsgi_app
    response = self.full_dispatch_request()
               ^^^^^^^^^^^^^^^^^^^^^^^^^^^^
  File "/lustre09/project/6032307/arnauddr/MiniCPBP/venv/lib/python3.11/site-packages/flask/app.py", line 919, in full_dispatch_request
    rv = self.handle_user_exception(e)
         ^^^^^^^^^^^^^^^^^^^^^^^^^^^^^
  File "/lustre09/project/6032307/arnauddr/MiniCPBP/venv/lib/python3.11/site-packages/flask/app.py", line 917, in full_dispatch_request
    rv = self.dispatch_request()
         ^^^^^^^^^^^^^^^^^^^^^^^
  File "/lustre09/project/6032307/arnauddr/MiniCPBP/venv/lib/python3.11/site-packages/flask/app.py", line 902, in dispatch_request
    return self.ensure_sync(self.view_functions[rule.endpoint])(**view_args)  # type: ignore[no-any-return]
           ^^^^^^^^^^^^^^^^^^^^^^^^^^^^^^^^^^^^^^^^^^^^^^^^^^^^^^^^^^^^^^^^^
  File "/lustre09/project/6032307/arnauddr/MiniCPBP/server_mlm.py", line 147, in perplexity
    return {"perplexity": calculate_perplexity(sentence)}
                          ^^^^^^^^^^^^^^^^^^^^^^^^^^^^^^
  File "/lustre09/project/6032307/arnauddr/MiniCPBP/server_mlm.py", line 134, in calculate_perplexity
    with mutex:
TypeError: 'Lock' object does not support the context manager protocol
127.0.0.1 - - [30/Nov/2025 21:54:20] "[35m[1mPOST /perplexity HTTP/1.1[0m" 500 -
[2025-11-30 21:54:20,762] ERROR in app: Exception on /perplexity [POST]
Traceback (most recent call last):
  File "/lustre09/project/6032307/arnauddr/MiniCPBP/venv/lib/python3.11/site-packages/flask/app.py", line 1511, in wsgi_app
    response = self.full_dispatch_request()
               ^^^^^^^^^^^^^^^^^^^^^^^^^^^^
  File "/lustre09/project/6032307/arnauddr/MiniCPBP/venv/lib/python3.11/site-packages/flask/app.py", line 919, in full_dispatch_request
    rv = self.handle_user_exception(e)
         ^^^^^^^^^^^^^^^^^^^^^^^^^^^^^
  File "/lustre09/project/6032307/arnauddr/MiniCPBP/venv/lib/python3.11/site-packages/flask/app.py", line 917, in full_dispatch_request
    rv = self.dispatch_request()
         ^^^^^^^^^^^^^^^^^^^^^^^
  File "/lustre09/project/6032307/arnauddr/MiniCPBP/venv/lib/python3.11/site-packages/flask/app.py", line 902, in dispatch_request
    return self.ensure_sync(self.view_functions[rule.endpoint])(**view_args)  # type: ignore[no-any-return]
           ^^^^^^^^^^^^^^^^^^^^^^^^^^^^^^^^^^^^^^^^^^^^^^^^^^^^^^^^^^^^^^^^^
  File "/lustre09/project/6032307/arnauddr/MiniCPBP/server_mlm.py", line 147, in perplexity
    return {"perplexity": calculate_perplexity(sentence)}
                          ^^^^^^^^^^^^^^^^^^^^^^^^^^^^^^
  File "/lustre09/project/6032307/arnauddr/MiniCPBP/server_mlm.py", line 134, in calculate_perplexity
    with mutex:
TypeError: 'Lock' object does not support the context manager protocol
127.0.0.1 - - [30/Nov/2025 21:54:20] "[35m[1mPOST /perplexity HTTP/1.1[0m" 500 -
[2025-11-30 21:54:20,797] ERROR in app: Exception on /perplexity [POST]
Traceback (most recent call last):
  File "/lustre09/project/6032307/arnauddr/MiniCPBP/venv/lib/python3.11/site-packages/flask/app.py", line 1511, in wsgi_app
    response = self.full_dispatch_request()
               ^^^^^^^^^^^^^^^^^^^^^^^^^^^^
  File "/lustre09/project/6032307/arnauddr/MiniCPBP/venv/lib/python3.11/site-packages/flask/app.py", line 919, in full_dispatch_request
    rv = self.handle_user_exception(e)
         ^^^^^^^^^^^^^^^^^^^^^^^^^^^^^
  File "/lustre09/project/6032307/arnauddr/MiniCPBP/venv/lib/python3.11/site-packages/flask/app.py", line 917, in full_dispatch_request
    rv = self.dispatch_request()
         ^^^^^^^^^^^^^^^^^^^^^^^
  File "/lustre09/project/6032307/arnauddr/MiniCPBP/venv/lib/python3.11/site-packages/flask/app.py", line 902, in dispatch_request
    return self.ensure_sync(self.view_functions[rule.endpoint])(**view_args)  # type: ignore[no-any-return]
           ^^^^^^^^^^^^^^^^^^^^^^^^^^^^^^^^^^^^^^^^^^^^^^^^^^^^^^^^^^^^^^^^^
  File "/lustre09/project/6032307/arnauddr/MiniCPBP/server_mlm.py", line 147, in perplexity
    return {"perplexity": calculate_perplexity(sentence)}
                          ^^^^^^^^^^^^^^^^^^^^^^^^^^^^^^
  File "/lustre09/project/6032307/arnauddr/MiniCPBP/server_mlm.py", line 134, in calculate_perplexity
    with mutex:
TypeError: 'Lock' object does not support the context manager protocol
127.0.0.1 - - [30/Nov/2025 21:54:20] "[35m[1mPOST /perplexity HTTP/1.1[0m" 500 -
[2025-11-30 21:54:20,800] ERROR in app: Exception on /perplexity [POST]
Traceback (most recent call last):
  File "/lustre09/project/6032307/arnauddr/MiniCPBP/venv/lib/python3.11/site-packages/flask/app.py", line 1511, in wsgi_app
    response = self.full_dispatch_request()
               ^^^^^^^^^^^^^^^^^^^^^^^^^^^^
  File "/lustre09/project/6032307/arnauddr/MiniCPBP/venv/lib/python3.11/site-packages/flask/app.py", line 919, in full_dispatch_request
    rv = self.handle_user_exception(e)
         ^^^^^^^^^^^^^^^^^^^^^^^^^^^^^
  File "/lustre09/project/6032307/arnauddr/MiniCPBP/venv/lib/python3.11/site-packages/flask/app.py", line 917, in full_dispatch_request
    rv = self.dispatch_request()
         ^^^^^^^^^^^^^^^^^^^^^^^
  File "/lustre09/project/6032307/arnauddr/MiniCPBP/venv/lib/python3.11/site-packages/flask/app.py", line 902, in dispatch_request
    return self.ensure_sync(self.view_functions[rule.endpoint])(**view_args)  # type: ignore[no-any-return]
           ^^^^^^^^^^^^^^^^^^^^^^^^^^^^^^^^^^^^^^^^^^^^^^^^^^^^^^^^^^^^^^^^^
  File "/lustre09/project/6032307/arnauddr/MiniCPBP/server_mlm.py", line 147, in perplexity
    return {"perplexity": calculate_perplexity(sentence)}
                          ^^^^^^^^^^^^^^^^^^^^^^^^^^^^^^
  File "/lustre09/project/6032307/arnauddr/MiniCPBP/server_mlm.py", line 134, in calculate_perplexity
    with mutex:
TypeError: 'Lock' object does not support the context manager protocol
127.0.0.1 - - [30/Nov/2025 21:54:20] "[35m[1mPOST /perplexity HTTP/1.1[0m" 500 -
[2025-11-30 21:54:20,804] ERROR in app: Exception on /perplexity [POST]
Traceback (most recent call last):
  File "/lustre09/project/6032307/arnauddr/MiniCPBP/venv/lib/python3.11/site-packages/flask/app.py", line 1511, in wsgi_app
    response = self.full_dispatch_request()
               ^^^^^^^^^^^^^^^^^^^^^^^^^^^^
  File "/lustre09/project/6032307/arnauddr/MiniCPBP/venv/lib/python3.11/site-packages/flask/app.py", line 919, in full_dispatch_request
    rv = self.handle_user_exception(e)
         ^^^^^^^^^^^^^^^^^^^^^^^^^^^^^
  File "/lustre09/project/6032307/arnauddr/MiniCPBP/venv/lib/python3.11/site-packages/flask/app.py", line 917, in full_dispatch_request
    rv = self.dispatch_request()
         ^^^^^^^^^^^^^^^^^^^^^^^
  File "/lustre09/project/6032307/arnauddr/MiniCPBP/venv/lib/python3.11/site-packages/flask/app.py", line 902, in dispatch_request
    return self.ensure_sync(self.view_functions[rule.endpoint])(**view_args)  # type: ignore[no-any-return]
           ^^^^^^^^^^^^^^^^^^^^^^^^^^^^^^^^^^^^^^^^^^^^^^^^^^^^^^^^^^^^^^^^^
  File "/lustre09/project/6032307/arnauddr/MiniCPBP/server_mlm.py", line 147, in perplexity
    return {"perplexity": calculate_perplexity(sentence)}
                          ^^^^^^^^^^^^^^^^^^^^^^^^^^^^^^
  File "/lustre09/project/6032307/arnauddr/MiniCPBP/server_mlm.py", line 134, in calculate_perplexity
    with mutex:
TypeError: 'Lock' object does not support the context manager protocol
127.0.0.1 - - [30/Nov/2025 21:54:20] "[35m[1mPOST /perplexity HTTP/1.1[0m" 500 -
[2025-11-30 21:54:20,809] ERROR in app: Exception on /perplexity [POST]
Traceback (most recent call last):
  File "/lustre09/project/6032307/arnauddr/MiniCPBP/venv/lib/python3.11/site-packages/flask/app.py", line 1511, in wsgi_app
    response = self.full_dispatch_request()
               ^^^^^^^^^^^^^^^^^^^^^^^^^^^^
  File "/lustre09/project/6032307/arnauddr/MiniCPBP/venv/lib/python3.11/site-packages/flask/app.py", line 919, in full_dispatch_request
    rv = self.handle_user_exception(e)
         ^^^^^^^^^^^^^^^^^^^^^^^^^^^^^
  File "/lustre09/project/6032307/arnauddr/MiniCPBP/venv/lib/python3.11/site-packages/flask/app.py", line 917, in full_dispatch_request
    rv = self.dispatch_request()
         ^^^^^^^^^^^^^^^^^^^^^^^
  File "/lustre09/project/6032307/arnauddr/MiniCPBP/venv/lib/python3.11/site-packages/flask/app.py", line 902, in dispatch_request
    return self.ensure_sync(self.view_functions[rule.endpoint])(**view_args)  # type: ignore[no-any-return]
           ^^^^^^^^^^^^^^^^^^^^^^^^^^^^^^^^^^^^^^^^^^^^^^^^^^^^^^^^^^^^^^^^^
  File "/lustre09/project/6032307/arnauddr/MiniCPBP/server_mlm.py", line 147, in perplexity
    return {"perplexity": calculate_perplexity(sentence)}
                          ^^^^^^^^^^^^^^^^^^^^^^^^^^^^^^
  File "/lustre09/project/6032307/arnauddr/MiniCPBP/server_mlm.py", line 134, in calculate_perplexity
    with mutex:
TypeError: 'Lock' object does not support the context manager protocol
127.0.0.1 - - [30/Nov/2025 21:54:20] "[35m[1mPOST /perplexity HTTP/1.1[0m" 500 -
[2025-11-30 21:54:20,822] ERROR in app: Exception on /perplexity [POST]
Traceback (most recent call last):
  File "/lustre09/project/6032307/arnauddr/MiniCPBP/venv/lib/python3.11/site-packages/flask/app.py", line 1511, in wsgi_app
    response = self.full_dispatch_request()
               ^^^^^^^^^^^^^^^^^^^^^^^^^^^^
  File "/lustre09/project/6032307/arnauddr/MiniCPBP/venv/lib/python3.11/site-packages/flask/app.py", line 919, in full_dispatch_request
    rv = self.handle_user_exception(e)
         ^^^^^^^^^^^^^^^^^^^^^^^^^^^^^
  File "/lustre09/project/6032307/arnauddr/MiniCPBP/venv/lib/python3.11/site-packages/flask/app.py", line 917, in full_dispatch_request
    rv = self.dispatch_request()
         ^^^^^^^^^^^^^^^^^^^^^^^
  File "/lustre09/project/6032307/arnauddr/MiniCPBP/venv/lib/python3.11/site-packages/flask/app.py", line 902, in dispatch_request
    return self.ensure_sync(self.view_functions[rule.endpoint])(**view_args)  # type: ignore[no-any-return]
           ^^^^^^^^^^^^^^^^^^^^^^^^^^^^^^^^^^^^^^^^^^^^^^^^^^^^^^^^^^^^^^^^^
  File "/lustre09/project/6032307/arnauddr/MiniCPBP/server_mlm.py", line 147, in perplexity
    return {"perplexity": calculate_perplexity(sentence)}
                          ^^^^^^^^^^^^^^^^^^^^^^^^^^^^^^
  File "/lustre09/project/6032307/arnauddr/MiniCPBP/server_mlm.py", line 134, in calculate_perplexity
    with mutex:
TypeError: 'Lock' object does not support the context manager protocol
127.0.0.1 - - [30/Nov/2025 21:54:20] "[35m[1mPOST /perplexity HTTP/1.1[0m" 500 -
[2025-11-30 21:54:20,862] ERROR in app: Exception on /perplexity [POST]
Traceback (most recent call last):
  File "/lustre09/project/6032307/arnauddr/MiniCPBP/venv/lib/python3.11/site-packages/flask/app.py", line 1511, in wsgi_app
    response = self.full_dispatch_request()
               ^^^^^^^^^^^^^^^^^^^^^^^^^^^^
  File "/lustre09/project/6032307/arnauddr/MiniCPBP/venv/lib/python3.11/site-packages/flask/app.py", line 919, in full_dispatch_request
    rv = self.handle_user_exception(e)
         ^^^^^^^^^^^^^^^^^^^^^^^^^^^^^
  File "/lustre09/project/6032307/arnauddr/MiniCPBP/venv/lib/python3.11/site-packages/flask/app.py", line 917, in full_dispatch_request
    rv = self.dispatch_request()
         ^^^^^^^^^^^^^^^^^^^^^^^
  File "/lustre09/project/6032307/arnauddr/MiniCPBP/venv/lib/python3.11/site-packages/flask/app.py", line 902, in dispatch_request
    return self.ensure_sync(self.view_functions[rule.endpoint])(**view_args)  # type: ignore[no-any-return]
           ^^^^^^^^^^^^^^^^^^^^^^^^^^^^^^^^^^^^^^^^^^^^^^^^^^^^^^^^^^^^^^^^^
  File "/lustre09/project/6032307/arnauddr/MiniCPBP/server_mlm.py", line 147, in perplexity
    return {"perplexity": calculate_perplexity(sentence)}
                          ^^^^^^^^^^^^^^^^^^^^^^^^^^^^^^
  File "/lustre09/project/6032307/arnauddr/MiniCPBP/server_mlm.py", line 134, in calculate_perplexity
    with mutex:
TypeError: 'Lock' object does not support the context manager protocol
127.0.0.1 - - [30/Nov/2025 21:54:20] "[35m[1mPOST /perplexity HTTP/1.1[0m" 500 -
[2025-11-30 21:54:20,881] ERROR in app: Exception on /perplexity [POST]
Traceback (most recent call last):
  File "/lustre09/project/6032307/arnauddr/MiniCPBP/venv/lib/python3.11/site-packages/flask/app.py", line 1511, in wsgi_app
    response = self.full_dispatch_request()
               ^^^^^^^^^^^^^^^^^^^^^^^^^^^^
  File "/lustre09/project/6032307/arnauddr/MiniCPBP/venv/lib/python3.11/site-packages/flask/app.py", line 919, in full_dispatch_request
    rv = self.handle_user_exception(e)
         ^^^^^^^^^^^^^^^^^^^^^^^^^^^^^
  File "/lustre09/project/6032307/arnauddr/MiniCPBP/venv/lib/python3.11/site-packages/flask/app.py", line 917, in full_dispatch_request
    rv = self.dispatch_request()
         ^^^^^^^^^^^^^^^^^^^^^^^
  File "/lustre09/project/6032307/arnauddr/MiniCPBP/venv/lib/python3.11/site-packages/flask/app.py", line 902, in dispatch_request
    return self.ensure_sync(self.view_functions[rule.endpoint])(**view_args)  # type: ignore[no-any-return]
           ^^^^^^^^^^^^^^^^^^^^^^^^^^^^^^^^^^^^^^^^^^^^^^^^^^^^^^^^^^^^^^^^^
  File "/lustre09/project/6032307/arnauddr/MiniCPBP/server_mlm.py", line 147, in perplexity
    return {"perplexity": calculate_perplexity(sentence)}
                          ^^^^^^^^^^^^^^^^^^^^^^^^^^^^^^
  File "/lustre09/project/6032307/arnauddr/MiniCPBP/server_mlm.py", line 134, in calculate_perplexity
    with mutex:
TypeError: 'Lock' object does not support the context manager protocol
127.0.0.1 - - [30/Nov/2025 21:54:20] "[35m[1mPOST /perplexity HTTP/1.1[0m" 500 -
[2025-11-30 21:54:20,886] ERROR in app: Exception on /perplexity [POST]
Traceback (most recent call last):
  File "/lustre09/project/6032307/arnauddr/MiniCPBP/venv/lib/python3.11/site-packages/flask/app.py", line 1511, in wsgi_app
    response = self.full_dispatch_request()
               ^^^^^^^^^^^^^^^^^^^^^^^^^^^^
  File "/lustre09/project/6032307/arnauddr/MiniCPBP/venv/lib/python3.11/site-packages/flask/app.py", line 919, in full_dispatch_request
    rv = self.handle_user_exception(e)
         ^^^^^^^^^^^^^^^^^^^^^^^^^^^^^
  File "/lustre09/project/6032307/arnauddr/MiniCPBP/venv/lib/python3.11/site-packages/flask/app.py", line 917, in full_dispatch_request
    rv = self.dispatch_request()
         ^^^^^^^^^^^^^^^^^^^^^^^
  File "/lustre09/project/6032307/arnauddr/MiniCPBP/venv/lib/python3.11/site-packages/flask/app.py", line 902, in dispatch_request
    return self.ensure_sync(self.view_functions[rule.endpoint])(**view_args)  # type: ignore[no-any-return]
           ^^^^^^^^^^^^^^^^^^^^^^^^^^^^^^^^^^^^^^^^^^^^^^^^^^^^^^^^^^^^^^^^^
  File "/lustre09/project/6032307/arnauddr/MiniCPBP/server_mlm.py", line 147, in perplexity
    return {"perplexity": calculate_perplexity(sentence)}
                          ^^^^^^^^^^^^^^^^^^^^^^^^^^^^^^
  File "/lustre09/project/6032307/arnauddr/MiniCPBP/server_mlm.py", line 134, in calculate_perplexity
    with mutex:
TypeError: 'Lock' object does not support the context manager protocol
127.0.0.1 - - [30/Nov/2025 21:54:20] "[35m[1mPOST /perplexity HTTP/1.1[0m" 500 -
[2025-11-30 21:54:20,889] ERROR in app: Exception on /perplexity [POST]
Traceback (most recent call last):
  File "/lustre09/project/6032307/arnauddr/MiniCPBP/venv/lib/python3.11/site-packages/flask/app.py", line 1511, in wsgi_app
    response = self.full_dispatch_request()
               ^^^^^^^^^^^^^^^^^^^^^^^^^^^^
  File "/lustre09/project/6032307/arnauddr/MiniCPBP/venv/lib/python3.11/site-packages/flask/app.py", line 919, in full_dispatch_request
    rv = self.handle_user_exception(e)
         ^^^^^^^^^^^^^^^^^^^^^^^^^^^^^
  File "/lustre09/project/6032307/arnauddr/MiniCPBP/venv/lib/python3.11/site-packages/flask/app.py", line 917, in full_dispatch_request
    rv = self.dispatch_request()
         ^^^^^^^^^^^^^^^^^^^^^^^
  File "/lustre09/project/6032307/arnauddr/MiniCPBP/venv/lib/python3.11/site-packages/flask/app.py", line 902, in dispatch_request
    return self.ensure_sync(self.view_functions[rule.endpoint])(**view_args)  # type: ignore[no-any-return]
           ^^^^^^^^^^^^^^^^^^^^^^^^^^^^^^^^^^^^^^^^^^^^^^^^^^^^^^^^^^^^^^^^^
  File "/lustre09/project/6032307/arnauddr/MiniCPBP/server_mlm.py", line 147, in perplexity
    return {"perplexity": calculate_perplexity(sentence)}
                          ^^^^^^^^^^^^^^^^^^^^^^^^^^^^^^
  File "/lustre09/project/6032307/arnauddr/MiniCPBP/server_mlm.py", line 134, in calculate_perplexity
    with mutex:
TypeError: 'Lock' object does not support the context manager protocol
127.0.0.1 - - [30/Nov/2025 21:54:20] "[35m[1mPOST /perplexity HTTP/1.1[0m" 500 -
[2025-11-30 21:54:20,889] ERROR in app: Exception on /perplexity [POST]
Traceback (most recent call last):
  File "/lustre09/project/6032307/arnauddr/MiniCPBP/venv/lib/python3.11/site-packages/flask/app.py", line 1511, in wsgi_app
    response = self.full_dispatch_request()
               ^^^^^^^^^^^^^^^^^^^^^^^^^^^^
  File "/lustre09/project/6032307/arnauddr/MiniCPBP/venv/lib/python3.11/site-packages/flask/app.py", line 919, in full_dispatch_request
    rv = self.handle_user_exception(e)
         ^^^^^^^^^^^^^^^^^^^^^^^^^^^^^
  File "/lustre09/project/6032307/arnauddr/MiniCPBP/venv/lib/python3.11/site-packages/flask/app.py", line 917, in full_dispatch_request
    rv = self.dispatch_request()
         ^^^^^^^^^^^^^^^^^^^^^^^
  File "/lustre09/project/6032307/arnauddr/MiniCPBP/venv/lib/python3.11/site-packages/flask/app.py", line 902, in dispatch_request
    return self.ensure_sync(self.view_functions[rule.endpoint])(**view_args)  # type: ignore[no-any-return]
           ^^^^^^^^^^^^^^^^^^^^^^^^^^^^^^^^^^^^^^^^^^^^^^^^^^^^^^^^^^^^^^^^^
  File "/lustre09/project/6032307/arnauddr/MiniCPBP/server_mlm.py", line 147, in perplexity
    return {"perplexity": calculate_perplexity(sentence)}
                          ^^^^^^^^^^^^^^^^^^^^^^^^^^^^^^
  File "/lustre09/project/6032307/arnauddr/MiniCPBP/server_mlm.py", line 134, in calculate_perplexity
    with mutex:
TypeError: 'Lock' object does not support the context manager protocol
127.0.0.1 - - [30/Nov/2025 21:54:20] "[35m[1mPOST /perplexity HTTP/1.1[0m" 500 -
[2025-11-30 21:54:20,912] ERROR in app: Exception on /perplexity [POST]
Traceback (most recent call last):
  File "/lustre09/project/6032307/arnauddr/MiniCPBP/venv/lib/python3.11/site-packages/flask/app.py", line 1511, in wsgi_app
    response = self.full_dispatch_request()
               ^^^^^^^^^^^^^^^^^^^^^^^^^^^^
  File "/lustre09/project/6032307/arnauddr/MiniCPBP/venv/lib/python3.11/site-packages/flask/app.py", line 919, in full_dispatch_request
    rv = self.handle_user_exception(e)
         ^^^^^^^^^^^^^^^^^^^^^^^^^^^^^
  File "/lustre09/project/6032307/arnauddr/MiniCPBP/venv/lib/python3.11/site-packages/flask/app.py", line 917, in full_dispatch_request
    rv = self.dispatch_request()
         ^^^^^^^^^^^^^^^^^^^^^^^
  File "/lustre09/project/6032307/arnauddr/MiniCPBP/venv/lib/python3.11/site-packages/flask/app.py", line 902, in dispatch_request
    return self.ensure_sync(self.view_functions[rule.endpoint])(**view_args)  # type: ignore[no-any-return]
           ^^^^^^^^^^^^^^^^^^^^^^^^^^^^^^^^^^^^^^^^^^^^^^^^^^^^^^^^^^^^^^^^^
  File "/lustre09/project/6032307/arnauddr/MiniCPBP/server_mlm.py", line 147, in perplexity
    return {"perplexity": calculate_perplexity(sentence)}
                          ^^^^^^^^^^^^^^^^^^^^^^^^^^^^^^
  File "/lustre09/project/6032307/arnauddr/MiniCPBP/server_mlm.py", line 134, in calculate_perplexity
    with mutex:
TypeError: 'Lock' object does not support the context manager protocol
127.0.0.1 - - [30/Nov/2025 21:54:20] "[35m[1mPOST /perplexity HTTP/1.1[0m" 500 -
[2025-11-30 21:54:20,914] ERROR in app: Exception on /perplexity [POST]
Traceback (most recent call last):
  File "/lustre09/project/6032307/arnauddr/MiniCPBP/venv/lib/python3.11/site-packages/flask/app.py", line 1511, in wsgi_app
    response = self.full_dispatch_request()
               ^^^^^^^^^^^^^^^^^^^^^^^^^^^^
  File "/lustre09/project/6032307/arnauddr/MiniCPBP/venv/lib/python3.11/site-packages/flask/app.py", line 919, in full_dispatch_request
    rv = self.handle_user_exception(e)
         ^^^^^^^^^^^^^^^^^^^^^^^^^^^^^
  File "/lustre09/project/6032307/arnauddr/MiniCPBP/venv/lib/python3.11/site-packages/flask/app.py", line 917, in full_dispatch_request
    rv = self.dispatch_request()
         ^^^^^^^^^^^^^^^^^^^^^^^
  File "/lustre09/project/6032307/arnauddr/MiniCPBP/venv/lib/python3.11/site-packages/flask/app.py", line 902, in dispatch_request
    return self.ensure_sync(self.view_functions[rule.endpoint])(**view_args)  # type: ignore[no-any-return]
           ^^^^^^^^^^^^^^^^^^^^^^^^^^^^^^^^^^^^^^^^^^^^^^^^^^^^^^^^^^^^^^^^^
  File "/lustre09/project/6032307/arnauddr/MiniCPBP/server_mlm.py", line 147, in perplexity
    return {"perplexity": calculate_perplexity(sentence)}
                          ^^^^^^^^^^^^^^^^^^^^^^^^^^^^^^
  File "/lustre09/project/6032307/arnauddr/MiniCPBP/server_mlm.py", line 134, in calculate_perplexity
    with mutex:
TypeError: 'Lock' object does not support the context manager protocol
127.0.0.1 - - [30/Nov/2025 21:54:20] "[35m[1mPOST /perplexity HTTP/1.1[0m" 500 -
[2025-11-30 21:54:20,919] ERROR in app: Exception on /perplexity [POST]
Traceback (most recent call last):
  File "/lustre09/project/6032307/arnauddr/MiniCPBP/venv/lib/python3.11/site-packages/flask/app.py", line 1511, in wsgi_app
    response = self.full_dispatch_request()
               ^^^^^^^^^^^^^^^^^^^^^^^^^^^^
  File "/lustre09/project/6032307/arnauddr/MiniCPBP/venv/lib/python3.11/site-packages/flask/app.py", line 919, in full_dispatch_request
    rv = self.handle_user_exception(e)
         ^^^^^^^^^^^^^^^^^^^^^^^^^^^^^
  File "/lustre09/project/6032307/arnauddr/MiniCPBP/venv/lib/python3.11/site-packages/flask/app.py", line 917, in full_dispatch_request
    rv = self.dispatch_request()
         ^^^^^^^^^^^^^^^^^^^^^^^
  File "/lustre09/project/6032307/arnauddr/MiniCPBP/venv/lib/python3.11/site-packages/flask/app.py", line 902, in dispatch_request
    return self.ensure_sync(self.view_functions[rule.endpoint])(**view_args)  # type: ignore[no-any-return]
           ^^^^^^^^^^^^^^^^^^^^^^^^^^^^^^^^^^^^^^^^^^^^^^^^^^^^^^^^^^^^^^^^^
  File "/lustre09/project/6032307/arnauddr/MiniCPBP/server_mlm.py", line 147, in perplexity
    return {"perplexity": calculate_perplexity(sentence)}
                          ^^^^^^^^^^^^^^^^^^^^^^^^^^^^^^
  File "/lustre09/project/6032307/arnauddr/MiniCPBP/server_mlm.py", line 134, in calculate_perplexity
    with mutex:
TypeError: 'Lock' object does not support the context manager protocol
127.0.0.1 - - [30/Nov/2025 21:54:20] "[35m[1mPOST /perplexity HTTP/1.1[0m" 500 -
[2025-11-30 21:54:20,923] ERROR in app: Exception on /perplexity [POST]
Traceback (most recent call last):
  File "/lustre09/project/6032307/arnauddr/MiniCPBP/venv/lib/python3.11/site-packages/flask/app.py", line 1511, in wsgi_app
    response = self.full_dispatch_request()
               ^^^^^^^^^^^^^^^^^^^^^^^^^^^^
  File "/lustre09/project/6032307/arnauddr/MiniCPBP/venv/lib/python3.11/site-packages/flask/app.py", line 919, in full_dispatch_request
    rv = self.handle_user_exception(e)
         ^^^^^^^^^^^^^^^^^^^^^^^^^^^^^
  File "/lustre09/project/6032307/arnauddr/MiniCPBP/venv/lib/python3.11/site-packages/flask/app.py", line 917, in full_dispatch_request
    rv = self.dispatch_request()
         ^^^^^^^^^^^^^^^^^^^^^^^
  File "/lustre09/project/6032307/arnauddr/MiniCPBP/venv/lib/python3.11/site-packages/flask/app.py", line 902, in dispatch_request
    return self.ensure_sync(self.view_functions[rule.endpoint])(**view_args)  # type: ignore[no-any-return]
           ^^^^^^^^^^^^^^^^^^^^^^^^^^^^^^^^^^^^^^^^^^^^^^^^^^^^^^^^^^^^^^^^^
  File "/lustre09/project/6032307/arnauddr/MiniCPBP/server_mlm.py", line 147, in perplexity
    return {"perplexity": calculate_perplexity(sentence)}
                          ^^^^^^^^^^^^^^^^^^^^^^^^^^^^^^
  File "/lustre09/project/6032307/arnauddr/MiniCPBP/server_mlm.py", line 134, in calculate_perplexity
    with mutex:
TypeError: 'Lock' object does not support the context manager protocol
127.0.0.1 - - [30/Nov/2025 21:54:20] "[35m[1mPOST /perplexity HTTP/1.1[0m" 500 -
[2025-11-30 21:54:20,934] ERROR in app: Exception on /perplexity [POST]
Traceback (most recent call last):
  File "/lustre09/project/6032307/arnauddr/MiniCPBP/venv/lib/python3.11/site-packages/flask/app.py", line 1511, in wsgi_app
    response = self.full_dispatch_request()
               ^^^^^^^^^^^^^^^^^^^^^^^^^^^^
  File "/lustre09/project/6032307/arnauddr/MiniCPBP/venv/lib/python3.11/site-packages/flask/app.py", line 919, in full_dispatch_request
    rv = self.handle_user_exception(e)
         ^^^^^^^^^^^^^^^^^^^^^^^^^^^^^
  File "/lustre09/project/6032307/arnauddr/MiniCPBP/venv/lib/python3.11/site-packages/flask/app.py", line 917, in full_dispatch_request
    rv = self.dispatch_request()
         ^^^^^^^^^^^^^^^^^^^^^^^
  File "/lustre09/project/6032307/arnauddr/MiniCPBP/venv/lib/python3.11/site-packages/flask/app.py", line 902, in dispatch_request
    return self.ensure_sync(self.view_functions[rule.endpoint])(**view_args)  # type: ignore[no-any-return]
           ^^^^^^^^^^^^^^^^^^^^^^^^^^^^^^^^^^^^^^^^^^^^^^^^^^^^^^^^^^^^^^^^^
  File "/lustre09/project/6032307/arnauddr/MiniCPBP/server_mlm.py", line 147, in perplexity
    return {"perplexity": calculate_perplexity(sentence)}
                          ^^^^^^^^^^^^^^^^^^^^^^^^^^^^^^
  File "/lustre09/project/6032307/arnauddr/MiniCPBP/server_mlm.py", line 134, in calculate_perplexity
    with mutex:
TypeError: 'Lock' object does not support the context manager protocol
127.0.0.1 - - [30/Nov/2025 21:54:20] "[35m[1mPOST /perplexity HTTP/1.1[0m" 500 -
[2025-11-30 21:54:20,958] ERROR in app: Exception on /perplexity [POST]
Traceback (most recent call last):
  File "/lustre09/project/6032307/arnauddr/MiniCPBP/venv/lib/python3.11/site-packages/flask/app.py", line 1511, in wsgi_app
    response = self.full_dispatch_request()
               ^^^^^^^^^^^^^^^^^^^^^^^^^^^^
  File "/lustre09/project/6032307/arnauddr/MiniCPBP/venv/lib/python3.11/site-packages/flask/app.py", line 919, in full_dispatch_request
    rv = self.handle_user_exception(e)
         ^^^^^^^^^^^^^^^^^^^^^^^^^^^^^
  File "/lustre09/project/6032307/arnauddr/MiniCPBP/venv/lib/python3.11/site-packages/flask/app.py", line 917, in full_dispatch_request
    rv = self.dispatch_request()
         ^^^^^^^^^^^^^^^^^^^^^^^
  File "/lustre09/project/6032307/arnauddr/MiniCPBP/venv/lib/python3.11/site-packages/flask/app.py", line 902, in dispatch_request
    return self.ensure_sync(self.view_functions[rule.endpoint])(**view_args)  # type: ignore[no-any-return]
           ^^^^^^^^^^^^^^^^^^^^^^^^^^^^^^^^^^^^^^^^^^^^^^^^^^^^^^^^^^^^^^^^^
  File "/lustre09/project/6032307/arnauddr/MiniCPBP/server_mlm.py", line 147, in perplexity
    return {"perplexity": calculate_perplexity(sentence)}
                          ^^^^^^^^^^^^^^^^^^^^^^^^^^^^^^
  File "/lustre09/project/6032307/arnauddr/MiniCPBP/server_mlm.py", line 134, in calculate_perplexity
    with mutex:
TypeError: 'Lock' object does not support the context manager protocol
127.0.0.1 - - [30/Nov/2025 21:54:20] "[35m[1mPOST /perplexity HTTP/1.1[0m" 500 -
[2025-11-30 21:54:20,959] ERROR in app: Exception on /perplexity [POST]
Traceback (most recent call last):
  File "/lustre09/project/6032307/arnauddr/MiniCPBP/venv/lib/python3.11/site-packages/flask/app.py", line 1511, in wsgi_app
    response = self.full_dispatch_request()
               ^^^^^^^^^^^^^^^^^^^^^^^^^^^^
  File "/lustre09/project/6032307/arnauddr/MiniCPBP/venv/lib/python3.11/site-packages/flask/app.py", line 919, in full_dispatch_request
    rv = self.handle_user_exception(e)
         ^^^^^^^^^^^^^^^^^^^^^^^^^^^^^
  File "/lustre09/project/6032307/arnauddr/MiniCPBP/venv/lib/python3.11/site-packages/flask/app.py", line 917, in full_dispatch_request
    rv = self.dispatch_request()
         ^^^^^^^^^^^^^^^^^^^^^^^
  File "/lustre09/project/6032307/arnauddr/MiniCPBP/venv/lib/python3.11/site-packages/flask/app.py", line 902, in dispatch_request
    return self.ensure_sync(self.view_functions[rule.endpoint])(**view_args)  # type: ignore[no-any-return]
           ^^^^^^^^^^^^^^^^^^^^^^^^^^^^^^^^^^^^^^^^^^^^^^^^^^^^^^^^^^^^^^^^^
  File "/lustre09/project/6032307/arnauddr/MiniCPBP/server_mlm.py", line 147, in perplexity
    return {"perplexity": calculate_perplexity(sentence)}
                          ^^^^^^^^^^^^^^^^^^^^^^^^^^^^^^
  File "/lustre09/project/6032307/arnauddr/MiniCPBP/server_mlm.py", line 134, in calculate_perplexity
    with mutex:
TypeError: 'Lock' object does not support the context manager protocol
127.0.0.1 - - [30/Nov/2025 21:54:21] "[35m[1mPOST /perplexity HTTP/1.1[0m" 500 -
[2025-11-30 21:54:20,968] ERROR in app: Exception on /perplexity [POST]
Traceback (most recent call last):
  File "/lustre09/project/6032307/arnauddr/MiniCPBP/venv/lib/python3.11/site-packages/flask/app.py", line 1511, in wsgi_app
    response = self.full_dispatch_request()
               ^^^^^^^^^^^^^^^^^^^^^^^^^^^^
  File "/lustre09/project/6032307/arnauddr/MiniCPBP/venv/lib/python3.11/site-packages/flask/app.py", line 919, in full_dispatch_request
    rv = self.handle_user_exception(e)
         ^^^^^^^^^^^^^^^^^^^^^^^^^^^^^
  File "/lustre09/project/6032307/arnauddr/MiniCPBP/venv/lib/python3.11/site-packages/flask/app.py", line 917, in full_dispatch_request
    rv = self.dispatch_request()
         ^^^^^^^^^^^^^^^^^^^^^^^
  File "/lustre09/project/6032307/arnauddr/MiniCPBP/venv/lib/python3.11/site-packages/flask/app.py", line 902, in dispatch_request
    return self.ensure_sync(self.view_functions[rule.endpoint])(**view_args)  # type: ignore[no-any-return]
           ^^^^^^^^^^^^^^^^^^^^^^^^^^^^^^^^^^^^^^^^^^^^^^^^^^^^^^^^^^^^^^^^^
  File "/lustre09/project/6032307/arnauddr/MiniCPBP/server_mlm.py", line 147, in perplexity
    return {"perplexity": calculate_perplexity(sentence)}
                          ^^^^^^^^^^^^^^^^^^^^^^^^^^^^^^
  File "/lustre09/project/6032307/arnauddr/MiniCPBP/server_mlm.py", line 134, in calculate_perplexity
    with mutex:
TypeError: 'Lock' object does not support the context manager protocol
[2025-11-30 21:54:20,976] ERROR in app: Exception on /perplexity [POST]
Traceback (most recent call last):
  File "/lustre09/project/6032307/arnauddr/MiniCPBP/venv/lib/python3.11/site-packages/flask/app.py", line 1511, in wsgi_app
    response = self.full_dispatch_request()
               ^^^^^^^^^^^^^^^^^^^^^^^^^^^^
  File "/lustre09/project/6032307/arnauddr/MiniCPBP/venv/lib/python3.11/site-packages/flask/app.py", line 919, in full_dispatch_request
    rv = self.handle_user_exception(e)
         ^^^^^^^^^^^^^^^^^^^^^^^^^^^^^
  File "/lustre09/project/6032307/arnauddr/MiniCPBP/venv/lib/python3.11/site-packages/flask/app.py", line 917, in full_dispatch_request
    rv = self.dispatch_request()
         ^^^^^^^^^^^^^^^^^^^^^^^
  File "/lustre09/project/6032307/arnauddr/MiniCPBP/venv/lib/python3.11/site-packages/flask/app.py", line 902, in dispatch_request
    return self.ensure_sync(self.view_functions[rule.endpoint])(**view_args)  # type: ignore[no-any-return]
           ^^^^^^^^^^^^^^^^^^^^^^^^^^^^^^^^^^^^^^^^^^^^^^^^^^^^^^^^^^^^^^^^^
  File "/lustre09/project/6032307/arnauddr/MiniCPBP/server_mlm.py", line 147, in perplexity
    return {"perplexity": calculate_perplexity(sentence)}
                          ^^^^^^^^^^^^^^^^^^^^^^^^^^^^^^
  File "/lustre09/project/6032307/arnauddr/MiniCPBP/server_mlm.py", line 134, in calculate_perplexity
    with mutex:
TypeError: 'Lock' object does not support the context manager protocol
[2025-11-30 21:54:20,978] ERROR in app: Exception on /perplexity [POST]
Traceback (most recent call last):
  File "/lustre09/project/6032307/arnauddr/MiniCPBP/venv/lib/python3.11/site-packages/flask/app.py", line 1511, in wsgi_app
    response = self.full_dispatch_request()
               ^^^^^^^^^^^^^^^^^^^^^^^^^^^^
  File "/lustre09/project/6032307/arnauddr/MiniCPBP/venv/lib/python3.11/site-packages/flask/app.py", line 919, in full_dispatch_request
    rv = self.handle_user_exception(e)
         ^^^^^^^^^^^^^^^^^^^^^^^^^^^^^
  File "/lustre09/project/6032307/arnauddr/MiniCPBP/venv/lib/python3.11/site-packages/flask/app.py", line 917, in full_dispatch_request
    rv = self.dispatch_request()
         ^^^^^^^^^^^^^^^^^^^^^^^
  File "/lustre09/project/6032307/arnauddr/MiniCPBP/venv/lib/python3.11/site-packages/flask/app.py", line 902, in dispatch_request
    return self.ensure_sync(self.view_functions[rule.endpoint])(**view_args)  # type: ignore[no-any-return]
           ^^^^^^^^^^^^^^^^^^^^^^^^^^^^^^^^^^^^^^^^^^^^^^^^^^^^^^^^^^^^^^^^^
  File "/lustre09/project/6032307/arnauddr/MiniCPBP/server_mlm.py", line 147, in perplexity
    return {"perplexity": calculate_perplexity(sentence)}
                          ^^^^^^^^^^^^^^^^^^^^^^^^^^^^^^
  File "/lustre09/project/6032307/arnauddr/MiniCPBP/server_mlm.py", line 134, in calculate_perplexity
    with mutex:
TypeError: 'Lock' object does not support the context manager protocol
[2025-11-30 21:54:20,987] ERROR in app: Exception on /perplexity [POST]
Traceback (most recent call last):
  File "/lustre09/project/6032307/arnauddr/MiniCPBP/venv/lib/python3.11/site-packages/flask/app.py", line 1511, in wsgi_app
    response = self.full_dispatch_request()
               ^^^^^^^^^^^^^^^^^^^^^^^^^^^^
  File "/lustre09/project/6032307/arnauddr/MiniCPBP/venv/lib/python3.11/site-packages/flask/app.py", line 919, in full_dispatch_request
    rv = self.handle_user_exception(e)
         ^^^^^^^^^^^^^^^^^^^^^^^^^^^^^
  File "/lustre09/project/6032307/arnauddr/MiniCPBP/venv/lib/python3.11/site-packages/flask/app.py", line 917, in full_dispatch_request
    rv = self.dispatch_request()
         ^^^^^^^^^^^^^^^^^^^^^^^
  File "/lustre09/project/6032307/arnauddr/MiniCPBP/venv/lib/python3.11/site-packages/flask/app.py", line 902, in dispatch_request
    return self.ensure_sync(self.view_functions[rule.endpoint])(**view_args)  # type: ignore[no-any-return]
           ^^^^^^^^^^^^^^^^^^^^^^^^^^^^^^^^^^^^^^^^^^^^^^^^^^^^^^^^^^^^^^^^^
  File "/lustre09/project/6032307/arnauddr/MiniCPBP/server_mlm.py", line 147, in perplexity
    return {"perplexity": calculate_perplexity(sentence)}
                          ^^^^^^^^^^^^^^^^^^^^^^^^^^^^^^
  File "/lustre09/project/6032307/arnauddr/MiniCPBP/server_mlm.py", line 134, in calculate_perplexity
    with mutex:
TypeError: 'Lock' object does not support the context manager protocol
[2025-11-30 21:54:20,989] ERROR in app: Exception on /perplexity [POST]
Traceback (most recent call last):
  File "/lustre09/project/6032307/arnauddr/MiniCPBP/venv/lib/python3.11/site-packages/flask/app.py", line 1511, in wsgi_app
    response = self.full_dispatch_request()
               ^^^^^^^^^^^^^^^^^^^^^^^^^^^^
  File "/lustre09/project/6032307/arnauddr/MiniCPBP/venv/lib/python3.11/site-packages/flask/app.py", line 919, in full_dispatch_request
    rv = self.handle_user_exception(e)
         ^^^^^^^^^^^^^^^^^^^^^^^^^^^^^
  File "/lustre09/project/6032307/arnauddr/MiniCPBP/venv/lib/python3.11/site-packages/flask/app.py", line 917, in full_dispatch_request
    rv = self.dispatch_request()
         ^^^^^^^^^^^^^^^^^^^^^^^
  File "/lustre09/project/6032307/arnauddr/MiniCPBP/venv/lib/python3.11/site-packages/flask/app.py", line 902, in dispatch_request
    return self.ensure_sync(self.view_functions[rule.endpoint])(**view_args)  # type: ignore[no-any-return]
           ^^^^^^^^^^^^^^^^^^^^^^^^^^^^^^^^^^^^^^^^^^^^^^^^^^^^^^^^^^^^^^^^^
  File "/lustre09/project/6032307/arnauddr/MiniCPBP/server_mlm.py", line 147, in perplexity
    return {"perplexity": calculate_perplexity(sentence)}
                          ^^^^^^^^^^^^^^^^^^^^^^^^^^^^^^
  File "/lustre09/project/6032307/arnauddr/MiniCPBP/server_mlm.py", line 134, in calculate_perplexity
    with mutex:
TypeError: 'Lock' object does not support the context manager protocol
[2025-11-30 21:54:20,989] ERROR in app: Exception on /perplexity [POST]
Traceback (most recent call last):
  File "/lustre09/project/6032307/arnauddr/MiniCPBP/venv/lib/python3.11/site-packages/flask/app.py", line 1511, in wsgi_app
    response = self.full_dispatch_request()
               ^^^^^^^^^^^^^^^^^^^^^^^^^^^^
  File "/lustre09/project/6032307/arnauddr/MiniCPBP/venv/lib/python3.11/site-packages/flask/app.py", line 919, in full_dispatch_request
    rv = self.handle_user_exception(e)
         ^^^^^^^^^^^^^^^^^^^^^^^^^^^^^
  File "/lustre09/project/6032307/arnauddr/MiniCPBP/venv/lib/python3.11/site-packages/flask/app.py", line 917, in full_dispatch_request
    rv = self.dispatch_request()
         ^^^^^^^^^^^^^^^^^^^^^^^
  File "/lustre09/project/6032307/arnauddr/MiniCPBP/venv/lib/python3.11/site-packages/flask/app.py", line 902, in dispatch_request
    return self.ensure_sync(self.view_functions[rule.endpoint])(**view_args)  # type: ignore[no-any-return]
           ^^^^^^^^^^^^^^^^^^^^^^^^^^^^^^^^^^^^^^^^^^^^^^^^^^^^^^^^^^^^^^^^^
  File "/lustre09/project/6032307/arnauddr/MiniCPBP/server_mlm.py", line 147, in perplexity
    return {"perplexity": calculate_perplexity(sentence)}
                          ^^^^^^^^^^^^^^^^^^^^^^^^^^^^^^
  File "/lustre09/project/6032307/arnauddr/MiniCPBP/server_mlm.py", line 134, in calculate_perplexity
    with mutex:
TypeError: 'Lock' object does not support the context manager protocol
[2025-11-30 21:54:20,989] ERROR in app: Exception on /perplexity [POST]
Traceback (most recent call last):
  File "/lustre09/project/6032307/arnauddr/MiniCPBP/venv/lib/python3.11/site-packages/flask/app.py", line 1511, in wsgi_app
    response = self.full_dispatch_request()
               ^^^^^^^^^^^^^^^^^^^^^^^^^^^^
  File "/lustre09/project/6032307/arnauddr/MiniCPBP/venv/lib/python3.11/site-packages/flask/app.py", line 919, in full_dispatch_request
    rv = self.handle_user_exception(e)
         ^^^^^^^^^^^^^^^^^^^^^^^^^^^^^
  File "/lustre09/project/6032307/arnauddr/MiniCPBP/venv/lib/python3.11/site-packages/flask/app.py", line 917, in full_dispatch_request
    rv = self.dispatch_request()
         ^^^^^^^^^^^^^^^^^^^^^^^
  File "/lustre09/project/6032307/arnauddr/MiniCPBP/venv/lib/python3.11/site-packages/flask/app.py", line 902, in dispatch_request
    return self.ensure_sync(self.view_functions[rule.endpoint])(**view_args)  # type: ignore[no-any-return]
           ^^^^^^^^^^^^^^^^^^^^^^^^^^^^^^^^^^^^^^^^^^^^^^^^^^^^^^^^^^^^^^^^^
  File "/lustre09/project/6032307/arnauddr/MiniCPBP/server_mlm.py", line 147, in perplexity
    return {"perplexity": calculate_perplexity(sentence)}
                          ^^^^^^^^^^^^^^^^^^^^^^^^^^^^^^
  File "/lustre09/project/6032307/arnauddr/MiniCPBP/server_mlm.py", line 134, in calculate_perplexity
    with mutex:
TypeError: 'Lock' object does not support the context manager protocol
127.0.0.1 - - [30/Nov/2025 21:54:21] "[35m[1mPOST /perplexity HTTP/1.1[0m" 500 -
127.0.0.1 - - [30/Nov/2025 21:54:21] "[35m[1mPOST /perplexity HTTP/1.1[0m" 500 -
127.0.0.1 - - [30/Nov/2025 21:54:21] "[35m[1mPOST /perplexity HTTP/1.1[0m" 500 -
127.0.0.1 - - [30/Nov/2025 21:54:21] "[35m[1mPOST /perplexity HTTP/1.1[0m" 500 -
127.0.0.1 - - [30/Nov/2025 21:54:21] "[35m[1mPOST /perplexity HTTP/1.1[0m" 500 -
127.0.0.1 - - [30/Nov/2025 21:54:21] "[35m[1mPOST /perplexity HTTP/1.1[0m" 500 -
127.0.0.1 - - [30/Nov/2025 21:54:21] "[35m[1mPOST /perplexity HTTP/1.1[0m" 500 -
[2025-11-30 21:54:21,059] ERROR in app: Exception on /perplexity [POST]
Traceback (most recent call last):
  File "/lustre09/project/6032307/arnauddr/MiniCPBP/venv/lib/python3.11/site-packages/flask/app.py", line 1511, in wsgi_app
    response = self.full_dispatch_request()
               ^^^^^^^^^^^^^^^^^^^^^^^^^^^^
  File "/lustre09/project/6032307/arnauddr/MiniCPBP/venv/lib/python3.11/site-packages/flask/app.py", line 919, in full_dispatch_request
    rv = self.handle_user_exception(e)
         ^^^^^^^^^^^^^^^^^^^^^^^^^^^^^
  File "/lustre09/project/6032307/arnauddr/MiniCPBP/venv/lib/python3.11/site-packages/flask/app.py", line 917, in full_dispatch_request
    rv = self.dispatch_request()
         ^^^^^^^^^^^^^^^^^^^^^^^
  File "/lustre09/project/6032307/arnauddr/MiniCPBP/venv/lib/python3.11/site-packages/flask/app.py", line 902, in dispatch_request
    return self.ensure_sync(self.view_functions[rule.endpoint])(**view_args)  # type: ignore[no-any-return]
           ^^^^^^^^^^^^^^^^^^^^^^^^^^^^^^^^^^^^^^^^^^^^^^^^^^^^^^^^^^^^^^^^^
  File "/lustre09/project/6032307/arnauddr/MiniCPBP/server_mlm.py", line 147, in perplexity
    return {"perplexity": calculate_perplexity(sentence)}
                          ^^^^^^^^^^^^^^^^^^^^^^^^^^^^^^
  File "/lustre09/project/6032307/arnauddr/MiniCPBP/server_mlm.py", line 134, in calculate_perplexity
    with mutex:
TypeError: 'Lock' object does not support the context manager protocol
127.0.0.1 - - [30/Nov/2025 21:54:21] "[35m[1mPOST /perplexity HTTP/1.1[0m" 500 -
[2025-11-30 21:54:21,145] ERROR in app: Exception on /perplexity [POST]
Traceback (most recent call last):
  File "/lustre09/project/6032307/arnauddr/MiniCPBP/venv/lib/python3.11/site-packages/flask/app.py", line 1511, in wsgi_app
    response = self.full_dispatch_request()
               ^^^^^^^^^^^^^^^^^^^^^^^^^^^^
  File "/lustre09/project/6032307/arnauddr/MiniCPBP/venv/lib/python3.11/site-packages/flask/app.py", line 919, in full_dispatch_request
    rv = self.handle_user_exception(e)
         ^^^^^^^^^^^^^^^^^^^^^^^^^^^^^
  File "/lustre09/project/6032307/arnauddr/MiniCPBP/venv/lib/python3.11/site-packages/flask/app.py", line 917, in full_dispatch_request
    rv = self.dispatch_request()
         ^^^^^^^^^^^^^^^^^^^^^^^
  File "/lustre09/project/6032307/arnauddr/MiniCPBP/venv/lib/python3.11/site-packages/flask/app.py", line 902, in dispatch_request
    return self.ensure_sync(self.view_functions[rule.endpoint])(**view_args)  # type: ignore[no-any-return]
           ^^^^^^^^^^^^^^^^^^^^^^^^^^^^^^^^^^^^^^^^^^^^^^^^^^^^^^^^^^^^^^^^^
  File "/lustre09/project/6032307/arnauddr/MiniCPBP/server_mlm.py", line 147, in perplexity
    return {"perplexity": calculate_perplexity(sentence)}
                          ^^^^^^^^^^^^^^^^^^^^^^^^^^^^^^
  File "/lustre09/project/6032307/arnauddr/MiniCPBP/server_mlm.py", line 134, in calculate_perplexity
    with mutex:
TypeError: 'Lock' object does not support the context manager protocol
127.0.0.1 - - [30/Nov/2025 21:54:21] "[35m[1mPOST /perplexity HTTP/1.1[0m" 500 -
[2025-11-30 21:54:21,146] ERROR in app: Exception on /perplexity [POST]
Traceback (most recent call last):
  File "/lustre09/project/6032307/arnauddr/MiniCPBP/venv/lib/python3.11/site-packages/flask/app.py", line 1511, in wsgi_app
    response = self.full_dispatch_request()
               ^^^^^^^^^^^^^^^^^^^^^^^^^^^^
  File "/lustre09/project/6032307/arnauddr/MiniCPBP/venv/lib/python3.11/site-packages/flask/app.py", line 919, in full_dispatch_request
    rv = self.handle_user_exception(e)
         ^^^^^^^^^^^^^^^^^^^^^^^^^^^^^
  File "/lustre09/project/6032307/arnauddr/MiniCPBP/venv/lib/python3.11/site-packages/flask/app.py", line 917, in full_dispatch_request
    rv = self.dispatch_request()
         ^^^^^^^^^^^^^^^^^^^^^^^
  File "/lustre09/project/6032307/arnauddr/MiniCPBP/venv/lib/python3.11/site-packages/flask/app.py", line 902, in dispatch_request
    return self.ensure_sync(self.view_functions[rule.endpoint])(**view_args)  # type: ignore[no-any-return]
           ^^^^^^^^^^^^^^^^^^^^^^^^^^^^^^^^^^^^^^^^^^^^^^^^^^^^^^^^^^^^^^^^^
  File "/lustre09/project/6032307/arnauddr/MiniCPBP/server_mlm.py", line 147, in perplexity
    return {"perplexity": calculate_perplexity(sentence)}
                          ^^^^^^^^^^^^^^^^^^^^^^^^^^^^^^
  File "/lustre09/project/6032307/arnauddr/MiniCPBP/server_mlm.py", line 134, in calculate_perplexity
    with mutex:
TypeError: 'Lock' object does not support the context manager protocol
127.0.0.1 - - [30/Nov/2025 21:54:21] "[35m[1mPOST /perplexity HTTP/1.1[0m" 500 -
[2025-11-30 21:54:21,165] ERROR in app: Exception on /perplexity [POST]
Traceback (most recent call last):
  File "/lustre09/project/6032307/arnauddr/MiniCPBP/venv/lib/python3.11/site-packages/flask/app.py", line 1511, in wsgi_app
    response = self.full_dispatch_request()
               ^^^^^^^^^^^^^^^^^^^^^^^^^^^^
  File "/lustre09/project/6032307/arnauddr/MiniCPBP/venv/lib/python3.11/site-packages/flask/app.py", line 919, in full_dispatch_request
    rv = self.handle_user_exception(e)
         ^^^^^^^^^^^^^^^^^^^^^^^^^^^^^
  File "/lustre09/project/6032307/arnauddr/MiniCPBP/venv/lib/python3.11/site-packages/flask/app.py", line 917, in full_dispatch_request
    rv = self.dispatch_request()
         ^^^^^^^^^^^^^^^^^^^^^^^
  File "/lustre09/project/6032307/arnauddr/MiniCPBP/venv/lib/python3.11/site-packages/flask/app.py", line 902, in dispatch_request
    return self.ensure_sync(self.view_functions[rule.endpoint])(**view_args)  # type: ignore[no-any-return]
           ^^^^^^^^^^^^^^^^^^^^^^^^^^^^^^^^^^^^^^^^^^^^^^^^^^^^^^^^^^^^^^^^^
  File "/lustre09/project/6032307/arnauddr/MiniCPBP/server_mlm.py", line 147, in perplexity
    return {"perplexity": calculate_perplexity(sentence)}
                          ^^^^^^^^^^^^^^^^^^^^^^^^^^^^^^
  File "/lustre09/project/6032307/arnauddr/MiniCPBP/server_mlm.py", line 134, in calculate_perplexity
    with mutex:
TypeError: 'Lock' object does not support the context manager protocol
127.0.0.1 - - [30/Nov/2025 21:54:21] "[35m[1mPOST /perplexity HTTP/1.1[0m" 500 -
[2025-11-30 21:54:21,176] ERROR in app: Exception on /perplexity [POST]
Traceback (most recent call last):
  File "/lustre09/project/6032307/arnauddr/MiniCPBP/venv/lib/python3.11/site-packages/flask/app.py", line 1511, in wsgi_app
    response = self.full_dispatch_request()
               ^^^^^^^^^^^^^^^^^^^^^^^^^^^^
  File "/lustre09/project/6032307/arnauddr/MiniCPBP/venv/lib/python3.11/site-packages/flask/app.py", line 919, in full_dispatch_request
    rv = self.handle_user_exception(e)
         ^^^^^^^^^^^^^^^^^^^^^^^^^^^^^
  File "/lustre09/project/6032307/arnauddr/MiniCPBP/venv/lib/python3.11/site-packages/flask/app.py", line 917, in full_dispatch_request
    rv = self.dispatch_request()
         ^^^^^^^^^^^^^^^^^^^^^^^
  File "/lustre09/project/6032307/arnauddr/MiniCPBP/venv/lib/python3.11/site-packages/flask/app.py", line 902, in dispatch_request
    return self.ensure_sync(self.view_functions[rule.endpoint])(**view_args)  # type: ignore[no-any-return]
           ^^^^^^^^^^^^^^^^^^^^^^^^^^^^^^^^^^^^^^^^^^^^^^^^^^^^^^^^^^^^^^^^^
  File "/lustre09/project/6032307/arnauddr/MiniCPBP/server_mlm.py", line 147, in perplexity
    return {"perplexity": calculate_perplexity(sentence)}
                          ^^^^^^^^^^^^^^^^^^^^^^^^^^^^^^
  File "/lustre09/project/6032307/arnauddr/MiniCPBP/server_mlm.py", line 134, in calculate_perplexity
    with mutex:
TypeError: 'Lock' object does not support the context manager protocol
127.0.0.1 - - [30/Nov/2025 21:54:21] "[35m[1mPOST /perplexity HTTP/1.1[0m" 500 -
[2025-11-30 21:54:21,257] ERROR in app: Exception on /perplexity [POST]
Traceback (most recent call last):
  File "/lustre09/project/6032307/arnauddr/MiniCPBP/venv/lib/python3.11/site-packages/flask/app.py", line 1511, in wsgi_app
    response = self.full_dispatch_request()
               ^^^^^^^^^^^^^^^^^^^^^^^^^^^^
  File "/lustre09/project/6032307/arnauddr/MiniCPBP/venv/lib/python3.11/site-packages/flask/app.py", line 919, in full_dispatch_request
    rv = self.handle_user_exception(e)
         ^^^^^^^^^^^^^^^^^^^^^^^^^^^^^
  File "/lustre09/project/6032307/arnauddr/MiniCPBP/venv/lib/python3.11/site-packages/flask/app.py", line 917, in full_dispatch_request
    rv = self.dispatch_request()
         ^^^^^^^^^^^^^^^^^^^^^^^
  File "/lustre09/project/6032307/arnauddr/MiniCPBP/venv/lib/python3.11/site-packages/flask/app.py", line 902, in dispatch_request
    return self.ensure_sync(self.view_functions[rule.endpoint])(**view_args)  # type: ignore[no-any-return]
           ^^^^^^^^^^^^^^^^^^^^^^^^^^^^^^^^^^^^^^^^^^^^^^^^^^^^^^^^^^^^^^^^^
  File "/lustre09/project/6032307/arnauddr/MiniCPBP/server_mlm.py", line 147, in perplexity
    return {"perplexity": calculate_perplexity(sentence)}
                          ^^^^^^^^^^^^^^^^^^^^^^^^^^^^^^
  File "/lustre09/project/6032307/arnauddr/MiniCPBP/server_mlm.py", line 134, in calculate_perplexity
    with mutex:
TypeError: 'Lock' object does not support the context manager protocol
127.0.0.1 - - [30/Nov/2025 21:54:21] "[35m[1mPOST /perplexity HTTP/1.1[0m" 500 -
[2025-11-30 21:54:21,264] ERROR in app: Exception on /perplexity [POST]
Traceback (most recent call last):
  File "/lustre09/project/6032307/arnauddr/MiniCPBP/venv/lib/python3.11/site-packages/flask/app.py", line 1511, in wsgi_app
    response = self.full_dispatch_request()
               ^^^^^^^^^^^^^^^^^^^^^^^^^^^^
  File "/lustre09/project/6032307/arnauddr/MiniCPBP/venv/lib/python3.11/site-packages/flask/app.py", line 919, in full_dispatch_request
    rv = self.handle_user_exception(e)
         ^^^^^^^^^^^^^^^^^^^^^^^^^^^^^
  File "/lustre09/project/6032307/arnauddr/MiniCPBP/venv/lib/python3.11/site-packages/flask/app.py", line 917, in full_dispatch_request
    rv = self.dispatch_request()
         ^^^^^^^^^^^^^^^^^^^^^^^
  File "/lustre09/project/6032307/arnauddr/MiniCPBP/venv/lib/python3.11/site-packages/flask/app.py", line 902, in dispatch_request
    return self.ensure_sync(self.view_functions[rule.endpoint])(**view_args)  # type: ignore[no-any-return]
           ^^^^^^^^^^^^^^^^^^^^^^^^^^^^^^^^^^^^^^^^^^^^^^^^^^^^^^^^^^^^^^^^^
  File "/lustre09/project/6032307/arnauddr/MiniCPBP/server_mlm.py", line 147, in perplexity
    return {"perplexity": calculate_perplexity(sentence)}
                          ^^^^^^^^^^^^^^^^^^^^^^^^^^^^^^
  File "/lustre09/project/6032307/arnauddr/MiniCPBP/server_mlm.py", line 134, in calculate_perplexity
    with mutex:
TypeError: 'Lock' object does not support the context manager protocol
127.0.0.1 - - [30/Nov/2025 21:54:21] "[35m[1mPOST /perplexity HTTP/1.1[0m" 500 -
[2025-11-30 21:54:21,292] ERROR in app: Exception on /perplexity [POST]
Traceback (most recent call last):
  File "/lustre09/project/6032307/arnauddr/MiniCPBP/venv/lib/python3.11/site-packages/flask/app.py", line 1511, in wsgi_app
    response = self.full_dispatch_request()
               ^^^^^^^^^^^^^^^^^^^^^^^^^^^^
  File "/lustre09/project/6032307/arnauddr/MiniCPBP/venv/lib/python3.11/site-packages/flask/app.py", line 919, in full_dispatch_request
    rv = self.handle_user_exception(e)
         ^^^^^^^^^^^^^^^^^^^^^^^^^^^^^
  File "/lustre09/project/6032307/arnauddr/MiniCPBP/venv/lib/python3.11/site-packages/flask/app.py", line 917, in full_dispatch_request
    rv = self.dispatch_request()
         ^^^^^^^^^^^^^^^^^^^^^^^
  File "/lustre09/project/6032307/arnauddr/MiniCPBP/venv/lib/python3.11/site-packages/flask/app.py", line 902, in dispatch_request
    return self.ensure_sync(self.view_functions[rule.endpoint])(**view_args)  # type: ignore[no-any-return]
           ^^^^^^^^^^^^^^^^^^^^^^^^^^^^^^^^^^^^^^^^^^^^^^^^^^^^^^^^^^^^^^^^^
  File "/lustre09/project/6032307/arnauddr/MiniCPBP/server_mlm.py", line 147, in perplexity
    return {"perplexity": calculate_perplexity(sentence)}
                          ^^^^^^^^^^^^^^^^^^^^^^^^^^^^^^
  File "/lustre09/project/6032307/arnauddr/MiniCPBP/server_mlm.py", line 134, in calculate_perplexity
    with mutex:
TypeError: 'Lock' object does not support the context manager protocol
127.0.0.1 - - [30/Nov/2025 21:54:21] "[35m[1mPOST /perplexity HTTP/1.1[0m" 500 -
[2025-11-30 21:54:21,297] ERROR in app: Exception on /perplexity [POST]
Traceback (most recent call last):
  File "/lustre09/project/6032307/arnauddr/MiniCPBP/venv/lib/python3.11/site-packages/flask/app.py", line 1511, in wsgi_app
    response = self.full_dispatch_request()
               ^^^^^^^^^^^^^^^^^^^^^^^^^^^^
  File "/lustre09/project/6032307/arnauddr/MiniCPBP/venv/lib/python3.11/site-packages/flask/app.py", line 919, in full_dispatch_request
    rv = self.handle_user_exception(e)
         ^^^^^^^^^^^^^^^^^^^^^^^^^^^^^
  File "/lustre09/project/6032307/arnauddr/MiniCPBP/venv/lib/python3.11/site-packages/flask/app.py", line 917, in full_dispatch_request
    rv = self.dispatch_request()
         ^^^^^^^^^^^^^^^^^^^^^^^
  File "/lustre09/project/6032307/arnauddr/MiniCPBP/venv/lib/python3.11/site-packages/flask/app.py", line 902, in dispatch_request
    return self.ensure_sync(self.view_functions[rule.endpoint])(**view_args)  # type: ignore[no-any-return]
           ^^^^^^^^^^^^^^^^^^^^^^^^^^^^^^^^^^^^^^^^^^^^^^^^^^^^^^^^^^^^^^^^^
  File "/lustre09/project/6032307/arnauddr/MiniCPBP/server_mlm.py", line 147, in perplexity
    return {"perplexity": calculate_perplexity(sentence)}
                          ^^^^^^^^^^^^^^^^^^^^^^^^^^^^^^
  File "/lustre09/project/6032307/arnauddr/MiniCPBP/server_mlm.py", line 134, in calculate_perplexity
    with mutex:
TypeError: 'Lock' object does not support the context manager protocol
127.0.0.1 - - [30/Nov/2025 21:54:21] "[35m[1mPOST /perplexity HTTP/1.1[0m" 500 -
[2025-11-30 21:54:21,314] ERROR in app: Exception on /perplexity [POST]
Traceback (most recent call last):
  File "/lustre09/project/6032307/arnauddr/MiniCPBP/venv/lib/python3.11/site-packages/flask/app.py", line 1511, in wsgi_app
    response = self.full_dispatch_request()
               ^^^^^^^^^^^^^^^^^^^^^^^^^^^^
  File "/lustre09/project/6032307/arnauddr/MiniCPBP/venv/lib/python3.11/site-packages/flask/app.py", line 919, in full_dispatch_request
    rv = self.handle_user_exception(e)
         ^^^^^^^^^^^^^^^^^^^^^^^^^^^^^
  File "/lustre09/project/6032307/arnauddr/MiniCPBP/venv/lib/python3.11/site-packages/flask/app.py", line 917, in full_dispatch_request
    rv = self.dispatch_request()
         ^^^^^^^^^^^^^^^^^^^^^^^
  File "/lustre09/project/6032307/arnauddr/MiniCPBP/venv/lib/python3.11/site-packages/flask/app.py", line 902, in dispatch_request
    return self.ensure_sync(self.view_functions[rule.endpoint])(**view_args)  # type: ignore[no-any-return]
           ^^^^^^^^^^^^^^^^^^^^^^^^^^^^^^^^^^^^^^^^^^^^^^^^^^^^^^^^^^^^^^^^^
  File "/lustre09/project/6032307/arnauddr/MiniCPBP/server_mlm.py", line 147, in perplexity
    return {"perplexity": calculate_perplexity(sentence)}
                          ^^^^^^^^^^^^^^^^^^^^^^^^^^^^^^
  File "/lustre09/project/6032307/arnauddr/MiniCPBP/server_mlm.py", line 134, in calculate_perplexity
    with mutex:
TypeError: 'Lock' object does not support the context manager protocol
127.0.0.1 - - [30/Nov/2025 21:54:21] "[35m[1mPOST /perplexity HTTP/1.1[0m" 500 -
[2025-11-30 21:54:21,317] ERROR in app: Exception on /perplexity [POST]
Traceback (most recent call last):
  File "/lustre09/project/6032307/arnauddr/MiniCPBP/venv/lib/python3.11/site-packages/flask/app.py", line 1511, in wsgi_app
    response = self.full_dispatch_request()
               ^^^^^^^^^^^^^^^^^^^^^^^^^^^^
  File "/lustre09/project/6032307/arnauddr/MiniCPBP/venv/lib/python3.11/site-packages/flask/app.py", line 919, in full_dispatch_request
    rv = self.handle_user_exception(e)
         ^^^^^^^^^^^^^^^^^^^^^^^^^^^^^
  File "/lustre09/project/6032307/arnauddr/MiniCPBP/venv/lib/python3.11/site-packages/flask/app.py", line 917, in full_dispatch_request
    rv = self.dispatch_request()
         ^^^^^^^^^^^^^^^^^^^^^^^
  File "/lustre09/project/6032307/arnauddr/MiniCPBP/venv/lib/python3.11/site-packages/flask/app.py", line 902, in dispatch_request
    return self.ensure_sync(self.view_functions[rule.endpoint])(**view_args)  # type: ignore[no-any-return]
           ^^^^^^^^^^^^^^^^^^^^^^^^^^^^^^^^^^^^^^^^^^^^^^^^^^^^^^^^^^^^^^^^^
  File "/lustre09/project/6032307/arnauddr/MiniCPBP/server_mlm.py", line 147, in perplexity
    return {"perplexity": calculate_perplexity(sentence)}
                          ^^^^^^^^^^^^^^^^^^^^^^^^^^^^^^
  File "/lustre09/project/6032307/arnauddr/MiniCPBP/server_mlm.py", line 134, in calculate_perplexity
    with mutex:
TypeError: 'Lock' object does not support the context manager protocol
127.0.0.1 - - [30/Nov/2025 21:54:21] "[35m[1mPOST /perplexity HTTP/1.1[0m" 500 -
[2025-11-30 21:54:21,333] ERROR in app: Exception on /perplexity [POST]
Traceback (most recent call last):
  File "/lustre09/project/6032307/arnauddr/MiniCPBP/venv/lib/python3.11/site-packages/flask/app.py", line 1511, in wsgi_app
    response = self.full_dispatch_request()
               ^^^^^^^^^^^^^^^^^^^^^^^^^^^^
  File "/lustre09/project/6032307/arnauddr/MiniCPBP/venv/lib/python3.11/site-packages/flask/app.py", line 919, in full_dispatch_request
    rv = self.handle_user_exception(e)
         ^^^^^^^^^^^^^^^^^^^^^^^^^^^^^
  File "/lustre09/project/6032307/arnauddr/MiniCPBP/venv/lib/python3.11/site-packages/flask/app.py", line 917, in full_dispatch_request
    rv = self.dispatch_request()
         ^^^^^^^^^^^^^^^^^^^^^^^
  File "/lustre09/project/6032307/arnauddr/MiniCPBP/venv/lib/python3.11/site-packages/flask/app.py", line 902, in dispatch_request
    return self.ensure_sync(self.view_functions[rule.endpoint])(**view_args)  # type: ignore[no-any-return]
           ^^^^^^^^^^^^^^^^^^^^^^^^^^^^^^^^^^^^^^^^^^^^^^^^^^^^^^^^^^^^^^^^^
  File "/lustre09/project/6032307/arnauddr/MiniCPBP/server_mlm.py", line 147, in perplexity
    return {"perplexity": calculate_perplexity(sentence)}
                          ^^^^^^^^^^^^^^^^^^^^^^^^^^^^^^
  File "/lustre09/project/6032307/arnauddr/MiniCPBP/server_mlm.py", line 134, in calculate_perplexity
    with mutex:
TypeError: 'Lock' object does not support the context manager protocol
127.0.0.1 - - [30/Nov/2025 21:54:21] "[35m[1mPOST /perplexity HTTP/1.1[0m" 500 -
[2025-11-30 21:54:21,342] ERROR in app: Exception on /perplexity [POST]
Traceback (most recent call last):
  File "/lustre09/project/6032307/arnauddr/MiniCPBP/venv/lib/python3.11/site-packages/flask/app.py", line 1511, in wsgi_app
    response = self.full_dispatch_request()
               ^^^^^^^^^^^^^^^^^^^^^^^^^^^^
  File "/lustre09/project/6032307/arnauddr/MiniCPBP/venv/lib/python3.11/site-packages/flask/app.py", line 919, in full_dispatch_request
    rv = self.handle_user_exception(e)
         ^^^^^^^^^^^^^^^^^^^^^^^^^^^^^
  File "/lustre09/project/6032307/arnauddr/MiniCPBP/venv/lib/python3.11/site-packages/flask/app.py", line 917, in full_dispatch_request
    rv = self.dispatch_request()
         ^^^^^^^^^^^^^^^^^^^^^^^
  File "/lustre09/project/6032307/arnauddr/MiniCPBP/venv/lib/python3.11/site-packages/flask/app.py", line 902, in dispatch_request
    return self.ensure_sync(self.view_functions[rule.endpoint])(**view_args)  # type: ignore[no-any-return]
           ^^^^^^^^^^^^^^^^^^^^^^^^^^^^^^^^^^^^^^^^^^^^^^^^^^^^^^^^^^^^^^^^^
  File "/lustre09/project/6032307/arnauddr/MiniCPBP/server_mlm.py", line 147, in perplexity
    return {"perplexity": calculate_perplexity(sentence)}
                          ^^^^^^^^^^^^^^^^^^^^^^^^^^^^^^
  File "/lustre09/project/6032307/arnauddr/MiniCPBP/server_mlm.py", line 134, in calculate_perplexity
    with mutex:
TypeError: 'Lock' object does not support the context manager protocol
127.0.0.1 - - [30/Nov/2025 21:54:21] "[35m[1mPOST /perplexity HTTP/1.1[0m" 500 -
[2025-11-30 21:54:21,345] ERROR in app: Exception on /perplexity [POST]
Traceback (most recent call last):
  File "/lustre09/project/6032307/arnauddr/MiniCPBP/venv/lib/python3.11/site-packages/flask/app.py", line 1511, in wsgi_app
    response = self.full_dispatch_request()
               ^^^^^^^^^^^^^^^^^^^^^^^^^^^^
  File "/lustre09/project/6032307/arnauddr/MiniCPBP/venv/lib/python3.11/site-packages/flask/app.py", line 919, in full_dispatch_request
    rv = self.handle_user_exception(e)
         ^^^^^^^^^^^^^^^^^^^^^^^^^^^^^
  File "/lustre09/project/6032307/arnauddr/MiniCPBP/venv/lib/python3.11/site-packages/flask/app.py", line 917, in full_dispatch_request
    rv = self.dispatch_request()
         ^^^^^^^^^^^^^^^^^^^^^^^
  File "/lustre09/project/6032307/arnauddr/MiniCPBP/venv/lib/python3.11/site-packages/flask/app.py", line 902, in dispatch_request
    return self.ensure_sync(self.view_functions[rule.endpoint])(**view_args)  # type: ignore[no-any-return]
           ^^^^^^^^^^^^^^^^^^^^^^^^^^^^^^^^^^^^^^^^^^^^^^^^^^^^^^^^^^^^^^^^^
  File "/lustre09/project/6032307/arnauddr/MiniCPBP/server_mlm.py", line 147, in perplexity
    return {"perplexity": calculate_perplexity(sentence)}
                          ^^^^^^^^^^^^^^^^^^^^^^^^^^^^^^
  File "/lustre09/project/6032307/arnauddr/MiniCPBP/server_mlm.py", line 134, in calculate_perplexity
    with mutex:
TypeError: 'Lock' object does not support the context manager protocol
127.0.0.1 - - [30/Nov/2025 21:54:21] "[35m[1mPOST /perplexity HTTP/1.1[0m" 500 -
[2025-11-30 21:54:21,346] ERROR in app: Exception on /perplexity [POST]
Traceback (most recent call last):
  File "/lustre09/project/6032307/arnauddr/MiniCPBP/venv/lib/python3.11/site-packages/flask/app.py", line 1511, in wsgi_app
    response = self.full_dispatch_request()
               ^^^^^^^^^^^^^^^^^^^^^^^^^^^^
  File "/lustre09/project/6032307/arnauddr/MiniCPBP/venv/lib/python3.11/site-packages/flask/app.py", line 919, in full_dispatch_request
    rv = self.handle_user_exception(e)
         ^^^^^^^^^^^^^^^^^^^^^^^^^^^^^
  File "/lustre09/project/6032307/arnauddr/MiniCPBP/venv/lib/python3.11/site-packages/flask/app.py", line 917, in full_dispatch_request
    rv = self.dispatch_request()
         ^^^^^^^^^^^^^^^^^^^^^^^
  File "/lustre09/project/6032307/arnauddr/MiniCPBP/venv/lib/python3.11/site-packages/flask/app.py", line 902, in dispatch_request
    return self.ensure_sync(self.view_functions[rule.endpoint])(**view_args)  # type: ignore[no-any-return]
           ^^^^^^^^^^^^^^^^^^^^^^^^^^^^^^^^^^^^^^^^^^^^^^^^^^^^^^^^^^^^^^^^^
  File "/lustre09/project/6032307/arnauddr/MiniCPBP/server_mlm.py", line 147, in perplexity
    return {"perplexity": calculate_perplexity(sentence)}
                          ^^^^^^^^^^^^^^^^^^^^^^^^^^^^^^
  File "/lustre09/project/6032307/arnauddr/MiniCPBP/server_mlm.py", line 134, in calculate_perplexity
    with mutex:
TypeError: 'Lock' object does not support the context manager protocol
127.0.0.1 - - [30/Nov/2025 21:54:21] "[35m[1mPOST /perplexity HTTP/1.1[0m" 500 -
[2025-11-30 21:54:21,370] ERROR in app: Exception on /perplexity [POST]
Traceback (most recent call last):
  File "/lustre09/project/6032307/arnauddr/MiniCPBP/venv/lib/python3.11/site-packages/flask/app.py", line 1511, in wsgi_app
    response = self.full_dispatch_request()
               ^^^^^^^^^^^^^^^^^^^^^^^^^^^^
  File "/lustre09/project/6032307/arnauddr/MiniCPBP/venv/lib/python3.11/site-packages/flask/app.py", line 919, in full_dispatch_request
    rv = self.handle_user_exception(e)
         ^^^^^^^^^^^^^^^^^^^^^^^^^^^^^
  File "/lustre09/project/6032307/arnauddr/MiniCPBP/venv/lib/python3.11/site-packages/flask/app.py", line 917, in full_dispatch_request
    rv = self.dispatch_request()
         ^^^^^^^^^^^^^^^^^^^^^^^
  File "/lustre09/project/6032307/arnauddr/MiniCPBP/venv/lib/python3.11/site-packages/flask/app.py", line 902, in dispatch_request
    return self.ensure_sync(self.view_functions[rule.endpoint])(**view_args)  # type: ignore[no-any-return]
           ^^^^^^^^^^^^^^^^^^^^^^^^^^^^^^^^^^^^^^^^^^^^^^^^^^^^^^^^^^^^^^^^^
  File "/lustre09/project/6032307/arnauddr/MiniCPBP/server_mlm.py", line 147, in perplexity
    return {"perplexity": calculate_perplexity(sentence)}
                          ^^^^^^^^^^^^^^^^^^^^^^^^^^^^^^
  File "/lustre09/project/6032307/arnauddr/MiniCPBP/server_mlm.py", line 134, in calculate_perplexity
    with mutex:
TypeError: 'Lock' object does not support the context manager protocol
127.0.0.1 - - [30/Nov/2025 21:54:21] "[35m[1mPOST /perplexity HTTP/1.1[0m" 500 -
[2025-11-30 21:54:21,411] ERROR in app: Exception on /perplexity [POST]
Traceback (most recent call last):
  File "/lustre09/project/6032307/arnauddr/MiniCPBP/venv/lib/python3.11/site-packages/flask/app.py", line 1511, in wsgi_app
    response = self.full_dispatch_request()
               ^^^^^^^^^^^^^^^^^^^^^^^^^^^^
  File "/lustre09/project/6032307/arnauddr/MiniCPBP/venv/lib/python3.11/site-packages/flask/app.py", line 919, in full_dispatch_request
    rv = self.handle_user_exception(e)
         ^^^^^^^^^^^^^^^^^^^^^^^^^^^^^
  File "/lustre09/project/6032307/arnauddr/MiniCPBP/venv/lib/python3.11/site-packages/flask/app.py", line 917, in full_dispatch_request
    rv = self.dispatch_request()
         ^^^^^^^^^^^^^^^^^^^^^^^
  File "/lustre09/project/6032307/arnauddr/MiniCPBP/venv/lib/python3.11/site-packages/flask/app.py", line 902, in dispatch_request
    return self.ensure_sync(self.view_functions[rule.endpoint])(**view_args)  # type: ignore[no-any-return]
           ^^^^^^^^^^^^^^^^^^^^^^^^^^^^^^^^^^^^^^^^^^^^^^^^^^^^^^^^^^^^^^^^^
  File "/lustre09/project/6032307/arnauddr/MiniCPBP/server_mlm.py", line 147, in perplexity
    return {"perplexity": calculate_perplexity(sentence)}
                          ^^^^^^^^^^^^^^^^^^^^^^^^^^^^^^
  File "/lustre09/project/6032307/arnauddr/MiniCPBP/server_mlm.py", line 134, in calculate_perplexity
    with mutex:
TypeError: 'Lock' object does not support the context manager protocol
127.0.0.1 - - [30/Nov/2025 21:54:21] "[35m[1mPOST /perplexity HTTP/1.1[0m" 500 -
[2025-11-30 21:54:21,429] ERROR in app: Exception on /perplexity [POST]
Traceback (most recent call last):
  File "/lustre09/project/6032307/arnauddr/MiniCPBP/venv/lib/python3.11/site-packages/flask/app.py", line 1511, in wsgi_app
    response = self.full_dispatch_request()
               ^^^^^^^^^^^^^^^^^^^^^^^^^^^^
  File "/lustre09/project/6032307/arnauddr/MiniCPBP/venv/lib/python3.11/site-packages/flask/app.py", line 919, in full_dispatch_request
    rv = self.handle_user_exception(e)
         ^^^^^^^^^^^^^^^^^^^^^^^^^^^^^
  File "/lustre09/project/6032307/arnauddr/MiniCPBP/venv/lib/python3.11/site-packages/flask/app.py", line 917, in full_dispatch_request
    rv = self.dispatch_request()
         ^^^^^^^^^^^^^^^^^^^^^^^
  File "/lustre09/project/6032307/arnauddr/MiniCPBP/venv/lib/python3.11/site-packages/flask/app.py", line 902, in dispatch_request
    return self.ensure_sync(self.view_functions[rule.endpoint])(**view_args)  # type: ignore[no-any-return]
           ^^^^^^^^^^^^^^^^^^^^^^^^^^^^^^^^^^^^^^^^^^^^^^^^^^^^^^^^^^^^^^^^^
  File "/lustre09/project/6032307/arnauddr/MiniCPBP/server_mlm.py", line 147, in perplexity
    return {"perplexity": calculate_perplexity(sentence)}
                          ^^^^^^^^^^^^^^^^^^^^^^^^^^^^^^
  File "/lustre09/project/6032307/arnauddr/MiniCPBP/server_mlm.py", line 134, in calculate_perplexity
    with mutex:
TypeError: 'Lock' object does not support the context manager protocol
127.0.0.1 - - [30/Nov/2025 21:54:21] "[35m[1mPOST /perplexity HTTP/1.1[0m" 500 -
[2025-11-30 21:54:21,450] ERROR in app: Exception on /perplexity [POST]
Traceback (most recent call last):
  File "/lustre09/project/6032307/arnauddr/MiniCPBP/venv/lib/python3.11/site-packages/flask/app.py", line 1511, in wsgi_app
    response = self.full_dispatch_request()
               ^^^^^^^^^^^^^^^^^^^^^^^^^^^^
  File "/lustre09/project/6032307/arnauddr/MiniCPBP/venv/lib/python3.11/site-packages/flask/app.py", line 919, in full_dispatch_request
    rv = self.handle_user_exception(e)
         ^^^^^^^^^^^^^^^^^^^^^^^^^^^^^
  File "/lustre09/project/6032307/arnauddr/MiniCPBP/venv/lib/python3.11/site-packages/flask/app.py", line 917, in full_dispatch_request
    rv = self.dispatch_request()
         ^^^^^^^^^^^^^^^^^^^^^^^
  File "/lustre09/project/6032307/arnauddr/MiniCPBP/venv/lib/python3.11/site-packages/flask/app.py", line 902, in dispatch_request
    return self.ensure_sync(self.view_functions[rule.endpoint])(**view_args)  # type: ignore[no-any-return]
           ^^^^^^^^^^^^^^^^^^^^^^^^^^^^^^^^^^^^^^^^^^^^^^^^^^^^^^^^^^^^^^^^^
  File "/lustre09/project/6032307/arnauddr/MiniCPBP/server_mlm.py", line 147, in perplexity
    return {"perplexity": calculate_perplexity(sentence)}
                          ^^^^^^^^^^^^^^^^^^^^^^^^^^^^^^
  File "/lustre09/project/6032307/arnauddr/MiniCPBP/server_mlm.py", line 134, in calculate_perplexity
    with mutex:
TypeError: 'Lock' object does not support the context manager protocol
127.0.0.1 - - [30/Nov/2025 21:54:21] "[35m[1mPOST /perplexity HTTP/1.1[0m" 500 -
[2025-11-30 21:54:21,461] ERROR in app: Exception on /perplexity [POST]
Traceback (most recent call last):
  File "/lustre09/project/6032307/arnauddr/MiniCPBP/venv/lib/python3.11/site-packages/flask/app.py", line 1511, in wsgi_app
    response = self.full_dispatch_request()
               ^^^^^^^^^^^^^^^^^^^^^^^^^^^^
  File "/lustre09/project/6032307/arnauddr/MiniCPBP/venv/lib/python3.11/site-packages/flask/app.py", line 919, in full_dispatch_request
    rv = self.handle_user_exception(e)
         ^^^^^^^^^^^^^^^^^^^^^^^^^^^^^
  File "/lustre09/project/6032307/arnauddr/MiniCPBP/venv/lib/python3.11/site-packages/flask/app.py", line 917, in full_dispatch_request
    rv = self.dispatch_request()
         ^^^^^^^^^^^^^^^^^^^^^^^
  File "/lustre09/project/6032307/arnauddr/MiniCPBP/venv/lib/python3.11/site-packages/flask/app.py", line 902, in dispatch_request
    return self.ensure_sync(self.view_functions[rule.endpoint])(**view_args)  # type: ignore[no-any-return]
           ^^^^^^^^^^^^^^^^^^^^^^^^^^^^^^^^^^^^^^^^^^^^^^^^^^^^^^^^^^^^^^^^^
  File "/lustre09/project/6032307/arnauddr/MiniCPBP/server_mlm.py", line 147, in perplexity
    return {"perplexity": calculate_perplexity(sentence)}
                          ^^^^^^^^^^^^^^^^^^^^^^^^^^^^^^
  File "/lustre09/project/6032307/arnauddr/MiniCPBP/server_mlm.py", line 134, in calculate_perplexity
    with mutex:
TypeError: 'Lock' object does not support the context manager protocol
127.0.0.1 - - [30/Nov/2025 21:54:21] "[35m[1mPOST /perplexity HTTP/1.1[0m" 500 -
[2025-11-30 21:54:21,465] ERROR in app: Exception on /perplexity [POST]
Traceback (most recent call last):
  File "/lustre09/project/6032307/arnauddr/MiniCPBP/venv/lib/python3.11/site-packages/flask/app.py", line 1511, in wsgi_app
    response = self.full_dispatch_request()
               ^^^^^^^^^^^^^^^^^^^^^^^^^^^^
  File "/lustre09/project/6032307/arnauddr/MiniCPBP/venv/lib/python3.11/site-packages/flask/app.py", line 919, in full_dispatch_request
    rv = self.handle_user_exception(e)
         ^^^^^^^^^^^^^^^^^^^^^^^^^^^^^
  File "/lustre09/project/6032307/arnauddr/MiniCPBP/venv/lib/python3.11/site-packages/flask/app.py", line 917, in full_dispatch_request
    rv = self.dispatch_request()
         ^^^^^^^^^^^^^^^^^^^^^^^
  File "/lustre09/project/6032307/arnauddr/MiniCPBP/venv/lib/python3.11/site-packages/flask/app.py", line 902, in dispatch_request
    return self.ensure_sync(self.view_functions[rule.endpoint])(**view_args)  # type: ignore[no-any-return]
           ^^^^^^^^^^^^^^^^^^^^^^^^^^^^^^^^^^^^^^^^^^^^^^^^^^^^^^^^^^^^^^^^^
  File "/lustre09/project/6032307/arnauddr/MiniCPBP/server_mlm.py", line 147, in perplexity
    return {"perplexity": calculate_perplexity(sentence)}
                          ^^^^^^^^^^^^^^^^^^^^^^^^^^^^^^
  File "/lustre09/project/6032307/arnauddr/MiniCPBP/server_mlm.py", line 134, in calculate_perplexity
    with mutex:
TypeError: 'Lock' object does not support the context manager protocol
127.0.0.1 - - [30/Nov/2025 21:54:21] "[35m[1mPOST /perplexity HTTP/1.1[0m" 500 -
[2025-11-30 21:54:21,466] ERROR in app: Exception on /perplexity [POST]
Traceback (most recent call last):
  File "/lustre09/project/6032307/arnauddr/MiniCPBP/venv/lib/python3.11/site-packages/flask/app.py", line 1511, in wsgi_app
    response = self.full_dispatch_request()
               ^^^^^^^^^^^^^^^^^^^^^^^^^^^^
  File "/lustre09/project/6032307/arnauddr/MiniCPBP/venv/lib/python3.11/site-packages/flask/app.py", line 919, in full_dispatch_request
    rv = self.handle_user_exception(e)
         ^^^^^^^^^^^^^^^^^^^^^^^^^^^^^
  File "/lustre09/project/6032307/arnauddr/MiniCPBP/venv/lib/python3.11/site-packages/flask/app.py", line 917, in full_dispatch_request
    rv = self.dispatch_request()
         ^^^^^^^^^^^^^^^^^^^^^^^
  File "/lustre09/project/6032307/arnauddr/MiniCPBP/venv/lib/python3.11/site-packages/flask/app.py", line 902, in dispatch_request
    return self.ensure_sync(self.view_functions[rule.endpoint])(**view_args)  # type: ignore[no-any-return]
           ^^^^^^^^^^^^^^^^^^^^^^^^^^^^^^^^^^^^^^^^^^^^^^^^^^^^^^^^^^^^^^^^^
  File "/lustre09/project/6032307/arnauddr/MiniCPBP/server_mlm.py", line 147, in perplexity
    return {"perplexity": calculate_perplexity(sentence)}
                          ^^^^^^^^^^^^^^^^^^^^^^^^^^^^^^
  File "/lustre09/project/6032307/arnauddr/MiniCPBP/server_mlm.py", line 134, in calculate_perplexity
    with mutex:
TypeError: 'Lock' object does not support the context manager protocol
127.0.0.1 - - [30/Nov/2025 21:54:21] "[35m[1mPOST /perplexity HTTP/1.1[0m" 500 -
[2025-11-30 21:54:21,467] ERROR in app: Exception on /perplexity [POST]
Traceback (most recent call last):
  File "/lustre09/project/6032307/arnauddr/MiniCPBP/venv/lib/python3.11/site-packages/flask/app.py", line 1511, in wsgi_app
    response = self.full_dispatch_request()
               ^^^^^^^^^^^^^^^^^^^^^^^^^^^^
  File "/lustre09/project/6032307/arnauddr/MiniCPBP/venv/lib/python3.11/site-packages/flask/app.py", line 919, in full_dispatch_request
    rv = self.handle_user_exception(e)
         ^^^^^^^^^^^^^^^^^^^^^^^^^^^^^
  File "/lustre09/project/6032307/arnauddr/MiniCPBP/venv/lib/python3.11/site-packages/flask/app.py", line 917, in full_dispatch_request
    rv = self.dispatch_request()
         ^^^^^^^^^^^^^^^^^^^^^^^
  File "/lustre09/project/6032307/arnauddr/MiniCPBP/venv/lib/python3.11/site-packages/flask/app.py", line 902, in dispatch_request
    return self.ensure_sync(self.view_functions[rule.endpoint])(**view_args)  # type: ignore[no-any-return]
           ^^^^^^^^^^^^^^^^^^^^^^^^^^^^^^^^^^^^^^^^^^^^^^^^^^^^^^^^^^^^^^^^^
  File "/lustre09/project/6032307/arnauddr/MiniCPBP/server_mlm.py", line 147, in perplexity
    return {"perplexity": calculate_perplexity(sentence)}
                          ^^^^^^^^^^^^^^^^^^^^^^^^^^^^^^
  File "/lustre09/project/6032307/arnauddr/MiniCPBP/server_mlm.py", line 134, in calculate_perplexity
    with mutex:
TypeError: 'Lock' object does not support the context manager protocol
127.0.0.1 - - [30/Nov/2025 21:54:21] "[35m[1mPOST /perplexity HTTP/1.1[0m" 500 -
[2025-11-30 21:54:21,514] ERROR in app: Exception on /perplexity [POST]
Traceback (most recent call last):
  File "/lustre09/project/6032307/arnauddr/MiniCPBP/venv/lib/python3.11/site-packages/flask/app.py", line 1511, in wsgi_app
    response = self.full_dispatch_request()
               ^^^^^^^^^^^^^^^^^^^^^^^^^^^^
  File "/lustre09/project/6032307/arnauddr/MiniCPBP/venv/lib/python3.11/site-packages/flask/app.py", line 919, in full_dispatch_request
    rv = self.handle_user_exception(e)
         ^^^^^^^^^^^^^^^^^^^^^^^^^^^^^
  File "/lustre09/project/6032307/arnauddr/MiniCPBP/venv/lib/python3.11/site-packages/flask/app.py", line 917, in full_dispatch_request
    rv = self.dispatch_request()
         ^^^^^^^^^^^^^^^^^^^^^^^
  File "/lustre09/project/6032307/arnauddr/MiniCPBP/venv/lib/python3.11/site-packages/flask/app.py", line 902, in dispatch_request
    return self.ensure_sync(self.view_functions[rule.endpoint])(**view_args)  # type: ignore[no-any-return]
           ^^^^^^^^^^^^^^^^^^^^^^^^^^^^^^^^^^^^^^^^^^^^^^^^^^^^^^^^^^^^^^^^^
  File "/lustre09/project/6032307/arnauddr/MiniCPBP/server_mlm.py", line 147, in perplexity
    return {"perplexity": calculate_perplexity(sentence)}
                          ^^^^^^^^^^^^^^^^^^^^^^^^^^^^^^
  File "/lustre09/project/6032307/arnauddr/MiniCPBP/server_mlm.py", line 134, in calculate_perplexity
    with mutex:
TypeError: 'Lock' object does not support the context manager protocol
127.0.0.1 - - [30/Nov/2025 21:54:21] "[35m[1mPOST /perplexity HTTP/1.1[0m" 500 -
[2025-11-30 21:54:21,525] ERROR in app: Exception on /perplexity [POST]
Traceback (most recent call last):
  File "/lustre09/project/6032307/arnauddr/MiniCPBP/venv/lib/python3.11/site-packages/flask/app.py", line 1511, in wsgi_app
    response = self.full_dispatch_request()
               ^^^^^^^^^^^^^^^^^^^^^^^^^^^^
  File "/lustre09/project/6032307/arnauddr/MiniCPBP/venv/lib/python3.11/site-packages/flask/app.py", line 919, in full_dispatch_request
    rv = self.handle_user_exception(e)
         ^^^^^^^^^^^^^^^^^^^^^^^^^^^^^
  File "/lustre09/project/6032307/arnauddr/MiniCPBP/venv/lib/python3.11/site-packages/flask/app.py", line 917, in full_dispatch_request
    rv = self.dispatch_request()
         ^^^^^^^^^^^^^^^^^^^^^^^
  File "/lustre09/project/6032307/arnauddr/MiniCPBP/venv/lib/python3.11/site-packages/flask/app.py", line 902, in dispatch_request
    return self.ensure_sync(self.view_functions[rule.endpoint])(**view_args)  # type: ignore[no-any-return]
           ^^^^^^^^^^^^^^^^^^^^^^^^^^^^^^^^^^^^^^^^^^^^^^^^^^^^^^^^^^^^^^^^^
  File "/lustre09/project/6032307/arnauddr/MiniCPBP/server_mlm.py", line 147, in perplexity
    return {"perplexity": calculate_perplexity(sentence)}
                          ^^^^^^^^^^^^^^^^^^^^^^^^^^^^^^
  File "/lustre09/project/6032307/arnauddr/MiniCPBP/server_mlm.py", line 134, in calculate_perplexity
    with mutex:
TypeError: 'Lock' object does not support the context manager protocol
127.0.0.1 - - [30/Nov/2025 21:54:21] "[35m[1mPOST /perplexity HTTP/1.1[0m" 500 -
[2025-11-30 21:54:21,528] ERROR in app: Exception on /perplexity [POST]
Traceback (most recent call last):
  File "/lustre09/project/6032307/arnauddr/MiniCPBP/venv/lib/python3.11/site-packages/flask/app.py", line 1511, in wsgi_app
    response = self.full_dispatch_request()
               ^^^^^^^^^^^^^^^^^^^^^^^^^^^^
  File "/lustre09/project/6032307/arnauddr/MiniCPBP/venv/lib/python3.11/site-packages/flask/app.py", line 919, in full_dispatch_request
    rv = self.handle_user_exception(e)
         ^^^^^^^^^^^^^^^^^^^^^^^^^^^^^
  File "/lustre09/project/6032307/arnauddr/MiniCPBP/venv/lib/python3.11/site-packages/flask/app.py", line 917, in full_dispatch_request
    rv = self.dispatch_request()
         ^^^^^^^^^^^^^^^^^^^^^^^
  File "/lustre09/project/6032307/arnauddr/MiniCPBP/venv/lib/python3.11/site-packages/flask/app.py", line 902, in dispatch_request
    return self.ensure_sync(self.view_functions[rule.endpoint])(**view_args)  # type: ignore[no-any-return]
           ^^^^^^^^^^^^^^^^^^^^^^^^^^^^^^^^^^^^^^^^^^^^^^^^^^^^^^^^^^^^^^^^^
  File "/lustre09/project/6032307/arnauddr/MiniCPBP/server_mlm.py", line 147, in perplexity
    return {"perplexity": calculate_perplexity(sentence)}
                          ^^^^^^^^^^^^^^^^^^^^^^^^^^^^^^
  File "/lustre09/project/6032307/arnauddr/MiniCPBP/server_mlm.py", line 134, in calculate_perplexity
    with mutex:
TypeError: 'Lock' object does not support the context manager protocol
127.0.0.1 - - [30/Nov/2025 21:54:21] "[35m[1mPOST /perplexity HTTP/1.1[0m" 500 -
[2025-11-30 21:54:21,528] ERROR in app: Exception on /perplexity [POST]
Traceback (most recent call last):
  File "/lustre09/project/6032307/arnauddr/MiniCPBP/venv/lib/python3.11/site-packages/flask/app.py", line 1511, in wsgi_app
    response = self.full_dispatch_request()
               ^^^^^^^^^^^^^^^^^^^^^^^^^^^^
  File "/lustre09/project/6032307/arnauddr/MiniCPBP/venv/lib/python3.11/site-packages/flask/app.py", line 919, in full_dispatch_request
    rv = self.handle_user_exception(e)
         ^^^^^^^^^^^^^^^^^^^^^^^^^^^^^
  File "/lustre09/project/6032307/arnauddr/MiniCPBP/venv/lib/python3.11/site-packages/flask/app.py", line 917, in full_dispatch_request
    rv = self.dispatch_request()
         ^^^^^^^^^^^^^^^^^^^^^^^
  File "/lustre09/project/6032307/arnauddr/MiniCPBP/venv/lib/python3.11/site-packages/flask/app.py", line 902, in dispatch_request
    return self.ensure_sync(self.view_functions[rule.endpoint])(**view_args)  # type: ignore[no-any-return]
           ^^^^^^^^^^^^^^^^^^^^^^^^^^^^^^^^^^^^^^^^^^^^^^^^^^^^^^^^^^^^^^^^^
  File "/lustre09/project/6032307/arnauddr/MiniCPBP/server_mlm.py", line 147, in perplexity
    return {"perplexity": calculate_perplexity(sentence)}
                          ^^^^^^^^^^^^^^^^^^^^^^^^^^^^^^
  File "/lustre09/project/6032307/arnauddr/MiniCPBP/server_mlm.py", line 134, in calculate_perplexity
    with mutex:
TypeError: 'Lock' object does not support the context manager protocol
127.0.0.1 - - [30/Nov/2025 21:54:21] "[35m[1mPOST /perplexity HTTP/1.1[0m" 500 -
[2025-11-30 21:54:21,585] ERROR in app: Exception on /perplexity [POST]
Traceback (most recent call last):
  File "/lustre09/project/6032307/arnauddr/MiniCPBP/venv/lib/python3.11/site-packages/flask/app.py", line 1511, in wsgi_app
    response = self.full_dispatch_request()
               ^^^^^^^^^^^^^^^^^^^^^^^^^^^^
  File "/lustre09/project/6032307/arnauddr/MiniCPBP/venv/lib/python3.11/site-packages/flask/app.py", line 919, in full_dispatch_request
    rv = self.handle_user_exception(e)
         ^^^^^^^^^^^^^^^^^^^^^^^^^^^^^
  File "/lustre09/project/6032307/arnauddr/MiniCPBP/venv/lib/python3.11/site-packages/flask/app.py", line 917, in full_dispatch_request
    rv = self.dispatch_request()
         ^^^^^^^^^^^^^^^^^^^^^^^
  File "/lustre09/project/6032307/arnauddr/MiniCPBP/venv/lib/python3.11/site-packages/flask/app.py", line 902, in dispatch_request
    return self.ensure_sync(self.view_functions[rule.endpoint])(**view_args)  # type: ignore[no-any-return]
           ^^^^^^^^^^^^^^^^^^^^^^^^^^^^^^^^^^^^^^^^^^^^^^^^^^^^^^^^^^^^^^^^^
  File "/lustre09/project/6032307/arnauddr/MiniCPBP/server_mlm.py", line 147, in perplexity
    return {"perplexity": calculate_perplexity(sentence)}
                          ^^^^^^^^^^^^^^^^^^^^^^^^^^^^^^
  File "/lustre09/project/6032307/arnauddr/MiniCPBP/server_mlm.py", line 134, in calculate_perplexity
    with mutex:
TypeError: 'Lock' object does not support the context manager protocol
127.0.0.1 - - [30/Nov/2025 21:54:21] "[35m[1mPOST /perplexity HTTP/1.1[0m" 500 -
[2025-11-30 21:54:21,589] ERROR in app: Exception on /perplexity [POST]
Traceback (most recent call last):
  File "/lustre09/project/6032307/arnauddr/MiniCPBP/venv/lib/python3.11/site-packages/flask/app.py", line 1511, in wsgi_app
    response = self.full_dispatch_request()
               ^^^^^^^^^^^^^^^^^^^^^^^^^^^^
  File "/lustre09/project/6032307/arnauddr/MiniCPBP/venv/lib/python3.11/site-packages/flask/app.py", line 919, in full_dispatch_request
    rv = self.handle_user_exception(e)
         ^^^^^^^^^^^^^^^^^^^^^^^^^^^^^
  File "/lustre09/project/6032307/arnauddr/MiniCPBP/venv/lib/python3.11/site-packages/flask/app.py", line 917, in full_dispatch_request
    rv = self.dispatch_request()
         ^^^^^^^^^^^^^^^^^^^^^^^
  File "/lustre09/project/6032307/arnauddr/MiniCPBP/venv/lib/python3.11/site-packages/flask/app.py", line 902, in dispatch_request
    return self.ensure_sync(self.view_functions[rule.endpoint])(**view_args)  # type: ignore[no-any-return]
           ^^^^^^^^^^^^^^^^^^^^^^^^^^^^^^^^^^^^^^^^^^^^^^^^^^^^^^^^^^^^^^^^^
  File "/lustre09/project/6032307/arnauddr/MiniCPBP/server_mlm.py", line 147, in perplexity
    return {"perplexity": calculate_perplexity(sentence)}
                          ^^^^^^^^^^^^^^^^^^^^^^^^^^^^^^
  File "/lustre09/project/6032307/arnauddr/MiniCPBP/server_mlm.py", line 134, in calculate_perplexity
    with mutex:
TypeError: 'Lock' object does not support the context manager protocol
127.0.0.1 - - [30/Nov/2025 21:54:21] "[35m[1mPOST /perplexity HTTP/1.1[0m" 500 -
[2025-11-30 21:54:21,595] ERROR in app: Exception on /perplexity [POST]
Traceback (most recent call last):
  File "/lustre09/project/6032307/arnauddr/MiniCPBP/venv/lib/python3.11/site-packages/flask/app.py", line 1511, in wsgi_app
    response = self.full_dispatch_request()
               ^^^^^^^^^^^^^^^^^^^^^^^^^^^^
  File "/lustre09/project/6032307/arnauddr/MiniCPBP/venv/lib/python3.11/site-packages/flask/app.py", line 919, in full_dispatch_request
    rv = self.handle_user_exception(e)
         ^^^^^^^^^^^^^^^^^^^^^^^^^^^^^
  File "/lustre09/project/6032307/arnauddr/MiniCPBP/venv/lib/python3.11/site-packages/flask/app.py", line 917, in full_dispatch_request
    rv = self.dispatch_request()
         ^^^^^^^^^^^^^^^^^^^^^^^
  File "/lustre09/project/6032307/arnauddr/MiniCPBP/venv/lib/python3.11/site-packages/flask/app.py", line 902, in dispatch_request
    return self.ensure_sync(self.view_functions[rule.endpoint])(**view_args)  # type: ignore[no-any-return]
           ^^^^^^^^^^^^^^^^^^^^^^^^^^^^^^^^^^^^^^^^^^^^^^^^^^^^^^^^^^^^^^^^^
  File "/lustre09/project/6032307/arnauddr/MiniCPBP/server_mlm.py", line 147, in perplexity
    return {"perplexity": calculate_perplexity(sentence)}
                          ^^^^^^^^^^^^^^^^^^^^^^^^^^^^^^
  File "/lustre09/project/6032307/arnauddr/MiniCPBP/server_mlm.py", line 134, in calculate_perplexity
    with mutex:
TypeError: 'Lock' object does not support the context manager protocol
127.0.0.1 - - [30/Nov/2025 21:54:21] "[35m[1mPOST /perplexity HTTP/1.1[0m" 500 -
[2025-11-30 21:54:21,669] ERROR in app: Exception on /perplexity [POST]
Traceback (most recent call last):
  File "/lustre09/project/6032307/arnauddr/MiniCPBP/venv/lib/python3.11/site-packages/flask/app.py", line 1511, in wsgi_app
    response = self.full_dispatch_request()
               ^^^^^^^^^^^^^^^^^^^^^^^^^^^^
  File "/lustre09/project/6032307/arnauddr/MiniCPBP/venv/lib/python3.11/site-packages/flask/app.py", line 919, in full_dispatch_request
    rv = self.handle_user_exception(e)
         ^^^^^^^^^^^^^^^^^^^^^^^^^^^^^
  File "/lustre09/project/6032307/arnauddr/MiniCPBP/venv/lib/python3.11/site-packages/flask/app.py", line 917, in full_dispatch_request
    rv = self.dispatch_request()
         ^^^^^^^^^^^^^^^^^^^^^^^
  File "/lustre09/project/6032307/arnauddr/MiniCPBP/venv/lib/python3.11/site-packages/flask/app.py", line 902, in dispatch_request
    return self.ensure_sync(self.view_functions[rule.endpoint])(**view_args)  # type: ignore[no-any-return]
           ^^^^^^^^^^^^^^^^^^^^^^^^^^^^^^^^^^^^^^^^^^^^^^^^^^^^^^^^^^^^^^^^^
  File "/lustre09/project/6032307/arnauddr/MiniCPBP/server_mlm.py", line 147, in perplexity
    return {"perplexity": calculate_perplexity(sentence)}
                          ^^^^^^^^^^^^^^^^^^^^^^^^^^^^^^
  File "/lustre09/project/6032307/arnauddr/MiniCPBP/server_mlm.py", line 134, in calculate_perplexity
    with mutex:
TypeError: 'Lock' object does not support the context manager protocol
127.0.0.1 - - [30/Nov/2025 21:54:21] "[35m[1mPOST /perplexity HTTP/1.1[0m" 500 -
[2025-11-30 21:54:21,671] ERROR in app: Exception on /perplexity [POST]
Traceback (most recent call last):
  File "/lustre09/project/6032307/arnauddr/MiniCPBP/venv/lib/python3.11/site-packages/flask/app.py", line 1511, in wsgi_app
    response = self.full_dispatch_request()
               ^^^^^^^^^^^^^^^^^^^^^^^^^^^^
  File "/lustre09/project/6032307/arnauddr/MiniCPBP/venv/lib/python3.11/site-packages/flask/app.py", line 919, in full_dispatch_request
    rv = self.handle_user_exception(e)
         ^^^^^^^^^^^^^^^^^^^^^^^^^^^^^
  File "/lustre09/project/6032307/arnauddr/MiniCPBP/venv/lib/python3.11/site-packages/flask/app.py", line 917, in full_dispatch_request
    rv = self.dispatch_request()
         ^^^^^^^^^^^^^^^^^^^^^^^
  File "/lustre09/project/6032307/arnauddr/MiniCPBP/venv/lib/python3.11/site-packages/flask/app.py", line 902, in dispatch_request
    return self.ensure_sync(self.view_functions[rule.endpoint])(**view_args)  # type: ignore[no-any-return]
           ^^^^^^^^^^^^^^^^^^^^^^^^^^^^^^^^^^^^^^^^^^^^^^^^^^^^^^^^^^^^^^^^^
  File "/lustre09/project/6032307/arnauddr/MiniCPBP/server_mlm.py", line 147, in perplexity
    return {"perplexity": calculate_perplexity(sentence)}
                          ^^^^^^^^^^^^^^^^^^^^^^^^^^^^^^
  File "/lustre09/project/6032307/arnauddr/MiniCPBP/server_mlm.py", line 134, in calculate_perplexity
    with mutex:
TypeError: 'Lock' object does not support the context manager protocol
127.0.0.1 - - [30/Nov/2025 21:54:21] "[35m[1mPOST /perplexity HTTP/1.1[0m" 500 -
[2025-11-30 21:54:21,683] ERROR in app: Exception on /perplexity [POST]
Traceback (most recent call last):
  File "/lustre09/project/6032307/arnauddr/MiniCPBP/venv/lib/python3.11/site-packages/flask/app.py", line 1511, in wsgi_app
    response = self.full_dispatch_request()
               ^^^^^^^^^^^^^^^^^^^^^^^^^^^^
  File "/lustre09/project/6032307/arnauddr/MiniCPBP/venv/lib/python3.11/site-packages/flask/app.py", line 919, in full_dispatch_request
    rv = self.handle_user_exception(e)
         ^^^^^^^^^^^^^^^^^^^^^^^^^^^^^
  File "/lustre09/project/6032307/arnauddr/MiniCPBP/venv/lib/python3.11/site-packages/flask/app.py", line 917, in full_dispatch_request
    rv = self.dispatch_request()
         ^^^^^^^^^^^^^^^^^^^^^^^
  File "/lustre09/project/6032307/arnauddr/MiniCPBP/venv/lib/python3.11/site-packages/flask/app.py", line 902, in dispatch_request
    return self.ensure_sync(self.view_functions[rule.endpoint])(**view_args)  # type: ignore[no-any-return]
           ^^^^^^^^^^^^^^^^^^^^^^^^^^^^^^^^^^^^^^^^^^^^^^^^^^^^^^^^^^^^^^^^^
  File "/lustre09/project/6032307/arnauddr/MiniCPBP/server_mlm.py", line 147, in perplexity
    return {"perplexity": calculate_perplexity(sentence)}
                          ^^^^^^^^^^^^^^^^^^^^^^^^^^^^^^
  File "/lustre09/project/6032307/arnauddr/MiniCPBP/server_mlm.py", line 134, in calculate_perplexity
    with mutex:
TypeError: 'Lock' object does not support the context manager protocol
127.0.0.1 - - [30/Nov/2025 21:54:21] "[35m[1mPOST /perplexity HTTP/1.1[0m" 500 -
[2025-11-30 21:54:21,701] ERROR in app: Exception on /perplexity [POST]
Traceback (most recent call last):
  File "/lustre09/project/6032307/arnauddr/MiniCPBP/venv/lib/python3.11/site-packages/flask/app.py", line 1511, in wsgi_app
    response = self.full_dispatch_request()
               ^^^^^^^^^^^^^^^^^^^^^^^^^^^^
  File "/lustre09/project/6032307/arnauddr/MiniCPBP/venv/lib/python3.11/site-packages/flask/app.py", line 919, in full_dispatch_request
    rv = self.handle_user_exception(e)
         ^^^^^^^^^^^^^^^^^^^^^^^^^^^^^
  File "/lustre09/project/6032307/arnauddr/MiniCPBP/venv/lib/python3.11/site-packages/flask/app.py", line 917, in full_dispatch_request
    rv = self.dispatch_request()
         ^^^^^^^^^^^^^^^^^^^^^^^
  File "/lustre09/project/6032307/arnauddr/MiniCPBP/venv/lib/python3.11/site-packages/flask/app.py", line 902, in dispatch_request
    return self.ensure_sync(self.view_functions[rule.endpoint])(**view_args)  # type: ignore[no-any-return]
           ^^^^^^^^^^^^^^^^^^^^^^^^^^^^^^^^^^^^^^^^^^^^^^^^^^^^^^^^^^^^^^^^^
  File "/lustre09/project/6032307/arnauddr/MiniCPBP/server_mlm.py", line 147, in perplexity
    return {"perplexity": calculate_perplexity(sentence)}
                          ^^^^^^^^^^^^^^^^^^^^^^^^^^^^^^
  File "/lustre09/project/6032307/arnauddr/MiniCPBP/server_mlm.py", line 134, in calculate_perplexity
    with mutex:
TypeError: 'Lock' object does not support the context manager protocol
127.0.0.1 - - [30/Nov/2025 21:54:21] "[35m[1mPOST /perplexity HTTP/1.1[0m" 500 -
[2025-11-30 21:54:21,723] ERROR in app: Exception on /perplexity [POST]
Traceback (most recent call last):
  File "/lustre09/project/6032307/arnauddr/MiniCPBP/venv/lib/python3.11/site-packages/flask/app.py", line 1511, in wsgi_app
    response = self.full_dispatch_request()
               ^^^^^^^^^^^^^^^^^^^^^^^^^^^^
  File "/lustre09/project/6032307/arnauddr/MiniCPBP/venv/lib/python3.11/site-packages/flask/app.py", line 919, in full_dispatch_request
    rv = self.handle_user_exception(e)
         ^^^^^^^^^^^^^^^^^^^^^^^^^^^^^
  File "/lustre09/project/6032307/arnauddr/MiniCPBP/venv/lib/python3.11/site-packages/flask/app.py", line 917, in full_dispatch_request
    rv = self.dispatch_request()
         ^^^^^^^^^^^^^^^^^^^^^^^
  File "/lustre09/project/6032307/arnauddr/MiniCPBP/venv/lib/python3.11/site-packages/flask/app.py", line 902, in dispatch_request
    return self.ensure_sync(self.view_functions[rule.endpoint])(**view_args)  # type: ignore[no-any-return]
           ^^^^^^^^^^^^^^^^^^^^^^^^^^^^^^^^^^^^^^^^^^^^^^^^^^^^^^^^^^^^^^^^^
  File "/lustre09/project/6032307/arnauddr/MiniCPBP/server_mlm.py", line 147, in perplexity
    return {"perplexity": calculate_perplexity(sentence)}
                          ^^^^^^^^^^^^^^^^^^^^^^^^^^^^^^
  File "/lustre09/project/6032307/arnauddr/MiniCPBP/server_mlm.py", line 134, in calculate_perplexity
    with mutex:
TypeError: 'Lock' object does not support the context manager protocol
127.0.0.1 - - [30/Nov/2025 21:54:21] "[35m[1mPOST /perplexity HTTP/1.1[0m" 500 -
[2025-11-30 21:54:21,726] ERROR in app: Exception on /perplexity [POST]
Traceback (most recent call last):
  File "/lustre09/project/6032307/arnauddr/MiniCPBP/venv/lib/python3.11/site-packages/flask/app.py", line 1511, in wsgi_app
    response = self.full_dispatch_request()
               ^^^^^^^^^^^^^^^^^^^^^^^^^^^^
  File "/lustre09/project/6032307/arnauddr/MiniCPBP/venv/lib/python3.11/site-packages/flask/app.py", line 919, in full_dispatch_request
    rv = self.handle_user_exception(e)
         ^^^^^^^^^^^^^^^^^^^^^^^^^^^^^
  File "/lustre09/project/6032307/arnauddr/MiniCPBP/venv/lib/python3.11/site-packages/flask/app.py", line 917, in full_dispatch_request
    rv = self.dispatch_request()
         ^^^^^^^^^^^^^^^^^^^^^^^
  File "/lustre09/project/6032307/arnauddr/MiniCPBP/venv/lib/python3.11/site-packages/flask/app.py", line 902, in dispatch_request
    return self.ensure_sync(self.view_functions[rule.endpoint])(**view_args)  # type: ignore[no-any-return]
           ^^^^^^^^^^^^^^^^^^^^^^^^^^^^^^^^^^^^^^^^^^^^^^^^^^^^^^^^^^^^^^^^^
  File "/lustre09/project/6032307/arnauddr/MiniCPBP/server_mlm.py", line 147, in perplexity
    return {"perplexity": calculate_perplexity(sentence)}
                          ^^^^^^^^^^^^^^^^^^^^^^^^^^^^^^
  File "/lustre09/project/6032307/arnauddr/MiniCPBP/server_mlm.py", line 134, in calculate_perplexity
    with mutex:
TypeError: 'Lock' object does not support the context manager protocol
127.0.0.1 - - [30/Nov/2025 21:54:21] "[35m[1mPOST /perplexity HTTP/1.1[0m" 500 -
[2025-11-30 21:54:21,728] ERROR in app: Exception on /perplexity [POST]
Traceback (most recent call last):
  File "/lustre09/project/6032307/arnauddr/MiniCPBP/venv/lib/python3.11/site-packages/flask/app.py", line 1511, in wsgi_app
    response = self.full_dispatch_request()
               ^^^^^^^^^^^^^^^^^^^^^^^^^^^^
  File "/lustre09/project/6032307/arnauddr/MiniCPBP/venv/lib/python3.11/site-packages/flask/app.py", line 919, in full_dispatch_request
    rv = self.handle_user_exception(e)
         ^^^^^^^^^^^^^^^^^^^^^^^^^^^^^
  File "/lustre09/project/6032307/arnauddr/MiniCPBP/venv/lib/python3.11/site-packages/flask/app.py", line 917, in full_dispatch_request
    rv = self.dispatch_request()
         ^^^^^^^^^^^^^^^^^^^^^^^
  File "/lustre09/project/6032307/arnauddr/MiniCPBP/venv/lib/python3.11/site-packages/flask/app.py", line 902, in dispatch_request
    return self.ensure_sync(self.view_functions[rule.endpoint])(**view_args)  # type: ignore[no-any-return]
           ^^^^^^^^^^^^^^^^^^^^^^^^^^^^^^^^^^^^^^^^^^^^^^^^^^^^^^^^^^^^^^^^^
  File "/lustre09/project/6032307/arnauddr/MiniCPBP/server_mlm.py", line 147, in perplexity
    return {"perplexity": calculate_perplexity(sentence)}
                          ^^^^^^^^^^^^^^^^^^^^^^^^^^^^^^
  File "/lustre09/project/6032307/arnauddr/MiniCPBP/server_mlm.py", line 134, in calculate_perplexity
    with mutex:
TypeError: 'Lock' object does not support the context manager protocol
127.0.0.1 - - [30/Nov/2025 21:54:21] "[35m[1mPOST /perplexity HTTP/1.1[0m" 500 -
[2025-11-30 21:54:21,729] ERROR in app: Exception on /perplexity [POST]
Traceback (most recent call last):
  File "/lustre09/project/6032307/arnauddr/MiniCPBP/venv/lib/python3.11/site-packages/flask/app.py", line 1511, in wsgi_app
    response = self.full_dispatch_request()
               ^^^^^^^^^^^^^^^^^^^^^^^^^^^^
  File "/lustre09/project/6032307/arnauddr/MiniCPBP/venv/lib/python3.11/site-packages/flask/app.py", line 919, in full_dispatch_request
    rv = self.handle_user_exception(e)
         ^^^^^^^^^^^^^^^^^^^^^^^^^^^^^
  File "/lustre09/project/6032307/arnauddr/MiniCPBP/venv/lib/python3.11/site-packages/flask/app.py", line 917, in full_dispatch_request
    rv = self.dispatch_request()
         ^^^^^^^^^^^^^^^^^^^^^^^
  File "/lustre09/project/6032307/arnauddr/MiniCPBP/venv/lib/python3.11/site-packages/flask/app.py", line 902, in dispatch_request
    return self.ensure_sync(self.view_functions[rule.endpoint])(**view_args)  # type: ignore[no-any-return]
           ^^^^^^^^^^^^^^^^^^^^^^^^^^^^^^^^^^^^^^^^^^^^^^^^^^^^^^^^^^^^^^^^^
  File "/lustre09/project/6032307/arnauddr/MiniCPBP/server_mlm.py", line 147, in perplexity
    return {"perplexity": calculate_perplexity(sentence)}
                          ^^^^^^^^^^^^^^^^^^^^^^^^^^^^^^
  File "/lustre09/project/6032307/arnauddr/MiniCPBP/server_mlm.py", line 134, in calculate_perplexity
    with mutex:
TypeError: 'Lock' object does not support the context manager protocol
127.0.0.1 - - [30/Nov/2025 21:54:21] "[35m[1mPOST /perplexity HTTP/1.1[0m" 500 -
[2025-11-30 21:54:21,762] ERROR in app: Exception on /perplexity [POST]
Traceback (most recent call last):
  File "/lustre09/project/6032307/arnauddr/MiniCPBP/venv/lib/python3.11/site-packages/flask/app.py", line 1511, in wsgi_app
    response = self.full_dispatch_request()
               ^^^^^^^^^^^^^^^^^^^^^^^^^^^^
  File "/lustre09/project/6032307/arnauddr/MiniCPBP/venv/lib/python3.11/site-packages/flask/app.py", line 919, in full_dispatch_request
    rv = self.handle_user_exception(e)
         ^^^^^^^^^^^^^^^^^^^^^^^^^^^^^
  File "/lustre09/project/6032307/arnauddr/MiniCPBP/venv/lib/python3.11/site-packages/flask/app.py", line 917, in full_dispatch_request
    rv = self.dispatch_request()
         ^^^^^^^^^^^^^^^^^^^^^^^
  File "/lustre09/project/6032307/arnauddr/MiniCPBP/venv/lib/python3.11/site-packages/flask/app.py", line 902, in dispatch_request
    return self.ensure_sync(self.view_functions[rule.endpoint])(**view_args)  # type: ignore[no-any-return]
           ^^^^^^^^^^^^^^^^^^^^^^^^^^^^^^^^^^^^^^^^^^^^^^^^^^^^^^^^^^^^^^^^^
  File "/lustre09/project/6032307/arnauddr/MiniCPBP/server_mlm.py", line 147, in perplexity
    return {"perplexity": calculate_perplexity(sentence)}
                          ^^^^^^^^^^^^^^^^^^^^^^^^^^^^^^
  File "/lustre09/project/6032307/arnauddr/MiniCPBP/server_mlm.py", line 134, in calculate_perplexity
    with mutex:
TypeError: 'Lock' object does not support the context manager protocol
127.0.0.1 - - [30/Nov/2025 21:54:21] "[35m[1mPOST /perplexity HTTP/1.1[0m" 500 -
[2025-11-30 21:54:21,763] ERROR in app: Exception on /perplexity [POST]
Traceback (most recent call last):
  File "/lustre09/project/6032307/arnauddr/MiniCPBP/venv/lib/python3.11/site-packages/flask/app.py", line 1511, in wsgi_app
    response = self.full_dispatch_request()
               ^^^^^^^^^^^^^^^^^^^^^^^^^^^^
  File "/lustre09/project/6032307/arnauddr/MiniCPBP/venv/lib/python3.11/site-packages/flask/app.py", line 919, in full_dispatch_request
    rv = self.handle_user_exception(e)
         ^^^^^^^^^^^^^^^^^^^^^^^^^^^^^
  File "/lustre09/project/6032307/arnauddr/MiniCPBP/venv/lib/python3.11/site-packages/flask/app.py", line 917, in full_dispatch_request
    rv = self.dispatch_request()
         ^^^^^^^^^^^^^^^^^^^^^^^
  File "/lustre09/project/6032307/arnauddr/MiniCPBP/venv/lib/python3.11/site-packages/flask/app.py", line 902, in dispatch_request
    return self.ensure_sync(self.view_functions[rule.endpoint])(**view_args)  # type: ignore[no-any-return]
           ^^^^^^^^^^^^^^^^^^^^^^^^^^^^^^^^^^^^^^^^^^^^^^^^^^^^^^^^^^^^^^^^^
  File "/lustre09/project/6032307/arnauddr/MiniCPBP/server_mlm.py", line 147, in perplexity
    return {"perplexity": calculate_perplexity(sentence)}
                          ^^^^^^^^^^^^^^^^^^^^^^^^^^^^^^
  File "/lustre09/project/6032307/arnauddr/MiniCPBP/server_mlm.py", line 134, in calculate_perplexity
    with mutex:
TypeError: 'Lock' object does not support the context manager protocol
127.0.0.1 - - [30/Nov/2025 21:54:21] "[35m[1mPOST /perplexity HTTP/1.1[0m" 500 -
[2025-11-30 21:54:21,766] ERROR in app: Exception on /perplexity [POST]
Traceback (most recent call last):
  File "/lustre09/project/6032307/arnauddr/MiniCPBP/venv/lib/python3.11/site-packages/flask/app.py", line 1511, in wsgi_app
    response = self.full_dispatch_request()
               ^^^^^^^^^^^^^^^^^^^^^^^^^^^^
  File "/lustre09/project/6032307/arnauddr/MiniCPBP/venv/lib/python3.11/site-packages/flask/app.py", line 919, in full_dispatch_request
    rv = self.handle_user_exception(e)
         ^^^^^^^^^^^^^^^^^^^^^^^^^^^^^
  File "/lustre09/project/6032307/arnauddr/MiniCPBP/venv/lib/python3.11/site-packages/flask/app.py", line 917, in full_dispatch_request
    rv = self.dispatch_request()
         ^^^^^^^^^^^^^^^^^^^^^^^
  File "/lustre09/project/6032307/arnauddr/MiniCPBP/venv/lib/python3.11/site-packages/flask/app.py", line 902, in dispatch_request
    return self.ensure_sync(self.view_functions[rule.endpoint])(**view_args)  # type: ignore[no-any-return]
           ^^^^^^^^^^^^^^^^^^^^^^^^^^^^^^^^^^^^^^^^^^^^^^^^^^^^^^^^^^^^^^^^^
  File "/lustre09/project/6032307/arnauddr/MiniCPBP/server_mlm.py", line 147, in perplexity
    return {"perplexity": calculate_perplexity(sentence)}
                          ^^^^^^^^^^^^^^^^^^^^^^^^^^^^^^
  File "/lustre09/project/6032307/arnauddr/MiniCPBP/server_mlm.py", line 134, in calculate_perplexity
    with mutex:
TypeError: 'Lock' object does not support the context manager protocol
127.0.0.1 - - [30/Nov/2025 21:54:21] "[35m[1mPOST /perplexity HTTP/1.1[0m" 500 -
[2025-11-30 21:54:21,783] ERROR in app: Exception on /perplexity [POST]
Traceback (most recent call last):
  File "/lustre09/project/6032307/arnauddr/MiniCPBP/venv/lib/python3.11/site-packages/flask/app.py", line 1511, in wsgi_app
    response = self.full_dispatch_request()
               ^^^^^^^^^^^^^^^^^^^^^^^^^^^^
  File "/lustre09/project/6032307/arnauddr/MiniCPBP/venv/lib/python3.11/site-packages/flask/app.py", line 919, in full_dispatch_request
    rv = self.handle_user_exception(e)
         ^^^^^^^^^^^^^^^^^^^^^^^^^^^^^
  File "/lustre09/project/6032307/arnauddr/MiniCPBP/venv/lib/python3.11/site-packages/flask/app.py", line 917, in full_dispatch_request
    rv = self.dispatch_request()
         ^^^^^^^^^^^^^^^^^^^^^^^
  File "/lustre09/project/6032307/arnauddr/MiniCPBP/venv/lib/python3.11/site-packages/flask/app.py", line 902, in dispatch_request
    return self.ensure_sync(self.view_functions[rule.endpoint])(**view_args)  # type: ignore[no-any-return]
           ^^^^^^^^^^^^^^^^^^^^^^^^^^^^^^^^^^^^^^^^^^^^^^^^^^^^^^^^^^^^^^^^^
  File "/lustre09/project/6032307/arnauddr/MiniCPBP/server_mlm.py", line 147, in perplexity
    return {"perplexity": calculate_perplexity(sentence)}
                          ^^^^^^^^^^^^^^^^^^^^^^^^^^^^^^
  File "/lustre09/project/6032307/arnauddr/MiniCPBP/server_mlm.py", line 134, in calculate_perplexity
    with mutex:
TypeError: 'Lock' object does not support the context manager protocol
127.0.0.1 - - [30/Nov/2025 21:54:21] "[35m[1mPOST /perplexity HTTP/1.1[0m" 500 -
[2025-11-30 21:54:21,806] ERROR in app: Exception on /perplexity [POST]
Traceback (most recent call last):
  File "/lustre09/project/6032307/arnauddr/MiniCPBP/venv/lib/python3.11/site-packages/flask/app.py", line 1511, in wsgi_app
    response = self.full_dispatch_request()
               ^^^^^^^^^^^^^^^^^^^^^^^^^^^^
  File "/lustre09/project/6032307/arnauddr/MiniCPBP/venv/lib/python3.11/site-packages/flask/app.py", line 919, in full_dispatch_request
    rv = self.handle_user_exception(e)
         ^^^^^^^^^^^^^^^^^^^^^^^^^^^^^
  File "/lustre09/project/6032307/arnauddr/MiniCPBP/venv/lib/python3.11/site-packages/flask/app.py", line 917, in full_dispatch_request
    rv = self.dispatch_request()
         ^^^^^^^^^^^^^^^^^^^^^^^
  File "/lustre09/project/6032307/arnauddr/MiniCPBP/venv/lib/python3.11/site-packages/flask/app.py", line 902, in dispatch_request
    return self.ensure_sync(self.view_functions[rule.endpoint])(**view_args)  # type: ignore[no-any-return]
           ^^^^^^^^^^^^^^^^^^^^^^^^^^^^^^^^^^^^^^^^^^^^^^^^^^^^^^^^^^^^^^^^^
  File "/lustre09/project/6032307/arnauddr/MiniCPBP/server_mlm.py", line 147, in perplexity
    return {"perplexity": calculate_perplexity(sentence)}
                          ^^^^^^^^^^^^^^^^^^^^^^^^^^^^^^
  File "/lustre09/project/6032307/arnauddr/MiniCPBP/server_mlm.py", line 134, in calculate_perplexity
    with mutex:
TypeError: 'Lock' object does not support the context manager protocol
127.0.0.1 - - [30/Nov/2025 21:54:21] "[35m[1mPOST /perplexity HTTP/1.1[0m" 500 -
[2025-11-30 21:54:21,807] ERROR in app: Exception on /perplexity [POST]
Traceback (most recent call last):
  File "/lustre09/project/6032307/arnauddr/MiniCPBP/venv/lib/python3.11/site-packages/flask/app.py", line 1511, in wsgi_app
    response = self.full_dispatch_request()
               ^^^^^^^^^^^^^^^^^^^^^^^^^^^^
  File "/lustre09/project/6032307/arnauddr/MiniCPBP/venv/lib/python3.11/site-packages/flask/app.py", line 919, in full_dispatch_request
    rv = self.handle_user_exception(e)
         ^^^^^^^^^^^^^^^^^^^^^^^^^^^^^
  File "/lustre09/project/6032307/arnauddr/MiniCPBP/venv/lib/python3.11/site-packages/flask/app.py", line 917, in full_dispatch_request
    rv = self.dispatch_request()
         ^^^^^^^^^^^^^^^^^^^^^^^
  File "/lustre09/project/6032307/arnauddr/MiniCPBP/venv/lib/python3.11/site-packages/flask/app.py", line 902, in dispatch_request
    return self.ensure_sync(self.view_functions[rule.endpoint])(**view_args)  # type: ignore[no-any-return]
           ^^^^^^^^^^^^^^^^^^^^^^^^^^^^^^^^^^^^^^^^^^^^^^^^^^^^^^^^^^^^^^^^^
  File "/lustre09/project/6032307/arnauddr/MiniCPBP/server_mlm.py", line 147, in perplexity
    return {"perplexity": calculate_perplexity(sentence)}
                          ^^^^^^^^^^^^^^^^^^^^^^^^^^^^^^
  File "/lustre09/project/6032307/arnauddr/MiniCPBP/server_mlm.py", line 134, in calculate_perplexity
    with mutex:
TypeError: 'Lock' object does not support the context manager protocol
127.0.0.1 - - [30/Nov/2025 21:54:21] "[35m[1mPOST /perplexity HTTP/1.1[0m" 500 -
[2025-11-30 21:54:21,810] ERROR in app: Exception on /perplexity [POST]
Traceback (most recent call last):
  File "/lustre09/project/6032307/arnauddr/MiniCPBP/venv/lib/python3.11/site-packages/flask/app.py", line 1511, in wsgi_app
    response = self.full_dispatch_request()
               ^^^^^^^^^^^^^^^^^^^^^^^^^^^^
  File "/lustre09/project/6032307/arnauddr/MiniCPBP/venv/lib/python3.11/site-packages/flask/app.py", line 919, in full_dispatch_request
    rv = self.handle_user_exception(e)
         ^^^^^^^^^^^^^^^^^^^^^^^^^^^^^
  File "/lustre09/project/6032307/arnauddr/MiniCPBP/venv/lib/python3.11/site-packages/flask/app.py", line 917, in full_dispatch_request
    rv = self.dispatch_request()
         ^^^^^^^^^^^^^^^^^^^^^^^
  File "/lustre09/project/6032307/arnauddr/MiniCPBP/venv/lib/python3.11/site-packages/flask/app.py", line 902, in dispatch_request
    return self.ensure_sync(self.view_functions[rule.endpoint])(**view_args)  # type: ignore[no-any-return]
           ^^^^^^^^^^^^^^^^^^^^^^^^^^^^^^^^^^^^^^^^^^^^^^^^^^^^^^^^^^^^^^^^^
  File "/lustre09/project/6032307/arnauddr/MiniCPBP/server_mlm.py", line 147, in perplexity
    return {"perplexity": calculate_perplexity(sentence)}
                          ^^^^^^^^^^^^^^^^^^^^^^^^^^^^^^
  File "/lustre09/project/6032307/arnauddr/MiniCPBP/server_mlm.py", line 134, in calculate_perplexity
    with mutex:
TypeError: 'Lock' object does not support the context manager protocol
127.0.0.1 - - [30/Nov/2025 21:54:21] "[35m[1mPOST /perplexity HTTP/1.1[0m" 500 -
[2025-11-30 21:54:21,814] ERROR in app: Exception on /perplexity [POST]
Traceback (most recent call last):
  File "/lustre09/project/6032307/arnauddr/MiniCPBP/venv/lib/python3.11/site-packages/flask/app.py", line 1511, in wsgi_app
    response = self.full_dispatch_request()
               ^^^^^^^^^^^^^^^^^^^^^^^^^^^^
  File "/lustre09/project/6032307/arnauddr/MiniCPBP/venv/lib/python3.11/site-packages/flask/app.py", line 919, in full_dispatch_request
    rv = self.handle_user_exception(e)
         ^^^^^^^^^^^^^^^^^^^^^^^^^^^^^
  File "/lustre09/project/6032307/arnauddr/MiniCPBP/venv/lib/python3.11/site-packages/flask/app.py", line 917, in full_dispatch_request
    rv = self.dispatch_request()
         ^^^^^^^^^^^^^^^^^^^^^^^
  File "/lustre09/project/6032307/arnauddr/MiniCPBP/venv/lib/python3.11/site-packages/flask/app.py", line 902, in dispatch_request
    return self.ensure_sync(self.view_functions[rule.endpoint])(**view_args)  # type: ignore[no-any-return]
           ^^^^^^^^^^^^^^^^^^^^^^^^^^^^^^^^^^^^^^^^^^^^^^^^^^^^^^^^^^^^^^^^^
  File "/lustre09/project/6032307/arnauddr/MiniCPBP/server_mlm.py", line 147, in perplexity
    return {"perplexity": calculate_perplexity(sentence)}
                          ^^^^^^^^^^^^^^^^^^^^^^^^^^^^^^
  File "/lustre09/project/6032307/arnauddr/MiniCPBP/server_mlm.py", line 134, in calculate_perplexity
    with mutex:
TypeError: 'Lock' object does not support the context manager protocol
127.0.0.1 - - [30/Nov/2025 21:54:21] "[35m[1mPOST /perplexity HTTP/1.1[0m" 500 -
[2025-11-30 21:54:21,815] ERROR in app: Exception on /perplexity [POST]
Traceback (most recent call last):
  File "/lustre09/project/6032307/arnauddr/MiniCPBP/venv/lib/python3.11/site-packages/flask/app.py", line 1511, in wsgi_app
    response = self.full_dispatch_request()
               ^^^^^^^^^^^^^^^^^^^^^^^^^^^^
  File "/lustre09/project/6032307/arnauddr/MiniCPBP/venv/lib/python3.11/site-packages/flask/app.py", line 919, in full_dispatch_request
    rv = self.handle_user_exception(e)
         ^^^^^^^^^^^^^^^^^^^^^^^^^^^^^
  File "/lustre09/project/6032307/arnauddr/MiniCPBP/venv/lib/python3.11/site-packages/flask/app.py", line 917, in full_dispatch_request
    rv = self.dispatch_request()
         ^^^^^^^^^^^^^^^^^^^^^^^
  File "/lustre09/project/6032307/arnauddr/MiniCPBP/venv/lib/python3.11/site-packages/flask/app.py", line 902, in dispatch_request
    return self.ensure_sync(self.view_functions[rule.endpoint])(**view_args)  # type: ignore[no-any-return]
           ^^^^^^^^^^^^^^^^^^^^^^^^^^^^^^^^^^^^^^^^^^^^^^^^^^^^^^^^^^^^^^^^^
  File "/lustre09/project/6032307/arnauddr/MiniCPBP/server_mlm.py", line 147, in perplexity
    return {"perplexity": calculate_perplexity(sentence)}
                          ^^^^^^^^^^^^^^^^^^^^^^^^^^^^^^
  File "/lustre09/project/6032307/arnauddr/MiniCPBP/server_mlm.py", line 134, in calculate_perplexity
    with mutex:
TypeError: 'Lock' object does not support the context manager protocol
127.0.0.1 - - [30/Nov/2025 21:54:21] "[35m[1mPOST /perplexity HTTP/1.1[0m" 500 -
[2025-11-30 21:54:21,818] ERROR in app: Exception on /perplexity [POST]
Traceback (most recent call last):
  File "/lustre09/project/6032307/arnauddr/MiniCPBP/venv/lib/python3.11/site-packages/flask/app.py", line 1511, in wsgi_app
    response = self.full_dispatch_request()
               ^^^^^^^^^^^^^^^^^^^^^^^^^^^^
  File "/lustre09/project/6032307/arnauddr/MiniCPBP/venv/lib/python3.11/site-packages/flask/app.py", line 919, in full_dispatch_request
    rv = self.handle_user_exception(e)
         ^^^^^^^^^^^^^^^^^^^^^^^^^^^^^
  File "/lustre09/project/6032307/arnauddr/MiniCPBP/venv/lib/python3.11/site-packages/flask/app.py", line 917, in full_dispatch_request
    rv = self.dispatch_request()
         ^^^^^^^^^^^^^^^^^^^^^^^
  File "/lustre09/project/6032307/arnauddr/MiniCPBP/venv/lib/python3.11/site-packages/flask/app.py", line 902, in dispatch_request
    return self.ensure_sync(self.view_functions[rule.endpoint])(**view_args)  # type: ignore[no-any-return]
           ^^^^^^^^^^^^^^^^^^^^^^^^^^^^^^^^^^^^^^^^^^^^^^^^^^^^^^^^^^^^^^^^^
  File "/lustre09/project/6032307/arnauddr/MiniCPBP/server_mlm.py", line 147, in perplexity
    return {"perplexity": calculate_perplexity(sentence)}
                          ^^^^^^^^^^^^^^^^^^^^^^^^^^^^^^
  File "/lustre09/project/6032307/arnauddr/MiniCPBP/server_mlm.py", line 134, in calculate_perplexity
    with mutex:
TypeError: 'Lock' object does not support the context manager protocol
127.0.0.1 - - [30/Nov/2025 21:54:21] "[35m[1mPOST /perplexity HTTP/1.1[0m" 500 -
[2025-11-30 21:54:21,822] ERROR in app: Exception on /perplexity [POST]
Traceback (most recent call last):
  File "/lustre09/project/6032307/arnauddr/MiniCPBP/venv/lib/python3.11/site-packages/flask/app.py", line 1511, in wsgi_app
    response = self.full_dispatch_request()
               ^^^^^^^^^^^^^^^^^^^^^^^^^^^^
  File "/lustre09/project/6032307/arnauddr/MiniCPBP/venv/lib/python3.11/site-packages/flask/app.py", line 919, in full_dispatch_request
    rv = self.handle_user_exception(e)
         ^^^^^^^^^^^^^^^^^^^^^^^^^^^^^
  File "/lustre09/project/6032307/arnauddr/MiniCPBP/venv/lib/python3.11/site-packages/flask/app.py", line 917, in full_dispatch_request
    rv = self.dispatch_request()
         ^^^^^^^^^^^^^^^^^^^^^^^
  File "/lustre09/project/6032307/arnauddr/MiniCPBP/venv/lib/python3.11/site-packages/flask/app.py", line 902, in dispatch_request
    return self.ensure_sync(self.view_functions[rule.endpoint])(**view_args)  # type: ignore[no-any-return]
           ^^^^^^^^^^^^^^^^^^^^^^^^^^^^^^^^^^^^^^^^^^^^^^^^^^^^^^^^^^^^^^^^^
  File "/lustre09/project/6032307/arnauddr/MiniCPBP/server_mlm.py", line 147, in perplexity
    return {"perplexity": calculate_perplexity(sentence)}
                          ^^^^^^^^^^^^^^^^^^^^^^^^^^^^^^
  File "/lustre09/project/6032307/arnauddr/MiniCPBP/server_mlm.py", line 134, in calculate_perplexity
    with mutex:
TypeError: 'Lock' object does not support the context manager protocol
127.0.0.1 - - [30/Nov/2025 21:54:21] "[35m[1mPOST /perplexity HTTP/1.1[0m" 500 -
[2025-11-30 21:54:21,827] ERROR in app: Exception on /perplexity [POST]
Traceback (most recent call last):
  File "/lustre09/project/6032307/arnauddr/MiniCPBP/venv/lib/python3.11/site-packages/flask/app.py", line 1511, in wsgi_app
    response = self.full_dispatch_request()
               ^^^^^^^^^^^^^^^^^^^^^^^^^^^^
  File "/lustre09/project/6032307/arnauddr/MiniCPBP/venv/lib/python3.11/site-packages/flask/app.py", line 919, in full_dispatch_request
    rv = self.handle_user_exception(e)
         ^^^^^^^^^^^^^^^^^^^^^^^^^^^^^
  File "/lustre09/project/6032307/arnauddr/MiniCPBP/venv/lib/python3.11/site-packages/flask/app.py", line 917, in full_dispatch_request
    rv = self.dispatch_request()
         ^^^^^^^^^^^^^^^^^^^^^^^
  File "/lustre09/project/6032307/arnauddr/MiniCPBP/venv/lib/python3.11/site-packages/flask/app.py", line 902, in dispatch_request
    return self.ensure_sync(self.view_functions[rule.endpoint])(**view_args)  # type: ignore[no-any-return]
           ^^^^^^^^^^^^^^^^^^^^^^^^^^^^^^^^^^^^^^^^^^^^^^^^^^^^^^^^^^^^^^^^^
  File "/lustre09/project/6032307/arnauddr/MiniCPBP/server_mlm.py", line 147, in perplexity
    return {"perplexity": calculate_perplexity(sentence)}
                          ^^^^^^^^^^^^^^^^^^^^^^^^^^^^^^
  File "/lustre09/project/6032307/arnauddr/MiniCPBP/server_mlm.py", line 134, in calculate_perplexity
    with mutex:
TypeError: 'Lock' object does not support the context manager protocol
127.0.0.1 - - [30/Nov/2025 21:54:21] "[35m[1mPOST /perplexity HTTP/1.1[0m" 500 -
[2025-11-30 21:54:21,830] ERROR in app: Exception on /perplexity [POST]
Traceback (most recent call last):
  File "/lustre09/project/6032307/arnauddr/MiniCPBP/venv/lib/python3.11/site-packages/flask/app.py", line 1511, in wsgi_app
    response = self.full_dispatch_request()
               ^^^^^^^^^^^^^^^^^^^^^^^^^^^^
  File "/lustre09/project/6032307/arnauddr/MiniCPBP/venv/lib/python3.11/site-packages/flask/app.py", line 919, in full_dispatch_request
    rv = self.handle_user_exception(e)
         ^^^^^^^^^^^^^^^^^^^^^^^^^^^^^
  File "/lustre09/project/6032307/arnauddr/MiniCPBP/venv/lib/python3.11/site-packages/flask/app.py", line 917, in full_dispatch_request
    rv = self.dispatch_request()
         ^^^^^^^^^^^^^^^^^^^^^^^
  File "/lustre09/project/6032307/arnauddr/MiniCPBP/venv/lib/python3.11/site-packages/flask/app.py", line 902, in dispatch_request
    return self.ensure_sync(self.view_functions[rule.endpoint])(**view_args)  # type: ignore[no-any-return]
           ^^^^^^^^^^^^^^^^^^^^^^^^^^^^^^^^^^^^^^^^^^^^^^^^^^^^^^^^^^^^^^^^^
  File "/lustre09/project/6032307/arnauddr/MiniCPBP/server_mlm.py", line 147, in perplexity
    return {"perplexity": calculate_perplexity(sentence)}
                          ^^^^^^^^^^^^^^^^^^^^^^^^^^^^^^
  File "/lustre09/project/6032307/arnauddr/MiniCPBP/server_mlm.py", line 134, in calculate_perplexity
    with mutex:
TypeError: 'Lock' object does not support the context manager protocol
127.0.0.1 - - [30/Nov/2025 21:54:21] "[35m[1mPOST /perplexity HTTP/1.1[0m" 500 -
[2025-11-30 21:54:21,828] ERROR in app: Exception on /perplexity [POST]
Traceback (most recent call last):
  File "/lustre09/project/6032307/arnauddr/MiniCPBP/venv/lib/python3.11/site-packages/flask/app.py", line 1511, in wsgi_app
    response = self.full_dispatch_request()
               ^^^^^^^^^^^^^^^^^^^^^^^^^^^^
  File "/lustre09/project/6032307/arnauddr/MiniCPBP/venv/lib/python3.11/site-packages/flask/app.py", line 919, in full_dispatch_request
    rv = self.handle_user_exception(e)
         ^^^^^^^^^^^^^^^^^^^^^^^^^^^^^
  File "/lustre09/project/6032307/arnauddr/MiniCPBP/venv/lib/python3.11/site-packages/flask/app.py", line 917, in full_dispatch_request
    rv = self.dispatch_request()
         ^^^^^^^^^^^^^^^^^^^^^^^
  File "/lustre09/project/6032307/arnauddr/MiniCPBP/venv/lib/python3.11/site-packages/flask/app.py", line 902, in dispatch_request
    return self.ensure_sync(self.view_functions[rule.endpoint])(**view_args)  # type: ignore[no-any-return]
           ^^^^^^^^^^^^^^^^^^^^^^^^^^^^^^^^^^^^^^^^^^^^^^^^^^^^^^^^^^^^^^^^^
  File "/lustre09/project/6032307/arnauddr/MiniCPBP/server_mlm.py", line 147, in perplexity
    return {"perplexity": calculate_perplexity(sentence)}
                          ^^^^^^^^^^^^^^^^^^^^^^^^^^^^^^
  File "/lustre09/project/6032307/arnauddr/MiniCPBP/server_mlm.py", line 134, in calculate_perplexity
    with mutex:
TypeError: 'Lock' object does not support the context manager protocol
127.0.0.1 - - [30/Nov/2025 21:54:21] "[35m[1mPOST /perplexity HTTP/1.1[0m" 500 -
[2025-11-30 21:54:21,836] ERROR in app: Exception on /perplexity [POST]
Traceback (most recent call last):
  File "/lustre09/project/6032307/arnauddr/MiniCPBP/venv/lib/python3.11/site-packages/flask/app.py", line 1511, in wsgi_app
    response = self.full_dispatch_request()
               ^^^^^^^^^^^^^^^^^^^^^^^^^^^^
  File "/lustre09/project/6032307/arnauddr/MiniCPBP/venv/lib/python3.11/site-packages/flask/app.py", line 919, in full_dispatch_request
    rv = self.handle_user_exception(e)
         ^^^^^^^^^^^^^^^^^^^^^^^^^^^^^
  File "/lustre09/project/6032307/arnauddr/MiniCPBP/venv/lib/python3.11/site-packages/flask/app.py", line 917, in full_dispatch_request
    rv = self.dispatch_request()
         ^^^^^^^^^^^^^^^^^^^^^^^
  File "/lustre09/project/6032307/arnauddr/MiniCPBP/venv/lib/python3.11/site-packages/flask/app.py", line 902, in dispatch_request
    return self.ensure_sync(self.view_functions[rule.endpoint])(**view_args)  # type: ignore[no-any-return]
           ^^^^^^^^^^^^^^^^^^^^^^^^^^^^^^^^^^^^^^^^^^^^^^^^^^^^^^^^^^^^^^^^^
  File "/lustre09/project/6032307/arnauddr/MiniCPBP/server_mlm.py", line 147, in perplexity
    return {"perplexity": calculate_perplexity(sentence)}
                          ^^^^^^^^^^^^^^^^^^^^^^^^^^^^^^
  File "/lustre09/project/6032307/arnauddr/MiniCPBP/server_mlm.py", line 134, in calculate_perplexity
    with mutex:
TypeError: 'Lock' object does not support the context manager protocol
127.0.0.1 - - [30/Nov/2025 21:54:21] "[35m[1mPOST /perplexity HTTP/1.1[0m" 500 -
[2025-11-30 21:54:21,841] ERROR in app: Exception on /perplexity [POST]
Traceback (most recent call last):
  File "/lustre09/project/6032307/arnauddr/MiniCPBP/venv/lib/python3.11/site-packages/flask/app.py", line 1511, in wsgi_app
    response = self.full_dispatch_request()
               ^^^^^^^^^^^^^^^^^^^^^^^^^^^^
  File "/lustre09/project/6032307/arnauddr/MiniCPBP/venv/lib/python3.11/site-packages/flask/app.py", line 919, in full_dispatch_request
    rv = self.handle_user_exception(e)
         ^^^^^^^^^^^^^^^^^^^^^^^^^^^^^
  File "/lustre09/project/6032307/arnauddr/MiniCPBP/venv/lib/python3.11/site-packages/flask/app.py", line 917, in full_dispatch_request
    rv = self.dispatch_request()
         ^^^^^^^^^^^^^^^^^^^^^^^
  File "/lustre09/project/6032307/arnauddr/MiniCPBP/venv/lib/python3.11/site-packages/flask/app.py", line 902, in dispatch_request
    return self.ensure_sync(self.view_functions[rule.endpoint])(**view_args)  # type: ignore[no-any-return]
           ^^^^^^^^^^^^^^^^^^^^^^^^^^^^^^^^^^^^^^^^^^^^^^^^^^^^^^^^^^^^^^^^^
  File "/lustre09/project/6032307/arnauddr/MiniCPBP/server_mlm.py", line 147, in perplexity
    return {"perplexity": calculate_perplexity(sentence)}
                          ^^^^^^^^^^^^^^^^^^^^^^^^^^^^^^
  File "/lustre09/project/6032307/arnauddr/MiniCPBP/server_mlm.py", line 134, in calculate_perplexity
    with mutex:
TypeError: 'Lock' object does not support the context manager protocol
127.0.0.1 - - [30/Nov/2025 21:54:21] "[35m[1mPOST /perplexity HTTP/1.1[0m" 500 -
[2025-11-30 21:54:21,844] ERROR in app: Exception on /perplexity [POST]
Traceback (most recent call last):
  File "/lustre09/project/6032307/arnauddr/MiniCPBP/venv/lib/python3.11/site-packages/flask/app.py", line 1511, in wsgi_app
    response = self.full_dispatch_request()
               ^^^^^^^^^^^^^^^^^^^^^^^^^^^^
  File "/lustre09/project/6032307/arnauddr/MiniCPBP/venv/lib/python3.11/site-packages/flask/app.py", line 919, in full_dispatch_request
    rv = self.handle_user_exception(e)
         ^^^^^^^^^^^^^^^^^^^^^^^^^^^^^
  File "/lustre09/project/6032307/arnauddr/MiniCPBP/venv/lib/python3.11/site-packages/flask/app.py", line 917, in full_dispatch_request
    rv = self.dispatch_request()
         ^^^^^^^^^^^^^^^^^^^^^^^
  File "/lustre09/project/6032307/arnauddr/MiniCPBP/venv/lib/python3.11/site-packages/flask/app.py", line 902, in dispatch_request
    return self.ensure_sync(self.view_functions[rule.endpoint])(**view_args)  # type: ignore[no-any-return]
           ^^^^^^^^^^^^^^^^^^^^^^^^^^^^^^^^^^^^^^^^^^^^^^^^^^^^^^^^^^^^^^^^^
  File "/lustre09/project/6032307/arnauddr/MiniCPBP/server_mlm.py", line 147, in perplexity
    return {"perplexity": calculate_perplexity(sentence)}
                          ^^^^^^^^^^^^^^^^^^^^^^^^^^^^^^
  File "/lustre09/project/6032307/arnauddr/MiniCPBP/server_mlm.py", line 134, in calculate_perplexity
    with mutex:
TypeError: 'Lock' object does not support the context manager protocol
127.0.0.1 - - [30/Nov/2025 21:54:21] "[35m[1mPOST /perplexity HTTP/1.1[0m" 500 -
[2025-11-30 21:54:21,873] ERROR in app: Exception on /perplexity [POST]
Traceback (most recent call last):
  File "/lustre09/project/6032307/arnauddr/MiniCPBP/venv/lib/python3.11/site-packages/flask/app.py", line 1511, in wsgi_app
    response = self.full_dispatch_request()
               ^^^^^^^^^^^^^^^^^^^^^^^^^^^^
  File "/lustre09/project/6032307/arnauddr/MiniCPBP/venv/lib/python3.11/site-packages/flask/app.py", line 919, in full_dispatch_request
    rv = self.handle_user_exception(e)
         ^^^^^^^^^^^^^^^^^^^^^^^^^^^^^
  File "/lustre09/project/6032307/arnauddr/MiniCPBP/venv/lib/python3.11/site-packages/flask/app.py", line 917, in full_dispatch_request
    rv = self.dispatch_request()
         ^^^^^^^^^^^^^^^^^^^^^^^
  File "/lustre09/project/6032307/arnauddr/MiniCPBP/venv/lib/python3.11/site-packages/flask/app.py", line 902, in dispatch_request
    return self.ensure_sync(self.view_functions[rule.endpoint])(**view_args)  # type: ignore[no-any-return]
           ^^^^^^^^^^^^^^^^^^^^^^^^^^^^^^^^^^^^^^^^^^^^^^^^^^^^^^^^^^^^^^^^^
  File "/lustre09/project/6032307/arnauddr/MiniCPBP/server_mlm.py", line 147, in perplexity
    return {"perplexity": calculate_perplexity(sentence)}
                          ^^^^^^^^^^^^^^^^^^^^^^^^^^^^^^
  File "/lustre09/project/6032307/arnauddr/MiniCPBP/server_mlm.py", line 134, in calculate_perplexity
    with mutex:
TypeError: 'Lock' object does not support the context manager protocol
127.0.0.1 - - [30/Nov/2025 21:54:21] "[35m[1mPOST /perplexity HTTP/1.1[0m" 500 -
[2025-11-30 21:54:21,878] ERROR in app: Exception on /perplexity [POST]
Traceback (most recent call last):
  File "/lustre09/project/6032307/arnauddr/MiniCPBP/venv/lib/python3.11/site-packages/flask/app.py", line 1511, in wsgi_app
    response = self.full_dispatch_request()
               ^^^^^^^^^^^^^^^^^^^^^^^^^^^^
  File "/lustre09/project/6032307/arnauddr/MiniCPBP/venv/lib/python3.11/site-packages/flask/app.py", line 919, in full_dispatch_request
    rv = self.handle_user_exception(e)
         ^^^^^^^^^^^^^^^^^^^^^^^^^^^^^
  File "/lustre09/project/6032307/arnauddr/MiniCPBP/venv/lib/python3.11/site-packages/flask/app.py", line 917, in full_dispatch_request
    rv = self.dispatch_request()
         ^^^^^^^^^^^^^^^^^^^^^^^
  File "/lustre09/project/6032307/arnauddr/MiniCPBP/venv/lib/python3.11/site-packages/flask/app.py", line 902, in dispatch_request
    return self.ensure_sync(self.view_functions[rule.endpoint])(**view_args)  # type: ignore[no-any-return]
           ^^^^^^^^^^^^^^^^^^^^^^^^^^^^^^^^^^^^^^^^^^^^^^^^^^^^^^^^^^^^^^^^^
  File "/lustre09/project/6032307/arnauddr/MiniCPBP/server_mlm.py", line 147, in perplexity
    return {"perplexity": calculate_perplexity(sentence)}
                          ^^^^^^^^^^^^^^^^^^^^^^^^^^^^^^
  File "/lustre09/project/6032307/arnauddr/MiniCPBP/server_mlm.py", line 134, in calculate_perplexity
    with mutex:
TypeError: 'Lock' object does not support the context manager protocol
127.0.0.1 - - [30/Nov/2025 21:54:21] "[35m[1mPOST /perplexity HTTP/1.1[0m" 500 -
[2025-11-30 21:54:21,913] ERROR in app: Exception on /perplexity [POST]
Traceback (most recent call last):
  File "/lustre09/project/6032307/arnauddr/MiniCPBP/venv/lib/python3.11/site-packages/flask/app.py", line 1511, in wsgi_app
    response = self.full_dispatch_request()
               ^^^^^^^^^^^^^^^^^^^^^^^^^^^^
  File "/lustre09/project/6032307/arnauddr/MiniCPBP/venv/lib/python3.11/site-packages/flask/app.py", line 919, in full_dispatch_request
    rv = self.handle_user_exception(e)
         ^^^^^^^^^^^^^^^^^^^^^^^^^^^^^
  File "/lustre09/project/6032307/arnauddr/MiniCPBP/venv/lib/python3.11/site-packages/flask/app.py", line 917, in full_dispatch_request
    rv = self.dispatch_request()
         ^^^^^^^^^^^^^^^^^^^^^^^
  File "/lustre09/project/6032307/arnauddr/MiniCPBP/venv/lib/python3.11/site-packages/flask/app.py", line 902, in dispatch_request
    return self.ensure_sync(self.view_functions[rule.endpoint])(**view_args)  # type: ignore[no-any-return]
           ^^^^^^^^^^^^^^^^^^^^^^^^^^^^^^^^^^^^^^^^^^^^^^^^^^^^^^^^^^^^^^^^^
  File "/lustre09/project/6032307/arnauddr/MiniCPBP/server_mlm.py", line 147, in perplexity
    return {"perplexity": calculate_perplexity(sentence)}
                          ^^^^^^^^^^^^^^^^^^^^^^^^^^^^^^
  File "/lustre09/project/6032307/arnauddr/MiniCPBP/server_mlm.py", line 134, in calculate_perplexity
    with mutex:
TypeError: 'Lock' object does not support the context manager protocol
127.0.0.1 - - [30/Nov/2025 21:54:21] "[35m[1mPOST /perplexity HTTP/1.1[0m" 500 -
[2025-11-30 21:54:21,949] ERROR in app: Exception on /perplexity [POST]
Traceback (most recent call last):
  File "/lustre09/project/6032307/arnauddr/MiniCPBP/venv/lib/python3.11/site-packages/flask/app.py", line 1511, in wsgi_app
    response = self.full_dispatch_request()
               ^^^^^^^^^^^^^^^^^^^^^^^^^^^^
  File "/lustre09/project/6032307/arnauddr/MiniCPBP/venv/lib/python3.11/site-packages/flask/app.py", line 919, in full_dispatch_request
    rv = self.handle_user_exception(e)
         ^^^^^^^^^^^^^^^^^^^^^^^^^^^^^
  File "/lustre09/project/6032307/arnauddr/MiniCPBP/venv/lib/python3.11/site-packages/flask/app.py", line 917, in full_dispatch_request
    rv = self.dispatch_request()
         ^^^^^^^^^^^^^^^^^^^^^^^
  File "/lustre09/project/6032307/arnauddr/MiniCPBP/venv/lib/python3.11/site-packages/flask/app.py", line 902, in dispatch_request
    return self.ensure_sync(self.view_functions[rule.endpoint])(**view_args)  # type: ignore[no-any-return]
           ^^^^^^^^^^^^^^^^^^^^^^^^^^^^^^^^^^^^^^^^^^^^^^^^^^^^^^^^^^^^^^^^^
  File "/lustre09/project/6032307/arnauddr/MiniCPBP/server_mlm.py", line 147, in perplexity
    return {"perplexity": calculate_perplexity(sentence)}
                          ^^^^^^^^^^^^^^^^^^^^^^^^^^^^^^
  File "/lustre09/project/6032307/arnauddr/MiniCPBP/server_mlm.py", line 134, in calculate_perplexity
    with mutex:
TypeError: 'Lock' object does not support the context manager protocol
127.0.0.1 - - [30/Nov/2025 21:54:21] "[35m[1mPOST /perplexity HTTP/1.1[0m" 500 -
[2025-11-30 21:54:21,996] ERROR in app: Exception on /perplexity [POST]
Traceback (most recent call last):
  File "/lustre09/project/6032307/arnauddr/MiniCPBP/venv/lib/python3.11/site-packages/flask/app.py", line 1511, in wsgi_app
    response = self.full_dispatch_request()
               ^^^^^^^^^^^^^^^^^^^^^^^^^^^^
  File "/lustre09/project/6032307/arnauddr/MiniCPBP/venv/lib/python3.11/site-packages/flask/app.py", line 919, in full_dispatch_request
    rv = self.handle_user_exception(e)
         ^^^^^^^^^^^^^^^^^^^^^^^^^^^^^
  File "/lustre09/project/6032307/arnauddr/MiniCPBP/venv/lib/python3.11/site-packages/flask/app.py", line 917, in full_dispatch_request
    rv = self.dispatch_request()
         ^^^^^^^^^^^^^^^^^^^^^^^
  File "/lustre09/project/6032307/arnauddr/MiniCPBP/venv/lib/python3.11/site-packages/flask/app.py", line 902, in dispatch_request
    return self.ensure_sync(self.view_functions[rule.endpoint])(**view_args)  # type: ignore[no-any-return]
           ^^^^^^^^^^^^^^^^^^^^^^^^^^^^^^^^^^^^^^^^^^^^^^^^^^^^^^^^^^^^^^^^^
  File "/lustre09/project/6032307/arnauddr/MiniCPBP/server_mlm.py", line 147, in perplexity
    return {"perplexity": calculate_perplexity(sentence)}
                          ^^^^^^^^^^^^^^^^^^^^^^^^^^^^^^
  File "/lustre09/project/6032307/arnauddr/MiniCPBP/server_mlm.py", line 134, in calculate_perplexity
    with mutex:
TypeError: 'Lock' object does not support the context manager protocol
127.0.0.1 - - [30/Nov/2025 21:54:21] "[35m[1mPOST /perplexity HTTP/1.1[0m" 500 -
[2025-11-30 21:54:22,030] ERROR in app: Exception on /perplexity [POST]
Traceback (most recent call last):
  File "/lustre09/project/6032307/arnauddr/MiniCPBP/venv/lib/python3.11/site-packages/flask/app.py", line 1511, in wsgi_app
    response = self.full_dispatch_request()
               ^^^^^^^^^^^^^^^^^^^^^^^^^^^^
  File "/lustre09/project/6032307/arnauddr/MiniCPBP/venv/lib/python3.11/site-packages/flask/app.py", line 919, in full_dispatch_request
    rv = self.handle_user_exception(e)
         ^^^^^^^^^^^^^^^^^^^^^^^^^^^^^
  File "/lustre09/project/6032307/arnauddr/MiniCPBP/venv/lib/python3.11/site-packages/flask/app.py", line 917, in full_dispatch_request
    rv = self.dispatch_request()
         ^^^^^^^^^^^^^^^^^^^^^^^
  File "/lustre09/project/6032307/arnauddr/MiniCPBP/venv/lib/python3.11/site-packages/flask/app.py", line 902, in dispatch_request
    return self.ensure_sync(self.view_functions[rule.endpoint])(**view_args)  # type: ignore[no-any-return]
           ^^^^^^^^^^^^^^^^^^^^^^^^^^^^^^^^^^^^^^^^^^^^^^^^^^^^^^^^^^^^^^^^^
  File "/lustre09/project/6032307/arnauddr/MiniCPBP/server_mlm.py", line 147, in perplexity
    return {"perplexity": calculate_perplexity(sentence)}
                          ^^^^^^^^^^^^^^^^^^^^^^^^^^^^^^
  File "/lustre09/project/6032307/arnauddr/MiniCPBP/server_mlm.py", line 134, in calculate_perplexity
    with mutex:
TypeError: 'Lock' object does not support the context manager protocol
127.0.0.1 - - [30/Nov/2025 21:54:22] "[35m[1mPOST /perplexity HTTP/1.1[0m" 500 -
[2025-11-30 21:54:22,042] ERROR in app: Exception on /perplexity [POST]
Traceback (most recent call last):
  File "/lustre09/project/6032307/arnauddr/MiniCPBP/venv/lib/python3.11/site-packages/flask/app.py", line 1511, in wsgi_app
    response = self.full_dispatch_request()
               ^^^^^^^^^^^^^^^^^^^^^^^^^^^^
  File "/lustre09/project/6032307/arnauddr/MiniCPBP/venv/lib/python3.11/site-packages/flask/app.py", line 919, in full_dispatch_request
    rv = self.handle_user_exception(e)
         ^^^^^^^^^^^^^^^^^^^^^^^^^^^^^
  File "/lustre09/project/6032307/arnauddr/MiniCPBP/venv/lib/python3.11/site-packages/flask/app.py", line 917, in full_dispatch_request
    rv = self.dispatch_request()
         ^^^^^^^^^^^^^^^^^^^^^^^
  File "/lustre09/project/6032307/arnauddr/MiniCPBP/venv/lib/python3.11/site-packages/flask/app.py", line 902, in dispatch_request
    return self.ensure_sync(self.view_functions[rule.endpoint])(**view_args)  # type: ignore[no-any-return]
           ^^^^^^^^^^^^^^^^^^^^^^^^^^^^^^^^^^^^^^^^^^^^^^^^^^^^^^^^^^^^^^^^^
  File "/lustre09/project/6032307/arnauddr/MiniCPBP/server_mlm.py", line 147, in perplexity
    return {"perplexity": calculate_perplexity(sentence)}
                          ^^^^^^^^^^^^^^^^^^^^^^^^^^^^^^
  File "/lustre09/project/6032307/arnauddr/MiniCPBP/server_mlm.py", line 134, in calculate_perplexity
    with mutex:
TypeError: 'Lock' object does not support the context manager protocol
127.0.0.1 - - [30/Nov/2025 21:54:22] "[35m[1mPOST /perplexity HTTP/1.1[0m" 500 -
[2025-11-30 21:54:22,058] ERROR in app: Exception on /perplexity [POST]
Traceback (most recent call last):
  File "/lustre09/project/6032307/arnauddr/MiniCPBP/venv/lib/python3.11/site-packages/flask/app.py", line 1511, in wsgi_app
    response = self.full_dispatch_request()
               ^^^^^^^^^^^^^^^^^^^^^^^^^^^^
  File "/lustre09/project/6032307/arnauddr/MiniCPBP/venv/lib/python3.11/site-packages/flask/app.py", line 919, in full_dispatch_request
    rv = self.handle_user_exception(e)
         ^^^^^^^^^^^^^^^^^^^^^^^^^^^^^
  File "/lustre09/project/6032307/arnauddr/MiniCPBP/venv/lib/python3.11/site-packages/flask/app.py", line 917, in full_dispatch_request
    rv = self.dispatch_request()
         ^^^^^^^^^^^^^^^^^^^^^^^
  File "/lustre09/project/6032307/arnauddr/MiniCPBP/venv/lib/python3.11/site-packages/flask/app.py", line 902, in dispatch_request
    return self.ensure_sync(self.view_functions[rule.endpoint])(**view_args)  # type: ignore[no-any-return]
           ^^^^^^^^^^^^^^^^^^^^^^^^^^^^^^^^^^^^^^^^^^^^^^^^^^^^^^^^^^^^^^^^^
  File "/lustre09/project/6032307/arnauddr/MiniCPBP/server_mlm.py", line 147, in perplexity
    return {"perplexity": calculate_perplexity(sentence)}
                          ^^^^^^^^^^^^^^^^^^^^^^^^^^^^^^
  File "/lustre09/project/6032307/arnauddr/MiniCPBP/server_mlm.py", line 134, in calculate_perplexity
    with mutex:
TypeError: 'Lock' object does not support the context manager protocol
127.0.0.1 - - [30/Nov/2025 21:54:22] "[35m[1mPOST /perplexity HTTP/1.1[0m" 500 -
[2025-11-30 21:54:22,070] ERROR in app: Exception on /perplexity [POST]
Traceback (most recent call last):
  File "/lustre09/project/6032307/arnauddr/MiniCPBP/venv/lib/python3.11/site-packages/flask/app.py", line 1511, in wsgi_app
    response = self.full_dispatch_request()
               ^^^^^^^^^^^^^^^^^^^^^^^^^^^^
  File "/lustre09/project/6032307/arnauddr/MiniCPBP/venv/lib/python3.11/site-packages/flask/app.py", line 919, in full_dispatch_request
    rv = self.handle_user_exception(e)
         ^^^^^^^^^^^^^^^^^^^^^^^^^^^^^
  File "/lustre09/project/6032307/arnauddr/MiniCPBP/venv/lib/python3.11/site-packages/flask/app.py", line 917, in full_dispatch_request
    rv = self.dispatch_request()
         ^^^^^^^^^^^^^^^^^^^^^^^
  File "/lustre09/project/6032307/arnauddr/MiniCPBP/venv/lib/python3.11/site-packages/flask/app.py", line 902, in dispatch_request
    return self.ensure_sync(self.view_functions[rule.endpoint])(**view_args)  # type: ignore[no-any-return]
           ^^^^^^^^^^^^^^^^^^^^^^^^^^^^^^^^^^^^^^^^^^^^^^^^^^^^^^^^^^^^^^^^^
  File "/lustre09/project/6032307/arnauddr/MiniCPBP/server_mlm.py", line 147, in perplexity
    return {"perplexity": calculate_perplexity(sentence)}
                          ^^^^^^^^^^^^^^^^^^^^^^^^^^^^^^
  File "/lustre09/project/6032307/arnauddr/MiniCPBP/server_mlm.py", line 134, in calculate_perplexity
    with mutex:
TypeError: 'Lock' object does not support the context manager protocol
127.0.0.1 - - [30/Nov/2025 21:54:22] "[35m[1mPOST /perplexity HTTP/1.1[0m" 500 -
[2025-11-30 21:54:22,105] ERROR in app: Exception on /perplexity [POST]
Traceback (most recent call last):
  File "/lustre09/project/6032307/arnauddr/MiniCPBP/venv/lib/python3.11/site-packages/flask/app.py", line 1511, in wsgi_app
    response = self.full_dispatch_request()
               ^^^^^^^^^^^^^^^^^^^^^^^^^^^^
  File "/lustre09/project/6032307/arnauddr/MiniCPBP/venv/lib/python3.11/site-packages/flask/app.py", line 919, in full_dispatch_request
    rv = self.handle_user_exception(e)
         ^^^^^^^^^^^^^^^^^^^^^^^^^^^^^
  File "/lustre09/project/6032307/arnauddr/MiniCPBP/venv/lib/python3.11/site-packages/flask/app.py", line 917, in full_dispatch_request
    rv = self.dispatch_request()
         ^^^^^^^^^^^^^^^^^^^^^^^
  File "/lustre09/project/6032307/arnauddr/MiniCPBP/venv/lib/python3.11/site-packages/flask/app.py", line 902, in dispatch_request
    return self.ensure_sync(self.view_functions[rule.endpoint])(**view_args)  # type: ignore[no-any-return]
           ^^^^^^^^^^^^^^^^^^^^^^^^^^^^^^^^^^^^^^^^^^^^^^^^^^^^^^^^^^^^^^^^^
  File "/lustre09/project/6032307/arnauddr/MiniCPBP/server_mlm.py", line 147, in perplexity
    return {"perplexity": calculate_perplexity(sentence)}
                          ^^^^^^^^^^^^^^^^^^^^^^^^^^^^^^
  File "/lustre09/project/6032307/arnauddr/MiniCPBP/server_mlm.py", line 134, in calculate_perplexity
    with mutex:
TypeError: 'Lock' object does not support the context manager protocol
127.0.0.1 - - [30/Nov/2025 21:54:22] "[35m[1mPOST /perplexity HTTP/1.1[0m" 500 -
[2025-11-30 21:54:22,193] ERROR in app: Exception on /perplexity [POST]
Traceback (most recent call last):
  File "/lustre09/project/6032307/arnauddr/MiniCPBP/venv/lib/python3.11/site-packages/flask/app.py", line 1511, in wsgi_app
    response = self.full_dispatch_request()
               ^^^^^^^^^^^^^^^^^^^^^^^^^^^^
  File "/lustre09/project/6032307/arnauddr/MiniCPBP/venv/lib/python3.11/site-packages/flask/app.py", line 919, in full_dispatch_request
    rv = self.handle_user_exception(e)
         ^^^^^^^^^^^^^^^^^^^^^^^^^^^^^
  File "/lustre09/project/6032307/arnauddr/MiniCPBP/venv/lib/python3.11/site-packages/flask/app.py", line 917, in full_dispatch_request
    rv = self.dispatch_request()
         ^^^^^^^^^^^^^^^^^^^^^^^
  File "/lustre09/project/6032307/arnauddr/MiniCPBP/venv/lib/python3.11/site-packages/flask/app.py", line 902, in dispatch_request
    return self.ensure_sync(self.view_functions[rule.endpoint])(**view_args)  # type: ignore[no-any-return]
           ^^^^^^^^^^^^^^^^^^^^^^^^^^^^^^^^^^^^^^^^^^^^^^^^^^^^^^^^^^^^^^^^^
  File "/lustre09/project/6032307/arnauddr/MiniCPBP/server_mlm.py", line 147, in perplexity
    return {"perplexity": calculate_perplexity(sentence)}
                          ^^^^^^^^^^^^^^^^^^^^^^^^^^^^^^
  File "/lustre09/project/6032307/arnauddr/MiniCPBP/server_mlm.py", line 134, in calculate_perplexity
    with mutex:
TypeError: 'Lock' object does not support the context manager protocol
127.0.0.1 - - [30/Nov/2025 21:54:22] "[35m[1mPOST /perplexity HTTP/1.1[0m" 500 -
[2025-11-30 21:54:22,194] ERROR in app: Exception on /perplexity [POST]
Traceback (most recent call last):
  File "/lustre09/project/6032307/arnauddr/MiniCPBP/venv/lib/python3.11/site-packages/flask/app.py", line 1511, in wsgi_app
    response = self.full_dispatch_request()
               ^^^^^^^^^^^^^^^^^^^^^^^^^^^^
  File "/lustre09/project/6032307/arnauddr/MiniCPBP/venv/lib/python3.11/site-packages/flask/app.py", line 919, in full_dispatch_request
    rv = self.handle_user_exception(e)
         ^^^^^^^^^^^^^^^^^^^^^^^^^^^^^
  File "/lustre09/project/6032307/arnauddr/MiniCPBP/venv/lib/python3.11/site-packages/flask/app.py", line 917, in full_dispatch_request
    rv = self.dispatch_request()
         ^^^^^^^^^^^^^^^^^^^^^^^
  File "/lustre09/project/6032307/arnauddr/MiniCPBP/venv/lib/python3.11/site-packages/flask/app.py", line 902, in dispatch_request
    return self.ensure_sync(self.view_functions[rule.endpoint])(**view_args)  # type: ignore[no-any-return]
           ^^^^^^^^^^^^^^^^^^^^^^^^^^^^^^^^^^^^^^^^^^^^^^^^^^^^^^^^^^^^^^^^^
  File "/lustre09/project/6032307/arnauddr/MiniCPBP/server_mlm.py", line 147, in perplexity
    return {"perplexity": calculate_perplexity(sentence)}
                          ^^^^^^^^^^^^^^^^^^^^^^^^^^^^^^
  File "/lustre09/project/6032307/arnauddr/MiniCPBP/server_mlm.py", line 134, in calculate_perplexity
    with mutex:
TypeError: 'Lock' object does not support the context manager protocol
127.0.0.1 - - [30/Nov/2025 21:54:22] "[35m[1mPOST /perplexity HTTP/1.1[0m" 500 -
[2025-11-30 21:54:22,202] ERROR in app: Exception on /perplexity [POST]
Traceback (most recent call last):
  File "/lustre09/project/6032307/arnauddr/MiniCPBP/venv/lib/python3.11/site-packages/flask/app.py", line 1511, in wsgi_app
    response = self.full_dispatch_request()
               ^^^^^^^^^^^^^^^^^^^^^^^^^^^^
  File "/lustre09/project/6032307/arnauddr/MiniCPBP/venv/lib/python3.11/site-packages/flask/app.py", line 919, in full_dispatch_request
    rv = self.handle_user_exception(e)
         ^^^^^^^^^^^^^^^^^^^^^^^^^^^^^
  File "/lustre09/project/6032307/arnauddr/MiniCPBP/venv/lib/python3.11/site-packages/flask/app.py", line 917, in full_dispatch_request
    rv = self.dispatch_request()
         ^^^^^^^^^^^^^^^^^^^^^^^
  File "/lustre09/project/6032307/arnauddr/MiniCPBP/venv/lib/python3.11/site-packages/flask/app.py", line 902, in dispatch_request
    return self.ensure_sync(self.view_functions[rule.endpoint])(**view_args)  # type: ignore[no-any-return]
           ^^^^^^^^^^^^^^^^^^^^^^^^^^^^^^^^^^^^^^^^^^^^^^^^^^^^^^^^^^^^^^^^^
  File "/lustre09/project/6032307/arnauddr/MiniCPBP/server_mlm.py", line 147, in perplexity
    return {"perplexity": calculate_perplexity(sentence)}
                          ^^^^^^^^^^^^^^^^^^^^^^^^^^^^^^
  File "/lustre09/project/6032307/arnauddr/MiniCPBP/server_mlm.py", line 134, in calculate_perplexity
    with mutex:
TypeError: 'Lock' object does not support the context manager protocol
127.0.0.1 - - [30/Nov/2025 21:54:22] "[35m[1mPOST /perplexity HTTP/1.1[0m" 500 -
[2025-11-30 21:54:22,209] ERROR in app: Exception on /perplexity [POST]
Traceback (most recent call last):
  File "/lustre09/project/6032307/arnauddr/MiniCPBP/venv/lib/python3.11/site-packages/flask/app.py", line 1511, in wsgi_app
    response = self.full_dispatch_request()
               ^^^^^^^^^^^^^^^^^^^^^^^^^^^^
  File "/lustre09/project/6032307/arnauddr/MiniCPBP/venv/lib/python3.11/site-packages/flask/app.py", line 919, in full_dispatch_request
    rv = self.handle_user_exception(e)
         ^^^^^^^^^^^^^^^^^^^^^^^^^^^^^
  File "/lustre09/project/6032307/arnauddr/MiniCPBP/venv/lib/python3.11/site-packages/flask/app.py", line 917, in full_dispatch_request
    rv = self.dispatch_request()
         ^^^^^^^^^^^^^^^^^^^^^^^
  File "/lustre09/project/6032307/arnauddr/MiniCPBP/venv/lib/python3.11/site-packages/flask/app.py", line 902, in dispatch_request
    return self.ensure_sync(self.view_functions[rule.endpoint])(**view_args)  # type: ignore[no-any-return]
           ^^^^^^^^^^^^^^^^^^^^^^^^^^^^^^^^^^^^^^^^^^^^^^^^^^^^^^^^^^^^^^^^^
  File "/lustre09/project/6032307/arnauddr/MiniCPBP/server_mlm.py", line 147, in perplexity
    return {"perplexity": calculate_perplexity(sentence)}
                          ^^^^^^^^^^^^^^^^^^^^^^^^^^^^^^
  File "/lustre09/project/6032307/arnauddr/MiniCPBP/server_mlm.py", line 134, in calculate_perplexity
    with mutex:
TypeError: 'Lock' object does not support the context manager protocol
127.0.0.1 - - [30/Nov/2025 21:54:22] "[35m[1mPOST /perplexity HTTP/1.1[0m" 500 -
[2025-11-30 21:54:22,268] ERROR in app: Exception on /perplexity [POST]
Traceback (most recent call last):
  File "/lustre09/project/6032307/arnauddr/MiniCPBP/venv/lib/python3.11/site-packages/flask/app.py", line 1511, in wsgi_app
    response = self.full_dispatch_request()
               ^^^^^^^^^^^^^^^^^^^^^^^^^^^^
  File "/lustre09/project/6032307/arnauddr/MiniCPBP/venv/lib/python3.11/site-packages/flask/app.py", line 919, in full_dispatch_request
    rv = self.handle_user_exception(e)
         ^^^^^^^^^^^^^^^^^^^^^^^^^^^^^
  File "/lustre09/project/6032307/arnauddr/MiniCPBP/venv/lib/python3.11/site-packages/flask/app.py", line 917, in full_dispatch_request
    rv = self.dispatch_request()
         ^^^^^^^^^^^^^^^^^^^^^^^
  File "/lustre09/project/6032307/arnauddr/MiniCPBP/venv/lib/python3.11/site-packages/flask/app.py", line 902, in dispatch_request
    return self.ensure_sync(self.view_functions[rule.endpoint])(**view_args)  # type: ignore[no-any-return]
           ^^^^^^^^^^^^^^^^^^^^^^^^^^^^^^^^^^^^^^^^^^^^^^^^^^^^^^^^^^^^^^^^^
  File "/lustre09/project/6032307/arnauddr/MiniCPBP/server_mlm.py", line 147, in perplexity
    return {"perplexity": calculate_perplexity(sentence)}
                          ^^^^^^^^^^^^^^^^^^^^^^^^^^^^^^
  File "/lustre09/project/6032307/arnauddr/MiniCPBP/server_mlm.py", line 134, in calculate_perplexity
    with mutex:
TypeError: 'Lock' object does not support the context manager protocol
127.0.0.1 - - [30/Nov/2025 21:54:22] "[35m[1mPOST /perplexity HTTP/1.1[0m" 500 -
[2025-11-30 21:54:22,279] ERROR in app: Exception on /perplexity [POST]
Traceback (most recent call last):
  File "/lustre09/project/6032307/arnauddr/MiniCPBP/venv/lib/python3.11/site-packages/flask/app.py", line 1511, in wsgi_app
    response = self.full_dispatch_request()
               ^^^^^^^^^^^^^^^^^^^^^^^^^^^^
  File "/lustre09/project/6032307/arnauddr/MiniCPBP/venv/lib/python3.11/site-packages/flask/app.py", line 919, in full_dispatch_request
    rv = self.handle_user_exception(e)
         ^^^^^^^^^^^^^^^^^^^^^^^^^^^^^
  File "/lustre09/project/6032307/arnauddr/MiniCPBP/venv/lib/python3.11/site-packages/flask/app.py", line 917, in full_dispatch_request
    rv = self.dispatch_request()
         ^^^^^^^^^^^^^^^^^^^^^^^
  File "/lustre09/project/6032307/arnauddr/MiniCPBP/venv/lib/python3.11/site-packages/flask/app.py", line 902, in dispatch_request
    return self.ensure_sync(self.view_functions[rule.endpoint])(**view_args)  # type: ignore[no-any-return]
           ^^^^^^^^^^^^^^^^^^^^^^^^^^^^^^^^^^^^^^^^^^^^^^^^^^^^^^^^^^^^^^^^^
  File "/lustre09/project/6032307/arnauddr/MiniCPBP/server_mlm.py", line 147, in perplexity
    return {"perplexity": calculate_perplexity(sentence)}
                          ^^^^^^^^^^^^^^^^^^^^^^^^^^^^^^
  File "/lustre09/project/6032307/arnauddr/MiniCPBP/server_mlm.py", line 134, in calculate_perplexity
    with mutex:
TypeError: 'Lock' object does not support the context manager protocol
127.0.0.1 - - [30/Nov/2025 21:54:22] "[35m[1mPOST /perplexity HTTP/1.1[0m" 500 -
[2025-11-30 21:54:22,280] ERROR in app: Exception on /perplexity [POST]
Traceback (most recent call last):
  File "/lustre09/project/6032307/arnauddr/MiniCPBP/venv/lib/python3.11/site-packages/flask/app.py", line 1511, in wsgi_app
    response = self.full_dispatch_request()
               ^^^^^^^^^^^^^^^^^^^^^^^^^^^^
  File "/lustre09/project/6032307/arnauddr/MiniCPBP/venv/lib/python3.11/site-packages/flask/app.py", line 919, in full_dispatch_request
    rv = self.handle_user_exception(e)
         ^^^^^^^^^^^^^^^^^^^^^^^^^^^^^
  File "/lustre09/project/6032307/arnauddr/MiniCPBP/venv/lib/python3.11/site-packages/flask/app.py", line 917, in full_dispatch_request
    rv = self.dispatch_request()
         ^^^^^^^^^^^^^^^^^^^^^^^
  File "/lustre09/project/6032307/arnauddr/MiniCPBP/venv/lib/python3.11/site-packages/flask/app.py", line 902, in dispatch_request
    return self.ensure_sync(self.view_functions[rule.endpoint])(**view_args)  # type: ignore[no-any-return]
           ^^^^^^^^^^^^^^^^^^^^^^^^^^^^^^^^^^^^^^^^^^^^^^^^^^^^^^^^^^^^^^^^^
  File "/lustre09/project/6032307/arnauddr/MiniCPBP/server_mlm.py", line 147, in perplexity
    return {"perplexity": calculate_perplexity(sentence)}
                          ^^^^^^^^^^^^^^^^^^^^^^^^^^^^^^
  File "/lustre09/project/6032307/arnauddr/MiniCPBP/server_mlm.py", line 134, in calculate_perplexity
    with mutex:
TypeError: 'Lock' object does not support the context manager protocol
127.0.0.1 - - [30/Nov/2025 21:54:22] "[35m[1mPOST /perplexity HTTP/1.1[0m" 500 -
[2025-11-30 21:54:22,306] ERROR in app: Exception on /perplexity [POST]
Traceback (most recent call last):
  File "/lustre09/project/6032307/arnauddr/MiniCPBP/venv/lib/python3.11/site-packages/flask/app.py", line 1511, in wsgi_app
    response = self.full_dispatch_request()
               ^^^^^^^^^^^^^^^^^^^^^^^^^^^^
  File "/lustre09/project/6032307/arnauddr/MiniCPBP/venv/lib/python3.11/site-packages/flask/app.py", line 919, in full_dispatch_request
    rv = self.handle_user_exception(e)
         ^^^^^^^^^^^^^^^^^^^^^^^^^^^^^
  File "/lustre09/project/6032307/arnauddr/MiniCPBP/venv/lib/python3.11/site-packages/flask/app.py", line 917, in full_dispatch_request
    rv = self.dispatch_request()
         ^^^^^^^^^^^^^^^^^^^^^^^
  File "/lustre09/project/6032307/arnauddr/MiniCPBP/venv/lib/python3.11/site-packages/flask/app.py", line 902, in dispatch_request
    return self.ensure_sync(self.view_functions[rule.endpoint])(**view_args)  # type: ignore[no-any-return]
           ^^^^^^^^^^^^^^^^^^^^^^^^^^^^^^^^^^^^^^^^^^^^^^^^^^^^^^^^^^^^^^^^^
  File "/lustre09/project/6032307/arnauddr/MiniCPBP/server_mlm.py", line 147, in perplexity
    return {"perplexity": calculate_perplexity(sentence)}
                          ^^^^^^^^^^^^^^^^^^^^^^^^^^^^^^
  File "/lustre09/project/6032307/arnauddr/MiniCPBP/server_mlm.py", line 134, in calculate_perplexity
    with mutex:
TypeError: 'Lock' object does not support the context manager protocol
127.0.0.1 - - [30/Nov/2025 21:54:22] "[35m[1mPOST /perplexity HTTP/1.1[0m" 500 -
[2025-11-30 21:54:22,308] ERROR in app: Exception on /perplexity [POST]
Traceback (most recent call last):
  File "/lustre09/project/6032307/arnauddr/MiniCPBP/venv/lib/python3.11/site-packages/flask/app.py", line 1511, in wsgi_app
    response = self.full_dispatch_request()
               ^^^^^^^^^^^^^^^^^^^^^^^^^^^^
  File "/lustre09/project/6032307/arnauddr/MiniCPBP/venv/lib/python3.11/site-packages/flask/app.py", line 919, in full_dispatch_request
    rv = self.handle_user_exception(e)
         ^^^^^^^^^^^^^^^^^^^^^^^^^^^^^
  File "/lustre09/project/6032307/arnauddr/MiniCPBP/venv/lib/python3.11/site-packages/flask/app.py", line 917, in full_dispatch_request
    rv = self.dispatch_request()
         ^^^^^^^^^^^^^^^^^^^^^^^
  File "/lustre09/project/6032307/arnauddr/MiniCPBP/venv/lib/python3.11/site-packages/flask/app.py", line 902, in dispatch_request
    return self.ensure_sync(self.view_functions[rule.endpoint])(**view_args)  # type: ignore[no-any-return]
           ^^^^^^^^^^^^^^^^^^^^^^^^^^^^^^^^^^^^^^^^^^^^^^^^^^^^^^^^^^^^^^^^^
  File "/lustre09/project/6032307/arnauddr/MiniCPBP/server_mlm.py", line 147, in perplexity
    return {"perplexity": calculate_perplexity(sentence)}
                          ^^^^^^^^^^^^^^^^^^^^^^^^^^^^^^
  File "/lustre09/project/6032307/arnauddr/MiniCPBP/server_mlm.py", line 134, in calculate_perplexity
    with mutex:
TypeError: 'Lock' object does not support the context manager protocol
127.0.0.1 - - [30/Nov/2025 21:54:22] "[35m[1mPOST /perplexity HTTP/1.1[0m" 500 -
[2025-11-30 21:54:22,360] ERROR in app: Exception on /perplexity [POST]
Traceback (most recent call last):
  File "/lustre09/project/6032307/arnauddr/MiniCPBP/venv/lib/python3.11/site-packages/flask/app.py", line 1511, in wsgi_app
    response = self.full_dispatch_request()
               ^^^^^^^^^^^^^^^^^^^^^^^^^^^^
  File "/lustre09/project/6032307/arnauddr/MiniCPBP/venv/lib/python3.11/site-packages/flask/app.py", line 919, in full_dispatch_request
    rv = self.handle_user_exception(e)
         ^^^^^^^^^^^^^^^^^^^^^^^^^^^^^
  File "/lustre09/project/6032307/arnauddr/MiniCPBP/venv/lib/python3.11/site-packages/flask/app.py", line 917, in full_dispatch_request
    rv = self.dispatch_request()
         ^^^^^^^^^^^^^^^^^^^^^^^
  File "/lustre09/project/6032307/arnauddr/MiniCPBP/venv/lib/python3.11/site-packages/flask/app.py", line 902, in dispatch_request
    return self.ensure_sync(self.view_functions[rule.endpoint])(**view_args)  # type: ignore[no-any-return]
           ^^^^^^^^^^^^^^^^^^^^^^^^^^^^^^^^^^^^^^^^^^^^^^^^^^^^^^^^^^^^^^^^^
  File "/lustre09/project/6032307/arnauddr/MiniCPBP/server_mlm.py", line 147, in perplexity
    return {"perplexity": calculate_perplexity(sentence)}
                          ^^^^^^^^^^^^^^^^^^^^^^^^^^^^^^
  File "/lustre09/project/6032307/arnauddr/MiniCPBP/server_mlm.py", line 134, in calculate_perplexity
    with mutex:
TypeError: 'Lock' object does not support the context manager protocol
127.0.0.1 - - [30/Nov/2025 21:54:22] "[35m[1mPOST /perplexity HTTP/1.1[0m" 500 -
[2025-11-30 21:54:22,371] ERROR in app: Exception on /perplexity [POST]
Traceback (most recent call last):
  File "/lustre09/project/6032307/arnauddr/MiniCPBP/venv/lib/python3.11/site-packages/flask/app.py", line 1511, in wsgi_app
    response = self.full_dispatch_request()
               ^^^^^^^^^^^^^^^^^^^^^^^^^^^^
  File "/lustre09/project/6032307/arnauddr/MiniCPBP/venv/lib/python3.11/site-packages/flask/app.py", line 919, in full_dispatch_request
    rv = self.handle_user_exception(e)
         ^^^^^^^^^^^^^^^^^^^^^^^^^^^^^
  File "/lustre09/project/6032307/arnauddr/MiniCPBP/venv/lib/python3.11/site-packages/flask/app.py", line 917, in full_dispatch_request
    rv = self.dispatch_request()
         ^^^^^^^^^^^^^^^^^^^^^^^
  File "/lustre09/project/6032307/arnauddr/MiniCPBP/venv/lib/python3.11/site-packages/flask/app.py", line 902, in dispatch_request
    return self.ensure_sync(self.view_functions[rule.endpoint])(**view_args)  # type: ignore[no-any-return]
           ^^^^^^^^^^^^^^^^^^^^^^^^^^^^^^^^^^^^^^^^^^^^^^^^^^^^^^^^^^^^^^^^^
  File "/lustre09/project/6032307/arnauddr/MiniCPBP/server_mlm.py", line 147, in perplexity
    return {"perplexity": calculate_perplexity(sentence)}
                          ^^^^^^^^^^^^^^^^^^^^^^^^^^^^^^
  File "/lustre09/project/6032307/arnauddr/MiniCPBP/server_mlm.py", line 134, in calculate_perplexity
    with mutex:
TypeError: 'Lock' object does not support the context manager protocol
127.0.0.1 - - [30/Nov/2025 21:54:22] "[35m[1mPOST /perplexity HTTP/1.1[0m" 500 -
[2025-11-30 21:54:22,380] ERROR in app: Exception on /perplexity [POST]
Traceback (most recent call last):
  File "/lustre09/project/6032307/arnauddr/MiniCPBP/venv/lib/python3.11/site-packages/flask/app.py", line 1511, in wsgi_app
    response = self.full_dispatch_request()
               ^^^^^^^^^^^^^^^^^^^^^^^^^^^^
  File "/lustre09/project/6032307/arnauddr/MiniCPBP/venv/lib/python3.11/site-packages/flask/app.py", line 919, in full_dispatch_request
    rv = self.handle_user_exception(e)
         ^^^^^^^^^^^^^^^^^^^^^^^^^^^^^
  File "/lustre09/project/6032307/arnauddr/MiniCPBP/venv/lib/python3.11/site-packages/flask/app.py", line 917, in full_dispatch_request
    rv = self.dispatch_request()
         ^^^^^^^^^^^^^^^^^^^^^^^
  File "/lustre09/project/6032307/arnauddr/MiniCPBP/venv/lib/python3.11/site-packages/flask/app.py", line 902, in dispatch_request
    return self.ensure_sync(self.view_functions[rule.endpoint])(**view_args)  # type: ignore[no-any-return]
           ^^^^^^^^^^^^^^^^^^^^^^^^^^^^^^^^^^^^^^^^^^^^^^^^^^^^^^^^^^^^^^^^^
  File "/lustre09/project/6032307/arnauddr/MiniCPBP/server_mlm.py", line 147, in perplexity
    return {"perplexity": calculate_perplexity(sentence)}
                          ^^^^^^^^^^^^^^^^^^^^^^^^^^^^^^
  File "/lustre09/project/6032307/arnauddr/MiniCPBP/server_mlm.py", line 134, in calculate_perplexity
    with mutex:
TypeError: 'Lock' object does not support the context manager protocol
127.0.0.1 - - [30/Nov/2025 21:54:22] "[35m[1mPOST /perplexity HTTP/1.1[0m" 500 -
[2025-11-30 21:54:22,386] ERROR in app: Exception on /perplexity [POST]
Traceback (most recent call last):
  File "/lustre09/project/6032307/arnauddr/MiniCPBP/venv/lib/python3.11/site-packages/flask/app.py", line 1511, in wsgi_app
    response = self.full_dispatch_request()
               ^^^^^^^^^^^^^^^^^^^^^^^^^^^^
  File "/lustre09/project/6032307/arnauddr/MiniCPBP/venv/lib/python3.11/site-packages/flask/app.py", line 919, in full_dispatch_request
    rv = self.handle_user_exception(e)
         ^^^^^^^^^^^^^^^^^^^^^^^^^^^^^
  File "/lustre09/project/6032307/arnauddr/MiniCPBP/venv/lib/python3.11/site-packages/flask/app.py", line 917, in full_dispatch_request
    rv = self.dispatch_request()
         ^^^^^^^^^^^^^^^^^^^^^^^
  File "/lustre09/project/6032307/arnauddr/MiniCPBP/venv/lib/python3.11/site-packages/flask/app.py", line 902, in dispatch_request
    return self.ensure_sync(self.view_functions[rule.endpoint])(**view_args)  # type: ignore[no-any-return]
           ^^^^^^^^^^^^^^^^^^^^^^^^^^^^^^^^^^^^^^^^^^^^^^^^^^^^^^^^^^^^^^^^^
  File "/lustre09/project/6032307/arnauddr/MiniCPBP/server_mlm.py", line 147, in perplexity
    return {"perplexity": calculate_perplexity(sentence)}
                          ^^^^^^^^^^^^^^^^^^^^^^^^^^^^^^
  File "/lustre09/project/6032307/arnauddr/MiniCPBP/server_mlm.py", line 134, in calculate_perplexity
    with mutex:
TypeError: 'Lock' object does not support the context manager protocol
127.0.0.1 - - [30/Nov/2025 21:54:22] "[35m[1mPOST /perplexity HTTP/1.1[0m" 500 -
[2025-11-30 21:54:22,389] ERROR in app: Exception on /perplexity [POST]
Traceback (most recent call last):
  File "/lustre09/project/6032307/arnauddr/MiniCPBP/venv/lib/python3.11/site-packages/flask/app.py", line 1511, in wsgi_app
    response = self.full_dispatch_request()
               ^^^^^^^^^^^^^^^^^^^^^^^^^^^^
  File "/lustre09/project/6032307/arnauddr/MiniCPBP/venv/lib/python3.11/site-packages/flask/app.py", line 919, in full_dispatch_request
    rv = self.handle_user_exception(e)
         ^^^^^^^^^^^^^^^^^^^^^^^^^^^^^
  File "/lustre09/project/6032307/arnauddr/MiniCPBP/venv/lib/python3.11/site-packages/flask/app.py", line 917, in full_dispatch_request
    rv = self.dispatch_request()
         ^^^^^^^^^^^^^^^^^^^^^^^
  File "/lustre09/project/6032307/arnauddr/MiniCPBP/venv/lib/python3.11/site-packages/flask/app.py", line 902, in dispatch_request
    return self.ensure_sync(self.view_functions[rule.endpoint])(**view_args)  # type: ignore[no-any-return]
           ^^^^^^^^^^^^^^^^^^^^^^^^^^^^^^^^^^^^^^^^^^^^^^^^^^^^^^^^^^^^^^^^^
  File "/lustre09/project/6032307/arnauddr/MiniCPBP/server_mlm.py", line 147, in perplexity
    return {"perplexity": calculate_perplexity(sentence)}
                          ^^^^^^^^^^^^^^^^^^^^^^^^^^^^^^
  File "/lustre09/project/6032307/arnauddr/MiniCPBP/server_mlm.py", line 134, in calculate_perplexity
    with mutex:
TypeError: 'Lock' object does not support the context manager protocol
127.0.0.1 - - [30/Nov/2025 21:54:22] "[35m[1mPOST /perplexity HTTP/1.1[0m" 500 -
[2025-11-30 21:54:22,400] ERROR in app: Exception on /perplexity [POST]
Traceback (most recent call last):
  File "/lustre09/project/6032307/arnauddr/MiniCPBP/venv/lib/python3.11/site-packages/flask/app.py", line 1511, in wsgi_app
    response = self.full_dispatch_request()
               ^^^^^^^^^^^^^^^^^^^^^^^^^^^^
  File "/lustre09/project/6032307/arnauddr/MiniCPBP/venv/lib/python3.11/site-packages/flask/app.py", line 919, in full_dispatch_request
    rv = self.handle_user_exception(e)
         ^^^^^^^^^^^^^^^^^^^^^^^^^^^^^
  File "/lustre09/project/6032307/arnauddr/MiniCPBP/venv/lib/python3.11/site-packages/flask/app.py", line 917, in full_dispatch_request
    rv = self.dispatch_request()
         ^^^^^^^^^^^^^^^^^^^^^^^
  File "/lustre09/project/6032307/arnauddr/MiniCPBP/venv/lib/python3.11/site-packages/flask/app.py", line 902, in dispatch_request
    return self.ensure_sync(self.view_functions[rule.endpoint])(**view_args)  # type: ignore[no-any-return]
           ^^^^^^^^^^^^^^^^^^^^^^^^^^^^^^^^^^^^^^^^^^^^^^^^^^^^^^^^^^^^^^^^^
  File "/lustre09/project/6032307/arnauddr/MiniCPBP/server_mlm.py", line 147, in perplexity
    return {"perplexity": calculate_perplexity(sentence)}
                          ^^^^^^^^^^^^^^^^^^^^^^^^^^^^^^
  File "/lustre09/project/6032307/arnauddr/MiniCPBP/server_mlm.py", line 134, in calculate_perplexity
    with mutex:
TypeError: 'Lock' object does not support the context manager protocol
127.0.0.1 - - [30/Nov/2025 21:54:22] "[35m[1mPOST /perplexity HTTP/1.1[0m" 500 -
[2025-11-30 21:54:22,402] ERROR in app: Exception on /perplexity [POST]
Traceback (most recent call last):
  File "/lustre09/project/6032307/arnauddr/MiniCPBP/venv/lib/python3.11/site-packages/flask/app.py", line 1511, in wsgi_app
    response = self.full_dispatch_request()
               ^^^^^^^^^^^^^^^^^^^^^^^^^^^^
  File "/lustre09/project/6032307/arnauddr/MiniCPBP/venv/lib/python3.11/site-packages/flask/app.py", line 919, in full_dispatch_request
    rv = self.handle_user_exception(e)
         ^^^^^^^^^^^^^^^^^^^^^^^^^^^^^
  File "/lustre09/project/6032307/arnauddr/MiniCPBP/venv/lib/python3.11/site-packages/flask/app.py", line 917, in full_dispatch_request
    rv = self.dispatch_request()
         ^^^^^^^^^^^^^^^^^^^^^^^
  File "/lustre09/project/6032307/arnauddr/MiniCPBP/venv/lib/python3.11/site-packages/flask/app.py", line 902, in dispatch_request
    return self.ensure_sync(self.view_functions[rule.endpoint])(**view_args)  # type: ignore[no-any-return]
           ^^^^^^^^^^^^^^^^^^^^^^^^^^^^^^^^^^^^^^^^^^^^^^^^^^^^^^^^^^^^^^^^^
  File "/lustre09/project/6032307/arnauddr/MiniCPBP/server_mlm.py", line 147, in perplexity
    return {"perplexity": calculate_perplexity(sentence)}
                          ^^^^^^^^^^^^^^^^^^^^^^^^^^^^^^
  File "/lustre09/project/6032307/arnauddr/MiniCPBP/server_mlm.py", line 134, in calculate_perplexity
    with mutex:
TypeError: 'Lock' object does not support the context manager protocol
127.0.0.1 - - [30/Nov/2025 21:54:22] "[35m[1mPOST /perplexity HTTP/1.1[0m" 500 -
[2025-11-30 21:54:22,404] ERROR in app: Exception on /perplexity [POST]
Traceback (most recent call last):
  File "/lustre09/project/6032307/arnauddr/MiniCPBP/venv/lib/python3.11/site-packages/flask/app.py", line 1511, in wsgi_app
    response = self.full_dispatch_request()
               ^^^^^^^^^^^^^^^^^^^^^^^^^^^^
  File "/lustre09/project/6032307/arnauddr/MiniCPBP/venv/lib/python3.11/site-packages/flask/app.py", line 919, in full_dispatch_request
    rv = self.handle_user_exception(e)
         ^^^^^^^^^^^^^^^^^^^^^^^^^^^^^
  File "/lustre09/project/6032307/arnauddr/MiniCPBP/venv/lib/python3.11/site-packages/flask/app.py", line 917, in full_dispatch_request
    rv = self.dispatch_request()
         ^^^^^^^^^^^^^^^^^^^^^^^
  File "/lustre09/project/6032307/arnauddr/MiniCPBP/venv/lib/python3.11/site-packages/flask/app.py", line 902, in dispatch_request
    return self.ensure_sync(self.view_functions[rule.endpoint])(**view_args)  # type: ignore[no-any-return]
           ^^^^^^^^^^^^^^^^^^^^^^^^^^^^^^^^^^^^^^^^^^^^^^^^^^^^^^^^^^^^^^^^^
  File "/lustre09/project/6032307/arnauddr/MiniCPBP/server_mlm.py", line 147, in perplexity
    return {"perplexity": calculate_perplexity(sentence)}
                          ^^^^^^^^^^^^^^^^^^^^^^^^^^^^^^
  File "/lustre09/project/6032307/arnauddr/MiniCPBP/server_mlm.py", line 134, in calculate_perplexity
    with mutex:
TypeError: 'Lock' object does not support the context manager protocol
127.0.0.1 - - [30/Nov/2025 21:54:22] "[35m[1mPOST /perplexity HTTP/1.1[0m" 500 -
[2025-11-30 21:54:22,424] ERROR in app: Exception on /perplexity [POST]
Traceback (most recent call last):
  File "/lustre09/project/6032307/arnauddr/MiniCPBP/venv/lib/python3.11/site-packages/flask/app.py", line 1511, in wsgi_app
    response = self.full_dispatch_request()
               ^^^^^^^^^^^^^^^^^^^^^^^^^^^^
  File "/lustre09/project/6032307/arnauddr/MiniCPBP/venv/lib/python3.11/site-packages/flask/app.py", line 919, in full_dispatch_request
    rv = self.handle_user_exception(e)
         ^^^^^^^^^^^^^^^^^^^^^^^^^^^^^
  File "/lustre09/project/6032307/arnauddr/MiniCPBP/venv/lib/python3.11/site-packages/flask/app.py", line 917, in full_dispatch_request
    rv = self.dispatch_request()
         ^^^^^^^^^^^^^^^^^^^^^^^
  File "/lustre09/project/6032307/arnauddr/MiniCPBP/venv/lib/python3.11/site-packages/flask/app.py", line 902, in dispatch_request
    return self.ensure_sync(self.view_functions[rule.endpoint])(**view_args)  # type: ignore[no-any-return]
           ^^^^^^^^^^^^^^^^^^^^^^^^^^^^^^^^^^^^^^^^^^^^^^^^^^^^^^^^^^^^^^^^^
  File "/lustre09/project/6032307/arnauddr/MiniCPBP/server_mlm.py", line 147, in perplexity
    return {"perplexity": calculate_perplexity(sentence)}
                          ^^^^^^^^^^^^^^^^^^^^^^^^^^^^^^
  File "/lustre09/project/6032307/arnauddr/MiniCPBP/server_mlm.py", line 134, in calculate_perplexity
    with mutex:
TypeError: 'Lock' object does not support the context manager protocol
127.0.0.1 - - [30/Nov/2025 21:54:22] "[35m[1mPOST /perplexity HTTP/1.1[0m" 500 -
[2025-11-30 21:54:22,441] ERROR in app: Exception on /perplexity [POST]
Traceback (most recent call last):
  File "/lustre09/project/6032307/arnauddr/MiniCPBP/venv/lib/python3.11/site-packages/flask/app.py", line 1511, in wsgi_app
    response = self.full_dispatch_request()
               ^^^^^^^^^^^^^^^^^^^^^^^^^^^^
  File "/lustre09/project/6032307/arnauddr/MiniCPBP/venv/lib/python3.11/site-packages/flask/app.py", line 919, in full_dispatch_request
    rv = self.handle_user_exception(e)
         ^^^^^^^^^^^^^^^^^^^^^^^^^^^^^
  File "/lustre09/project/6032307/arnauddr/MiniCPBP/venv/lib/python3.11/site-packages/flask/app.py", line 917, in full_dispatch_request
    rv = self.dispatch_request()
         ^^^^^^^^^^^^^^^^^^^^^^^
  File "/lustre09/project/6032307/arnauddr/MiniCPBP/venv/lib/python3.11/site-packages/flask/app.py", line 902, in dispatch_request
    return self.ensure_sync(self.view_functions[rule.endpoint])(**view_args)  # type: ignore[no-any-return]
           ^^^^^^^^^^^^^^^^^^^^^^^^^^^^^^^^^^^^^^^^^^^^^^^^^^^^^^^^^^^^^^^^^
  File "/lustre09/project/6032307/arnauddr/MiniCPBP/server_mlm.py", line 147, in perplexity
    return {"perplexity": calculate_perplexity(sentence)}
                          ^^^^^^^^^^^^^^^^^^^^^^^^^^^^^^
  File "/lustre09/project/6032307/arnauddr/MiniCPBP/server_mlm.py", line 134, in calculate_perplexity
    with mutex:
TypeError: 'Lock' object does not support the context manager protocol
127.0.0.1 - - [30/Nov/2025 21:54:22] "[35m[1mPOST /perplexity HTTP/1.1[0m" 500 -
[2025-11-30 21:54:22,443] ERROR in app: Exception on /perplexity [POST]
Traceback (most recent call last):
  File "/lustre09/project/6032307/arnauddr/MiniCPBP/venv/lib/python3.11/site-packages/flask/app.py", line 1511, in wsgi_app
    response = self.full_dispatch_request()
               ^^^^^^^^^^^^^^^^^^^^^^^^^^^^
  File "/lustre09/project/6032307/arnauddr/MiniCPBP/venv/lib/python3.11/site-packages/flask/app.py", line 919, in full_dispatch_request
    rv = self.handle_user_exception(e)
         ^^^^^^^^^^^^^^^^^^^^^^^^^^^^^
  File "/lustre09/project/6032307/arnauddr/MiniCPBP/venv/lib/python3.11/site-packages/flask/app.py", line 917, in full_dispatch_request
    rv = self.dispatch_request()
         ^^^^^^^^^^^^^^^^^^^^^^^
  File "/lustre09/project/6032307/arnauddr/MiniCPBP/venv/lib/python3.11/site-packages/flask/app.py", line 902, in dispatch_request
    return self.ensure_sync(self.view_functions[rule.endpoint])(**view_args)  # type: ignore[no-any-return]
           ^^^^^^^^^^^^^^^^^^^^^^^^^^^^^^^^^^^^^^^^^^^^^^^^^^^^^^^^^^^^^^^^^
  File "/lustre09/project/6032307/arnauddr/MiniCPBP/server_mlm.py", line 147, in perplexity
    return {"perplexity": calculate_perplexity(sentence)}
                          ^^^^^^^^^^^^^^^^^^^^^^^^^^^^^^
  File "/lustre09/project/6032307/arnauddr/MiniCPBP/server_mlm.py", line 134, in calculate_perplexity
    with mutex:
TypeError: 'Lock' object does not support the context manager protocol
127.0.0.1 - - [30/Nov/2025 21:54:22] "[35m[1mPOST /perplexity HTTP/1.1[0m" 500 -
[2025-11-30 21:54:22,443] ERROR in app: Exception on /perplexity [POST]
Traceback (most recent call last):
  File "/lustre09/project/6032307/arnauddr/MiniCPBP/venv/lib/python3.11/site-packages/flask/app.py", line 1511, in wsgi_app
    response = self.full_dispatch_request()
               ^^^^^^^^^^^^^^^^^^^^^^^^^^^^
  File "/lustre09/project/6032307/arnauddr/MiniCPBP/venv/lib/python3.11/site-packages/flask/app.py", line 919, in full_dispatch_request
    rv = self.handle_user_exception(e)
         ^^^^^^^^^^^^^^^^^^^^^^^^^^^^^
  File "/lustre09/project/6032307/arnauddr/MiniCPBP/venv/lib/python3.11/site-packages/flask/app.py", line 917, in full_dispatch_request
    rv = self.dispatch_request()
         ^^^^^^^^^^^^^^^^^^^^^^^
  File "/lustre09/project/6032307/arnauddr/MiniCPBP/venv/lib/python3.11/site-packages/flask/app.py", line 902, in dispatch_request
    return self.ensure_sync(self.view_functions[rule.endpoint])(**view_args)  # type: ignore[no-any-return]
           ^^^^^^^^^^^^^^^^^^^^^^^^^^^^^^^^^^^^^^^^^^^^^^^^^^^^^^^^^^^^^^^^^
  File "/lustre09/project/6032307/arnauddr/MiniCPBP/server_mlm.py", line 147, in perplexity
    return {"perplexity": calculate_perplexity(sentence)}
                          ^^^^^^^^^^^^^^^^^^^^^^^^^^^^^^
  File "/lustre09/project/6032307/arnauddr/MiniCPBP/server_mlm.py", line 134, in calculate_perplexity
    with mutex:
TypeError: 'Lock' object does not support the context manager protocol
127.0.0.1 - - [30/Nov/2025 21:54:22] "[35m[1mPOST /perplexity HTTP/1.1[0m" 500 -
[2025-11-30 21:54:22,445] ERROR in app: Exception on /perplexity [POST]
Traceback (most recent call last):
  File "/lustre09/project/6032307/arnauddr/MiniCPBP/venv/lib/python3.11/site-packages/flask/app.py", line 1511, in wsgi_app
    response = self.full_dispatch_request()
               ^^^^^^^^^^^^^^^^^^^^^^^^^^^^
  File "/lustre09/project/6032307/arnauddr/MiniCPBP/venv/lib/python3.11/site-packages/flask/app.py", line 919, in full_dispatch_request
    rv = self.handle_user_exception(e)
         ^^^^^^^^^^^^^^^^^^^^^^^^^^^^^
  File "/lustre09/project/6032307/arnauddr/MiniCPBP/venv/lib/python3.11/site-packages/flask/app.py", line 917, in full_dispatch_request
    rv = self.dispatch_request()
         ^^^^^^^^^^^^^^^^^^^^^^^
  File "/lustre09/project/6032307/arnauddr/MiniCPBP/venv/lib/python3.11/site-packages/flask/app.py", line 902, in dispatch_request
    return self.ensure_sync(self.view_functions[rule.endpoint])(**view_args)  # type: ignore[no-any-return]
           ^^^^^^^^^^^^^^^^^^^^^^^^^^^^^^^^^^^^^^^^^^^^^^^^^^^^^^^^^^^^^^^^^
  File "/lustre09/project/6032307/arnauddr/MiniCPBP/server_mlm.py", line 147, in perplexity
    return {"perplexity": calculate_perplexity(sentence)}
                          ^^^^^^^^^^^^^^^^^^^^^^^^^^^^^^
  File "/lustre09/project/6032307/arnauddr/MiniCPBP/server_mlm.py", line 134, in calculate_perplexity
    with mutex:
TypeError: 'Lock' object does not support the context manager protocol
127.0.0.1 - - [30/Nov/2025 21:54:22] "[35m[1mPOST /perplexity HTTP/1.1[0m" 500 -
[2025-11-30 21:54:22,446] ERROR in app: Exception on /perplexity [POST]
Traceback (most recent call last):
  File "/lustre09/project/6032307/arnauddr/MiniCPBP/venv/lib/python3.11/site-packages/flask/app.py", line 1511, in wsgi_app
    response = self.full_dispatch_request()
               ^^^^^^^^^^^^^^^^^^^^^^^^^^^^
  File "/lustre09/project/6032307/arnauddr/MiniCPBP/venv/lib/python3.11/site-packages/flask/app.py", line 919, in full_dispatch_request
    rv = self.handle_user_exception(e)
         ^^^^^^^^^^^^^^^^^^^^^^^^^^^^^
  File "/lustre09/project/6032307/arnauddr/MiniCPBP/venv/lib/python3.11/site-packages/flask/app.py", line 917, in full_dispatch_request
    rv = self.dispatch_request()
         ^^^^^^^^^^^^^^^^^^^^^^^
  File "/lustre09/project/6032307/arnauddr/MiniCPBP/venv/lib/python3.11/site-packages/flask/app.py", line 902, in dispatch_request
    return self.ensure_sync(self.view_functions[rule.endpoint])(**view_args)  # type: ignore[no-any-return]
           ^^^^^^^^^^^^^^^^^^^^^^^^^^^^^^^^^^^^^^^^^^^^^^^^^^^^^^^^^^^^^^^^^
  File "/lustre09/project/6032307/arnauddr/MiniCPBP/server_mlm.py", line 147, in perplexity
    return {"perplexity": calculate_perplexity(sentence)}
                          ^^^^^^^^^^^^^^^^^^^^^^^^^^^^^^
  File "/lustre09/project/6032307/arnauddr/MiniCPBP/server_mlm.py", line 134, in calculate_perplexity
    with mutex:
TypeError: 'Lock' object does not support the context manager protocol
127.0.0.1 - - [30/Nov/2025 21:54:22] "[35m[1mPOST /perplexity HTTP/1.1[0m" 500 -
[2025-11-30 21:54:22,454] ERROR in app: Exception on /perplexity [POST]
Traceback (most recent call last):
  File "/lustre09/project/6032307/arnauddr/MiniCPBP/venv/lib/python3.11/site-packages/flask/app.py", line 1511, in wsgi_app
    response = self.full_dispatch_request()
               ^^^^^^^^^^^^^^^^^^^^^^^^^^^^
  File "/lustre09/project/6032307/arnauddr/MiniCPBP/venv/lib/python3.11/site-packages/flask/app.py", line 919, in full_dispatch_request
    rv = self.handle_user_exception(e)
         ^^^^^^^^^^^^^^^^^^^^^^^^^^^^^
  File "/lustre09/project/6032307/arnauddr/MiniCPBP/venv/lib/python3.11/site-packages/flask/app.py", line 917, in full_dispatch_request
    rv = self.dispatch_request()
         ^^^^^^^^^^^^^^^^^^^^^^^
  File "/lustre09/project/6032307/arnauddr/MiniCPBP/venv/lib/python3.11/site-packages/flask/app.py", line 902, in dispatch_request
    return self.ensure_sync(self.view_functions[rule.endpoint])(**view_args)  # type: ignore[no-any-return]
           ^^^^^^^^^^^^^^^^^^^^^^^^^^^^^^^^^^^^^^^^^^^^^^^^^^^^^^^^^^^^^^^^^
  File "/lustre09/project/6032307/arnauddr/MiniCPBP/server_mlm.py", line 147, in perplexity
    return {"perplexity": calculate_perplexity(sentence)}
                          ^^^^^^^^^^^^^^^^^^^^^^^^^^^^^^
  File "/lustre09/project/6032307/arnauddr/MiniCPBP/server_mlm.py", line 134, in calculate_perplexity
    with mutex:
TypeError: 'Lock' object does not support the context manager protocol
127.0.0.1 - - [30/Nov/2025 21:54:22] "[35m[1mPOST /perplexity HTTP/1.1[0m" 500 -
[2025-11-30 21:54:22,476] ERROR in app: Exception on /perplexity [POST]
Traceback (most recent call last):
  File "/lustre09/project/6032307/arnauddr/MiniCPBP/venv/lib/python3.11/site-packages/flask/app.py", line 1511, in wsgi_app
    response = self.full_dispatch_request()
               ^^^^^^^^^^^^^^^^^^^^^^^^^^^^
  File "/lustre09/project/6032307/arnauddr/MiniCPBP/venv/lib/python3.11/site-packages/flask/app.py", line 919, in full_dispatch_request
    rv = self.handle_user_exception(e)
         ^^^^^^^^^^^^^^^^^^^^^^^^^^^^^
  File "/lustre09/project/6032307/arnauddr/MiniCPBP/venv/lib/python3.11/site-packages/flask/app.py", line 917, in full_dispatch_request
    rv = self.dispatch_request()
         ^^^^^^^^^^^^^^^^^^^^^^^
  File "/lustre09/project/6032307/arnauddr/MiniCPBP/venv/lib/python3.11/site-packages/flask/app.py", line 902, in dispatch_request
    return self.ensure_sync(self.view_functions[rule.endpoint])(**view_args)  # type: ignore[no-any-return]
           ^^^^^^^^^^^^^^^^^^^^^^^^^^^^^^^^^^^^^^^^^^^^^^^^^^^^^^^^^^^^^^^^^
  File "/lustre09/project/6032307/arnauddr/MiniCPBP/server_mlm.py", line 147, in perplexity
    return {"perplexity": calculate_perplexity(sentence)}
                          ^^^^^^^^^^^^^^^^^^^^^^^^^^^^^^
  File "/lustre09/project/6032307/arnauddr/MiniCPBP/server_mlm.py", line 134, in calculate_perplexity
    with mutex:
TypeError: 'Lock' object does not support the context manager protocol
127.0.0.1 - - [30/Nov/2025 21:54:22] "[35m[1mPOST /perplexity HTTP/1.1[0m" 500 -
[2025-11-30 21:54:22,478] ERROR in app: Exception on /perplexity [POST]
Traceback (most recent call last):
  File "/lustre09/project/6032307/arnauddr/MiniCPBP/venv/lib/python3.11/site-packages/flask/app.py", line 1511, in wsgi_app
    response = self.full_dispatch_request()
               ^^^^^^^^^^^^^^^^^^^^^^^^^^^^
  File "/lustre09/project/6032307/arnauddr/MiniCPBP/venv/lib/python3.11/site-packages/flask/app.py", line 919, in full_dispatch_request
    rv = self.handle_user_exception(e)
         ^^^^^^^^^^^^^^^^^^^^^^^^^^^^^
  File "/lustre09/project/6032307/arnauddr/MiniCPBP/venv/lib/python3.11/site-packages/flask/app.py", line 917, in full_dispatch_request
    rv = self.dispatch_request()
         ^^^^^^^^^^^^^^^^^^^^^^^
  File "/lustre09/project/6032307/arnauddr/MiniCPBP/venv/lib/python3.11/site-packages/flask/app.py", line 902, in dispatch_request
    return self.ensure_sync(self.view_functions[rule.endpoint])(**view_args)  # type: ignore[no-any-return]
           ^^^^^^^^^^^^^^^^^^^^^^^^^^^^^^^^^^^^^^^^^^^^^^^^^^^^^^^^^^^^^^^^^
  File "/lustre09/project/6032307/arnauddr/MiniCPBP/server_mlm.py", line 147, in perplexity
    return {"perplexity": calculate_perplexity(sentence)}
                          ^^^^^^^^^^^^^^^^^^^^^^^^^^^^^^
  File "/lustre09/project/6032307/arnauddr/MiniCPBP/server_mlm.py", line 134, in calculate_perplexity
    with mutex:
TypeError: 'Lock' object does not support the context manager protocol
127.0.0.1 - - [30/Nov/2025 21:54:22] "[35m[1mPOST /perplexity HTTP/1.1[0m" 500 -
[2025-11-30 21:54:22,551] ERROR in app: Exception on /perplexity [POST]
Traceback (most recent call last):
  File "/lustre09/project/6032307/arnauddr/MiniCPBP/venv/lib/python3.11/site-packages/flask/app.py", line 1511, in wsgi_app
    response = self.full_dispatch_request()
               ^^^^^^^^^^^^^^^^^^^^^^^^^^^^
  File "/lustre09/project/6032307/arnauddr/MiniCPBP/venv/lib/python3.11/site-packages/flask/app.py", line 919, in full_dispatch_request
    rv = self.handle_user_exception(e)
         ^^^^^^^^^^^^^^^^^^^^^^^^^^^^^
  File "/lustre09/project/6032307/arnauddr/MiniCPBP/venv/lib/python3.11/site-packages/flask/app.py", line 917, in full_dispatch_request
    rv = self.dispatch_request()
         ^^^^^^^^^^^^^^^^^^^^^^^
  File "/lustre09/project/6032307/arnauddr/MiniCPBP/venv/lib/python3.11/site-packages/flask/app.py", line 902, in dispatch_request
    return self.ensure_sync(self.view_functions[rule.endpoint])(**view_args)  # type: ignore[no-any-return]
           ^^^^^^^^^^^^^^^^^^^^^^^^^^^^^^^^^^^^^^^^^^^^^^^^^^^^^^^^^^^^^^^^^
  File "/lustre09/project/6032307/arnauddr/MiniCPBP/server_mlm.py", line 147, in perplexity
    return {"perplexity": calculate_perplexity(sentence)}
                          ^^^^^^^^^^^^^^^^^^^^^^^^^^^^^^
  File "/lustre09/project/6032307/arnauddr/MiniCPBP/server_mlm.py", line 134, in calculate_perplexity
    with mutex:
TypeError: 'Lock' object does not support the context manager protocol
127.0.0.1 - - [30/Nov/2025 21:54:22] "[35m[1mPOST /perplexity HTTP/1.1[0m" 500 -
[2025-11-30 21:54:22,556] ERROR in app: Exception on /perplexity [POST]
Traceback (most recent call last):
  File "/lustre09/project/6032307/arnauddr/MiniCPBP/venv/lib/python3.11/site-packages/flask/app.py", line 1511, in wsgi_app
    response = self.full_dispatch_request()
               ^^^^^^^^^^^^^^^^^^^^^^^^^^^^
  File "/lustre09/project/6032307/arnauddr/MiniCPBP/venv/lib/python3.11/site-packages/flask/app.py", line 919, in full_dispatch_request
    rv = self.handle_user_exception(e)
         ^^^^^^^^^^^^^^^^^^^^^^^^^^^^^
  File "/lustre09/project/6032307/arnauddr/MiniCPBP/venv/lib/python3.11/site-packages/flask/app.py", line 917, in full_dispatch_request
    rv = self.dispatch_request()
         ^^^^^^^^^^^^^^^^^^^^^^^
  File "/lustre09/project/6032307/arnauddr/MiniCPBP/venv/lib/python3.11/site-packages/flask/app.py", line 902, in dispatch_request
    return self.ensure_sync(self.view_functions[rule.endpoint])(**view_args)  # type: ignore[no-any-return]
           ^^^^^^^^^^^^^^^^^^^^^^^^^^^^^^^^^^^^^^^^^^^^^^^^^^^^^^^^^^^^^^^^^
  File "/lustre09/project/6032307/arnauddr/MiniCPBP/server_mlm.py", line 147, in perplexity
    return {"perplexity": calculate_perplexity(sentence)}
                          ^^^^^^^^^^^^^^^^^^^^^^^^^^^^^^
  File "/lustre09/project/6032307/arnauddr/MiniCPBP/server_mlm.py", line 134, in calculate_perplexity
    with mutex:
TypeError: 'Lock' object does not support the context manager protocol
127.0.0.1 - - [30/Nov/2025 21:54:22] "[35m[1mPOST /perplexity HTTP/1.1[0m" 500 -
[2025-11-30 21:54:22,616] ERROR in app: Exception on /perplexity [POST]
Traceback (most recent call last):
  File "/lustre09/project/6032307/arnauddr/MiniCPBP/venv/lib/python3.11/site-packages/flask/app.py", line 1511, in wsgi_app
    response = self.full_dispatch_request()
               ^^^^^^^^^^^^^^^^^^^^^^^^^^^^
  File "/lustre09/project/6032307/arnauddr/MiniCPBP/venv/lib/python3.11/site-packages/flask/app.py", line 919, in full_dispatch_request
    rv = self.handle_user_exception(e)
         ^^^^^^^^^^^^^^^^^^^^^^^^^^^^^
  File "/lustre09/project/6032307/arnauddr/MiniCPBP/venv/lib/python3.11/site-packages/flask/app.py", line 917, in full_dispatch_request
    rv = self.dispatch_request()
         ^^^^^^^^^^^^^^^^^^^^^^^
  File "/lustre09/project/6032307/arnauddr/MiniCPBP/venv/lib/python3.11/site-packages/flask/app.py", line 902, in dispatch_request
    return self.ensure_sync(self.view_functions[rule.endpoint])(**view_args)  # type: ignore[no-any-return]
           ^^^^^^^^^^^^^^^^^^^^^^^^^^^^^^^^^^^^^^^^^^^^^^^^^^^^^^^^^^^^^^^^^
  File "/lustre09/project/6032307/arnauddr/MiniCPBP/server_mlm.py", line 147, in perplexity
    return {"perplexity": calculate_perplexity(sentence)}
                          ^^^^^^^^^^^^^^^^^^^^^^^^^^^^^^
  File "/lustre09/project/6032307/arnauddr/MiniCPBP/server_mlm.py", line 134, in calculate_perplexity
    with mutex:
TypeError: 'Lock' object does not support the context manager protocol
127.0.0.1 - - [30/Nov/2025 21:54:22] "[35m[1mPOST /perplexity HTTP/1.1[0m" 500 -
[2025-11-30 21:54:22,620] ERROR in app: Exception on /perplexity [POST]
Traceback (most recent call last):
  File "/lustre09/project/6032307/arnauddr/MiniCPBP/venv/lib/python3.11/site-packages/flask/app.py", line 1511, in wsgi_app
    response = self.full_dispatch_request()
               ^^^^^^^^^^^^^^^^^^^^^^^^^^^^
  File "/lustre09/project/6032307/arnauddr/MiniCPBP/venv/lib/python3.11/site-packages/flask/app.py", line 919, in full_dispatch_request
    rv = self.handle_user_exception(e)
         ^^^^^^^^^^^^^^^^^^^^^^^^^^^^^
  File "/lustre09/project/6032307/arnauddr/MiniCPBP/venv/lib/python3.11/site-packages/flask/app.py", line 917, in full_dispatch_request
    rv = self.dispatch_request()
         ^^^^^^^^^^^^^^^^^^^^^^^
  File "/lustre09/project/6032307/arnauddr/MiniCPBP/venv/lib/python3.11/site-packages/flask/app.py", line 902, in dispatch_request
    return self.ensure_sync(self.view_functions[rule.endpoint])(**view_args)  # type: ignore[no-any-return]
           ^^^^^^^^^^^^^^^^^^^^^^^^^^^^^^^^^^^^^^^^^^^^^^^^^^^^^^^^^^^^^^^^^
  File "/lustre09/project/6032307/arnauddr/MiniCPBP/server_mlm.py", line 147, in perplexity
    return {"perplexity": calculate_perplexity(sentence)}
                          ^^^^^^^^^^^^^^^^^^^^^^^^^^^^^^
  File "/lustre09/project/6032307/arnauddr/MiniCPBP/server_mlm.py", line 134, in calculate_perplexity
    with mutex:
TypeError: 'Lock' object does not support the context manager protocol
127.0.0.1 - - [30/Nov/2025 21:54:22] "[35m[1mPOST /perplexity HTTP/1.1[0m" 500 -
[2025-11-30 21:54:22,644] ERROR in app: Exception on /perplexity [POST]
Traceback (most recent call last):
  File "/lustre09/project/6032307/arnauddr/MiniCPBP/venv/lib/python3.11/site-packages/flask/app.py", line 1511, in wsgi_app
    response = self.full_dispatch_request()
               ^^^^^^^^^^^^^^^^^^^^^^^^^^^^
  File "/lustre09/project/6032307/arnauddr/MiniCPBP/venv/lib/python3.11/site-packages/flask/app.py", line 919, in full_dispatch_request
    rv = self.handle_user_exception(e)
         ^^^^^^^^^^^^^^^^^^^^^^^^^^^^^
  File "/lustre09/project/6032307/arnauddr/MiniCPBP/venv/lib/python3.11/site-packages/flask/app.py", line 917, in full_dispatch_request
    rv = self.dispatch_request()
         ^^^^^^^^^^^^^^^^^^^^^^^
  File "/lustre09/project/6032307/arnauddr/MiniCPBP/venv/lib/python3.11/site-packages/flask/app.py", line 902, in dispatch_request
    return self.ensure_sync(self.view_functions[rule.endpoint])(**view_args)  # type: ignore[no-any-return]
           ^^^^^^^^^^^^^^^^^^^^^^^^^^^^^^^^^^^^^^^^^^^^^^^^^^^^^^^^^^^^^^^^^
  File "/lustre09/project/6032307/arnauddr/MiniCPBP/server_mlm.py", line 147, in perplexity
    return {"perplexity": calculate_perplexity(sentence)}
                          ^^^^^^^^^^^^^^^^^^^^^^^^^^^^^^
  File "/lustre09/project/6032307/arnauddr/MiniCPBP/server_mlm.py", line 134, in calculate_perplexity
    with mutex:
TypeError: 'Lock' object does not support the context manager protocol
127.0.0.1 - - [30/Nov/2025 21:54:22] "[35m[1mPOST /perplexity HTTP/1.1[0m" 500 -
[2025-11-30 21:54:22,650] ERROR in app: Exception on /perplexity [POST]
Traceback (most recent call last):
  File "/lustre09/project/6032307/arnauddr/MiniCPBP/venv/lib/python3.11/site-packages/flask/app.py", line 1511, in wsgi_app
    response = self.full_dispatch_request()
               ^^^^^^^^^^^^^^^^^^^^^^^^^^^^
  File "/lustre09/project/6032307/arnauddr/MiniCPBP/venv/lib/python3.11/site-packages/flask/app.py", line 919, in full_dispatch_request
    rv = self.handle_user_exception(e)
         ^^^^^^^^^^^^^^^^^^^^^^^^^^^^^
  File "/lustre09/project/6032307/arnauddr/MiniCPBP/venv/lib/python3.11/site-packages/flask/app.py", line 917, in full_dispatch_request
    rv = self.dispatch_request()
         ^^^^^^^^^^^^^^^^^^^^^^^
  File "/lustre09/project/6032307/arnauddr/MiniCPBP/venv/lib/python3.11/site-packages/flask/app.py", line 902, in dispatch_request
    return self.ensure_sync(self.view_functions[rule.endpoint])(**view_args)  # type: ignore[no-any-return]
           ^^^^^^^^^^^^^^^^^^^^^^^^^^^^^^^^^^^^^^^^^^^^^^^^^^^^^^^^^^^^^^^^^
  File "/lustre09/project/6032307/arnauddr/MiniCPBP/server_mlm.py", line 147, in perplexity
    return {"perplexity": calculate_perplexity(sentence)}
                          ^^^^^^^^^^^^^^^^^^^^^^^^^^^^^^
  File "/lustre09/project/6032307/arnauddr/MiniCPBP/server_mlm.py", line 134, in calculate_perplexity
    with mutex:
TypeError: 'Lock' object does not support the context manager protocol
127.0.0.1 - - [30/Nov/2025 21:54:22] "[35m[1mPOST /perplexity HTTP/1.1[0m" 500 -
[2025-11-30 21:54:22,654] ERROR in app: Exception on /perplexity [POST]
Traceback (most recent call last):
  File "/lustre09/project/6032307/arnauddr/MiniCPBP/venv/lib/python3.11/site-packages/flask/app.py", line 1511, in wsgi_app
    response = self.full_dispatch_request()
               ^^^^^^^^^^^^^^^^^^^^^^^^^^^^
  File "/lustre09/project/6032307/arnauddr/MiniCPBP/venv/lib/python3.11/site-packages/flask/app.py", line 919, in full_dispatch_request
    rv = self.handle_user_exception(e)
         ^^^^^^^^^^^^^^^^^^^^^^^^^^^^^
  File "/lustre09/project/6032307/arnauddr/MiniCPBP/venv/lib/python3.11/site-packages/flask/app.py", line 917, in full_dispatch_request
    rv = self.dispatch_request()
         ^^^^^^^^^^^^^^^^^^^^^^^
  File "/lustre09/project/6032307/arnauddr/MiniCPBP/venv/lib/python3.11/site-packages/flask/app.py", line 902, in dispatch_request
    return self.ensure_sync(self.view_functions[rule.endpoint])(**view_args)  # type: ignore[no-any-return]
           ^^^^^^^^^^^^^^^^^^^^^^^^^^^^^^^^^^^^^^^^^^^^^^^^^^^^^^^^^^^^^^^^^
  File "/lustre09/project/6032307/arnauddr/MiniCPBP/server_mlm.py", line 147, in perplexity
    return {"perplexity": calculate_perplexity(sentence)}
                          ^^^^^^^^^^^^^^^^^^^^^^^^^^^^^^
  File "/lustre09/project/6032307/arnauddr/MiniCPBP/server_mlm.py", line 134, in calculate_perplexity
    with mutex:
TypeError: 'Lock' object does not support the context manager protocol
127.0.0.1 - - [30/Nov/2025 21:54:22] "[35m[1mPOST /perplexity HTTP/1.1[0m" 500 -
[2025-11-30 21:54:22,658] ERROR in app: Exception on /perplexity [POST]
Traceback (most recent call last):
  File "/lustre09/project/6032307/arnauddr/MiniCPBP/venv/lib/python3.11/site-packages/flask/app.py", line 1511, in wsgi_app
    response = self.full_dispatch_request()
               ^^^^^^^^^^^^^^^^^^^^^^^^^^^^
  File "/lustre09/project/6032307/arnauddr/MiniCPBP/venv/lib/python3.11/site-packages/flask/app.py", line 919, in full_dispatch_request
    rv = self.handle_user_exception(e)
         ^^^^^^^^^^^^^^^^^^^^^^^^^^^^^
  File "/lustre09/project/6032307/arnauddr/MiniCPBP/venv/lib/python3.11/site-packages/flask/app.py", line 917, in full_dispatch_request
    rv = self.dispatch_request()
         ^^^^^^^^^^^^^^^^^^^^^^^
  File "/lustre09/project/6032307/arnauddr/MiniCPBP/venv/lib/python3.11/site-packages/flask/app.py", line 902, in dispatch_request
    return self.ensure_sync(self.view_functions[rule.endpoint])(**view_args)  # type: ignore[no-any-return]
           ^^^^^^^^^^^^^^^^^^^^^^^^^^^^^^^^^^^^^^^^^^^^^^^^^^^^^^^^^^^^^^^^^
  File "/lustre09/project/6032307/arnauddr/MiniCPBP/server_mlm.py", line 147, in perplexity
    return {"perplexity": calculate_perplexity(sentence)}
                          ^^^^^^^^^^^^^^^^^^^^^^^^^^^^^^
  File "/lustre09/project/6032307/arnauddr/MiniCPBP/server_mlm.py", line 134, in calculate_perplexity
    with mutex:
TypeError: 'Lock' object does not support the context manager protocol
127.0.0.1 - - [30/Nov/2025 21:54:22] "[35m[1mPOST /perplexity HTTP/1.1[0m" 500 -
[2025-11-30 21:54:22,713] ERROR in app: Exception on /perplexity [POST]
Traceback (most recent call last):
  File "/lustre09/project/6032307/arnauddr/MiniCPBP/venv/lib/python3.11/site-packages/flask/app.py", line 1511, in wsgi_app
    response = self.full_dispatch_request()
               ^^^^^^^^^^^^^^^^^^^^^^^^^^^^
  File "/lustre09/project/6032307/arnauddr/MiniCPBP/venv/lib/python3.11/site-packages/flask/app.py", line 919, in full_dispatch_request
    rv = self.handle_user_exception(e)
         ^^^^^^^^^^^^^^^^^^^^^^^^^^^^^
  File "/lustre09/project/6032307/arnauddr/MiniCPBP/venv/lib/python3.11/site-packages/flask/app.py", line 917, in full_dispatch_request
    rv = self.dispatch_request()
         ^^^^^^^^^^^^^^^^^^^^^^^
  File "/lustre09/project/6032307/arnauddr/MiniCPBP/venv/lib/python3.11/site-packages/flask/app.py", line 902, in dispatch_request
    return self.ensure_sync(self.view_functions[rule.endpoint])(**view_args)  # type: ignore[no-any-return]
           ^^^^^^^^^^^^^^^^^^^^^^^^^^^^^^^^^^^^^^^^^^^^^^^^^^^^^^^^^^^^^^^^^
  File "/lustre09/project/6032307/arnauddr/MiniCPBP/server_mlm.py", line 147, in perplexity
    return {"perplexity": calculate_perplexity(sentence)}
                          ^^^^^^^^^^^^^^^^^^^^^^^^^^^^^^
  File "/lustre09/project/6032307/arnauddr/MiniCPBP/server_mlm.py", line 134, in calculate_perplexity
    with mutex:
TypeError: 'Lock' object does not support the context manager protocol
127.0.0.1 - - [30/Nov/2025 21:54:22] "[35m[1mPOST /perplexity HTTP/1.1[0m" 500 -
[2025-11-30 21:54:22,718] ERROR in app: Exception on /perplexity [POST]
Traceback (most recent call last):
  File "/lustre09/project/6032307/arnauddr/MiniCPBP/venv/lib/python3.11/site-packages/flask/app.py", line 1511, in wsgi_app
    response = self.full_dispatch_request()
               ^^^^^^^^^^^^^^^^^^^^^^^^^^^^
  File "/lustre09/project/6032307/arnauddr/MiniCPBP/venv/lib/python3.11/site-packages/flask/app.py", line 919, in full_dispatch_request
    rv = self.handle_user_exception(e)
         ^^^^^^^^^^^^^^^^^^^^^^^^^^^^^
  File "/lustre09/project/6032307/arnauddr/MiniCPBP/venv/lib/python3.11/site-packages/flask/app.py", line 917, in full_dispatch_request
    rv = self.dispatch_request()
         ^^^^^^^^^^^^^^^^^^^^^^^
  File "/lustre09/project/6032307/arnauddr/MiniCPBP/venv/lib/python3.11/site-packages/flask/app.py", line 902, in dispatch_request
    return self.ensure_sync(self.view_functions[rule.endpoint])(**view_args)  # type: ignore[no-any-return]
           ^^^^^^^^^^^^^^^^^^^^^^^^^^^^^^^^^^^^^^^^^^^^^^^^^^^^^^^^^^^^^^^^^
  File "/lustre09/project/6032307/arnauddr/MiniCPBP/server_mlm.py", line 147, in perplexity
    return {"perplexity": calculate_perplexity(sentence)}
                          ^^^^^^^^^^^^^^^^^^^^^^^^^^^^^^
  File "/lustre09/project/6032307/arnauddr/MiniCPBP/server_mlm.py", line 134, in calculate_perplexity
    with mutex:
TypeError: 'Lock' object does not support the context manager protocol
127.0.0.1 - - [30/Nov/2025 21:54:22] "[35m[1mPOST /perplexity HTTP/1.1[0m" 500 -
[2025-11-30 21:54:22,728] ERROR in app: Exception on /perplexity [POST]
Traceback (most recent call last):
  File "/lustre09/project/6032307/arnauddr/MiniCPBP/venv/lib/python3.11/site-packages/flask/app.py", line 1511, in wsgi_app
    response = self.full_dispatch_request()
               ^^^^^^^^^^^^^^^^^^^^^^^^^^^^
  File "/lustre09/project/6032307/arnauddr/MiniCPBP/venv/lib/python3.11/site-packages/flask/app.py", line 919, in full_dispatch_request
    rv = self.handle_user_exception(e)
         ^^^^^^^^^^^^^^^^^^^^^^^^^^^^^
  File "/lustre09/project/6032307/arnauddr/MiniCPBP/venv/lib/python3.11/site-packages/flask/app.py", line 917, in full_dispatch_request
    rv = self.dispatch_request()
         ^^^^^^^^^^^^^^^^^^^^^^^
  File "/lustre09/project/6032307/arnauddr/MiniCPBP/venv/lib/python3.11/site-packages/flask/app.py", line 902, in dispatch_request
    return self.ensure_sync(self.view_functions[rule.endpoint])(**view_args)  # type: ignore[no-any-return]
           ^^^^^^^^^^^^^^^^^^^^^^^^^^^^^^^^^^^^^^^^^^^^^^^^^^^^^^^^^^^^^^^^^
  File "/lustre09/project/6032307/arnauddr/MiniCPBP/server_mlm.py", line 147, in perplexity
    return {"perplexity": calculate_perplexity(sentence)}
                          ^^^^^^^^^^^^^^^^^^^^^^^^^^^^^^
  File "/lustre09/project/6032307/arnauddr/MiniCPBP/server_mlm.py", line 134, in calculate_perplexity
    with mutex:
TypeError: 'Lock' object does not support the context manager protocol
127.0.0.1 - - [30/Nov/2025 21:54:22] "[35m[1mPOST /perplexity HTTP/1.1[0m" 500 -
[2025-11-30 21:54:22,736] ERROR in app: Exception on /perplexity [POST]
Traceback (most recent call last):
  File "/lustre09/project/6032307/arnauddr/MiniCPBP/venv/lib/python3.11/site-packages/flask/app.py", line 1511, in wsgi_app
    response = self.full_dispatch_request()
               ^^^^^^^^^^^^^^^^^^^^^^^^^^^^
  File "/lustre09/project/6032307/arnauddr/MiniCPBP/venv/lib/python3.11/site-packages/flask/app.py", line 919, in full_dispatch_request
    rv = self.handle_user_exception(e)
         ^^^^^^^^^^^^^^^^^^^^^^^^^^^^^
  File "/lustre09/project/6032307/arnauddr/MiniCPBP/venv/lib/python3.11/site-packages/flask/app.py", line 917, in full_dispatch_request
    rv = self.dispatch_request()
         ^^^^^^^^^^^^^^^^^^^^^^^
  File "/lustre09/project/6032307/arnauddr/MiniCPBP/venv/lib/python3.11/site-packages/flask/app.py", line 902, in dispatch_request
    return self.ensure_sync(self.view_functions[rule.endpoint])(**view_args)  # type: ignore[no-any-return]
           ^^^^^^^^^^^^^^^^^^^^^^^^^^^^^^^^^^^^^^^^^^^^^^^^^^^^^^^^^^^^^^^^^
  File "/lustre09/project/6032307/arnauddr/MiniCPBP/server_mlm.py", line 147, in perplexity
    return {"perplexity": calculate_perplexity(sentence)}
                          ^^^^^^^^^^^^^^^^^^^^^^^^^^^^^^
  File "/lustre09/project/6032307/arnauddr/MiniCPBP/server_mlm.py", line 134, in calculate_perplexity
    with mutex:
TypeError: 'Lock' object does not support the context manager protocol
127.0.0.1 - - [30/Nov/2025 21:54:22] "[35m[1mPOST /perplexity HTTP/1.1[0m" 500 -
[2025-11-30 21:54:22,743] ERROR in app: Exception on /perplexity [POST]
Traceback (most recent call last):
  File "/lustre09/project/6032307/arnauddr/MiniCPBP/venv/lib/python3.11/site-packages/flask/app.py", line 1511, in wsgi_app
    response = self.full_dispatch_request()
               ^^^^^^^^^^^^^^^^^^^^^^^^^^^^
  File "/lustre09/project/6032307/arnauddr/MiniCPBP/venv/lib/python3.11/site-packages/flask/app.py", line 919, in full_dispatch_request
    rv = self.handle_user_exception(e)
         ^^^^^^^^^^^^^^^^^^^^^^^^^^^^^
  File "/lustre09/project/6032307/arnauddr/MiniCPBP/venv/lib/python3.11/site-packages/flask/app.py", line 917, in full_dispatch_request
    rv = self.dispatch_request()
         ^^^^^^^^^^^^^^^^^^^^^^^
  File "/lustre09/project/6032307/arnauddr/MiniCPBP/venv/lib/python3.11/site-packages/flask/app.py", line 902, in dispatch_request
    return self.ensure_sync(self.view_functions[rule.endpoint])(**view_args)  # type: ignore[no-any-return]
           ^^^^^^^^^^^^^^^^^^^^^^^^^^^^^^^^^^^^^^^^^^^^^^^^^^^^^^^^^^^^^^^^^
  File "/lustre09/project/6032307/arnauddr/MiniCPBP/server_mlm.py", line 147, in perplexity
    return {"perplexity": calculate_perplexity(sentence)}
                          ^^^^^^^^^^^^^^^^^^^^^^^^^^^^^^
  File "/lustre09/project/6032307/arnauddr/MiniCPBP/server_mlm.py", line 134, in calculate_perplexity
    with mutex:
TypeError: 'Lock' object does not support the context manager protocol
127.0.0.1 - - [30/Nov/2025 21:54:22] "[35m[1mPOST /perplexity HTTP/1.1[0m" 500 -
[2025-11-30 21:54:22,752] ERROR in app: Exception on /perplexity [POST]
Traceback (most recent call last):
  File "/lustre09/project/6032307/arnauddr/MiniCPBP/venv/lib/python3.11/site-packages/flask/app.py", line 1511, in wsgi_app
    response = self.full_dispatch_request()
               ^^^^^^^^^^^^^^^^^^^^^^^^^^^^
  File "/lustre09/project/6032307/arnauddr/MiniCPBP/venv/lib/python3.11/site-packages/flask/app.py", line 919, in full_dispatch_request
    rv = self.handle_user_exception(e)
         ^^^^^^^^^^^^^^^^^^^^^^^^^^^^^
  File "/lustre09/project/6032307/arnauddr/MiniCPBP/venv/lib/python3.11/site-packages/flask/app.py", line 917, in full_dispatch_request
    rv = self.dispatch_request()
         ^^^^^^^^^^^^^^^^^^^^^^^
  File "/lustre09/project/6032307/arnauddr/MiniCPBP/venv/lib/python3.11/site-packages/flask/app.py", line 902, in dispatch_request
    return self.ensure_sync(self.view_functions[rule.endpoint])(**view_args)  # type: ignore[no-any-return]
           ^^^^^^^^^^^^^^^^^^^^^^^^^^^^^^^^^^^^^^^^^^^^^^^^^^^^^^^^^^^^^^^^^
  File "/lustre09/project/6032307/arnauddr/MiniCPBP/server_mlm.py", line 147, in perplexity
    return {"perplexity": calculate_perplexity(sentence)}
                          ^^^^^^^^^^^^^^^^^^^^^^^^^^^^^^
  File "/lustre09/project/6032307/arnauddr/MiniCPBP/server_mlm.py", line 134, in calculate_perplexity
    with mutex:
TypeError: 'Lock' object does not support the context manager protocol
127.0.0.1 - - [30/Nov/2025 21:54:22] "[35m[1mPOST /perplexity HTTP/1.1[0m" 500 -
[2025-11-30 21:54:22,765] ERROR in app: Exception on /perplexity [POST]
Traceback (most recent call last):
  File "/lustre09/project/6032307/arnauddr/MiniCPBP/venv/lib/python3.11/site-packages/flask/app.py", line 1511, in wsgi_app
    response = self.full_dispatch_request()
               ^^^^^^^^^^^^^^^^^^^^^^^^^^^^
  File "/lustre09/project/6032307/arnauddr/MiniCPBP/venv/lib/python3.11/site-packages/flask/app.py", line 919, in full_dispatch_request
    rv = self.handle_user_exception(e)
         ^^^^^^^^^^^^^^^^^^^^^^^^^^^^^
  File "/lustre09/project/6032307/arnauddr/MiniCPBP/venv/lib/python3.11/site-packages/flask/app.py", line 917, in full_dispatch_request
    rv = self.dispatch_request()
         ^^^^^^^^^^^^^^^^^^^^^^^
  File "/lustre09/project/6032307/arnauddr/MiniCPBP/venv/lib/python3.11/site-packages/flask/app.py", line 902, in dispatch_request
    return self.ensure_sync(self.view_functions[rule.endpoint])(**view_args)  # type: ignore[no-any-return]
           ^^^^^^^^^^^^^^^^^^^^^^^^^^^^^^^^^^^^^^^^^^^^^^^^^^^^^^^^^^^^^^^^^
  File "/lustre09/project/6032307/arnauddr/MiniCPBP/server_mlm.py", line 147, in perplexity
    return {"perplexity": calculate_perplexity(sentence)}
                          ^^^^^^^^^^^^^^^^^^^^^^^^^^^^^^
  File "/lustre09/project/6032307/arnauddr/MiniCPBP/server_mlm.py", line 134, in calculate_perplexity
    with mutex:
TypeError: 'Lock' object does not support the context manager protocol
127.0.0.1 - - [30/Nov/2025 21:54:22] "[35m[1mPOST /perplexity HTTP/1.1[0m" 500 -
[2025-11-30 21:54:22,795] ERROR in app: Exception on /perplexity [POST]
Traceback (most recent call last):
  File "/lustre09/project/6032307/arnauddr/MiniCPBP/venv/lib/python3.11/site-packages/flask/app.py", line 1511, in wsgi_app
    response = self.full_dispatch_request()
               ^^^^^^^^^^^^^^^^^^^^^^^^^^^^
  File "/lustre09/project/6032307/arnauddr/MiniCPBP/venv/lib/python3.11/site-packages/flask/app.py", line 919, in full_dispatch_request
    rv = self.handle_user_exception(e)
         ^^^^^^^^^^^^^^^^^^^^^^^^^^^^^
  File "/lustre09/project/6032307/arnauddr/MiniCPBP/venv/lib/python3.11/site-packages/flask/app.py", line 917, in full_dispatch_request
    rv = self.dispatch_request()
         ^^^^^^^^^^^^^^^^^^^^^^^
  File "/lustre09/project/6032307/arnauddr/MiniCPBP/venv/lib/python3.11/site-packages/flask/app.py", line 902, in dispatch_request
    return self.ensure_sync(self.view_functions[rule.endpoint])(**view_args)  # type: ignore[no-any-return]
           ^^^^^^^^^^^^^^^^^^^^^^^^^^^^^^^^^^^^^^^^^^^^^^^^^^^^^^^^^^^^^^^^^
  File "/lustre09/project/6032307/arnauddr/MiniCPBP/server_mlm.py", line 147, in perplexity
    return {"perplexity": calculate_perplexity(sentence)}
                          ^^^^^^^^^^^^^^^^^^^^^^^^^^^^^^
  File "/lustre09/project/6032307/arnauddr/MiniCPBP/server_mlm.py", line 134, in calculate_perplexity
    with mutex:
TypeError: 'Lock' object does not support the context manager protocol
127.0.0.1 - - [30/Nov/2025 21:54:22] "[35m[1mPOST /perplexity HTTP/1.1[0m" 500 -
[2025-11-30 21:54:22,850] ERROR in app: Exception on /perplexity [POST]
Traceback (most recent call last):
  File "/lustre09/project/6032307/arnauddr/MiniCPBP/venv/lib/python3.11/site-packages/flask/app.py", line 1511, in wsgi_app
    response = self.full_dispatch_request()
               ^^^^^^^^^^^^^^^^^^^^^^^^^^^^
  File "/lustre09/project/6032307/arnauddr/MiniCPBP/venv/lib/python3.11/site-packages/flask/app.py", line 919, in full_dispatch_request
    rv = self.handle_user_exception(e)
         ^^^^^^^^^^^^^^^^^^^^^^^^^^^^^
  File "/lustre09/project/6032307/arnauddr/MiniCPBP/venv/lib/python3.11/site-packages/flask/app.py", line 917, in full_dispatch_request
    rv = self.dispatch_request()
         ^^^^^^^^^^^^^^^^^^^^^^^
  File "/lustre09/project/6032307/arnauddr/MiniCPBP/venv/lib/python3.11/site-packages/flask/app.py", line 902, in dispatch_request
    return self.ensure_sync(self.view_functions[rule.endpoint])(**view_args)  # type: ignore[no-any-return]
           ^^^^^^^^^^^^^^^^^^^^^^^^^^^^^^^^^^^^^^^^^^^^^^^^^^^^^^^^^^^^^^^^^
  File "/lustre09/project/6032307/arnauddr/MiniCPBP/server_mlm.py", line 147, in perplexity
    return {"perplexity": calculate_perplexity(sentence)}
                          ^^^^^^^^^^^^^^^^^^^^^^^^^^^^^^
  File "/lustre09/project/6032307/arnauddr/MiniCPBP/server_mlm.py", line 134, in calculate_perplexity
    with mutex:
TypeError: 'Lock' object does not support the context manager protocol
127.0.0.1 - - [30/Nov/2025 21:54:22] "[35m[1mPOST /perplexity HTTP/1.1[0m" 500 -
[2025-11-30 21:54:22,868] ERROR in app: Exception on /perplexity [POST]
Traceback (most recent call last):
  File "/lustre09/project/6032307/arnauddr/MiniCPBP/venv/lib/python3.11/site-packages/flask/app.py", line 1511, in wsgi_app
    response = self.full_dispatch_request()
               ^^^^^^^^^^^^^^^^^^^^^^^^^^^^
  File "/lustre09/project/6032307/arnauddr/MiniCPBP/venv/lib/python3.11/site-packages/flask/app.py", line 919, in full_dispatch_request
    rv = self.handle_user_exception(e)
         ^^^^^^^^^^^^^^^^^^^^^^^^^^^^^
  File "/lustre09/project/6032307/arnauddr/MiniCPBP/venv/lib/python3.11/site-packages/flask/app.py", line 917, in full_dispatch_request
    rv = self.dispatch_request()
         ^^^^^^^^^^^^^^^^^^^^^^^
  File "/lustre09/project/6032307/arnauddr/MiniCPBP/venv/lib/python3.11/site-packages/flask/app.py", line 902, in dispatch_request
    return self.ensure_sync(self.view_functions[rule.endpoint])(**view_args)  # type: ignore[no-any-return]
           ^^^^^^^^^^^^^^^^^^^^^^^^^^^^^^^^^^^^^^^^^^^^^^^^^^^^^^^^^^^^^^^^^
  File "/lustre09/project/6032307/arnauddr/MiniCPBP/server_mlm.py", line 147, in perplexity
    return {"perplexity": calculate_perplexity(sentence)}
                          ^^^^^^^^^^^^^^^^^^^^^^^^^^^^^^
  File "/lustre09/project/6032307/arnauddr/MiniCPBP/server_mlm.py", line 134, in calculate_perplexity
    with mutex:
TypeError: 'Lock' object does not support the context manager protocol
127.0.0.1 - - [30/Nov/2025 21:54:22] "[35m[1mPOST /perplexity HTTP/1.1[0m" 500 -
[2025-11-30 21:54:22,883] ERROR in app: Exception on /perplexity [POST]
Traceback (most recent call last):
  File "/lustre09/project/6032307/arnauddr/MiniCPBP/venv/lib/python3.11/site-packages/flask/app.py", line 1511, in wsgi_app
    response = self.full_dispatch_request()
               ^^^^^^^^^^^^^^^^^^^^^^^^^^^^
  File "/lustre09/project/6032307/arnauddr/MiniCPBP/venv/lib/python3.11/site-packages/flask/app.py", line 919, in full_dispatch_request
    rv = self.handle_user_exception(e)
         ^^^^^^^^^^^^^^^^^^^^^^^^^^^^^
  File "/lustre09/project/6032307/arnauddr/MiniCPBP/venv/lib/python3.11/site-packages/flask/app.py", line 917, in full_dispatch_request
    rv = self.dispatch_request()
         ^^^^^^^^^^^^^^^^^^^^^^^
  File "/lustre09/project/6032307/arnauddr/MiniCPBP/venv/lib/python3.11/site-packages/flask/app.py", line 902, in dispatch_request
    return self.ensure_sync(self.view_functions[rule.endpoint])(**view_args)  # type: ignore[no-any-return]
           ^^^^^^^^^^^^^^^^^^^^^^^^^^^^^^^^^^^^^^^^^^^^^^^^^^^^^^^^^^^^^^^^^
  File "/lustre09/project/6032307/arnauddr/MiniCPBP/server_mlm.py", line 147, in perplexity
    return {"perplexity": calculate_perplexity(sentence)}
                          ^^^^^^^^^^^^^^^^^^^^^^^^^^^^^^
  File "/lustre09/project/6032307/arnauddr/MiniCPBP/server_mlm.py", line 134, in calculate_perplexity
    with mutex:
TypeError: 'Lock' object does not support the context manager protocol
127.0.0.1 - - [30/Nov/2025 21:54:22] "[35m[1mPOST /perplexity HTTP/1.1[0m" 500 -
[2025-11-30 21:54:22,953] ERROR in app: Exception on /perplexity [POST]
Traceback (most recent call last):
  File "/lustre09/project/6032307/arnauddr/MiniCPBP/venv/lib/python3.11/site-packages/flask/app.py", line 1511, in wsgi_app
    response = self.full_dispatch_request()
               ^^^^^^^^^^^^^^^^^^^^^^^^^^^^
  File "/lustre09/project/6032307/arnauddr/MiniCPBP/venv/lib/python3.11/site-packages/flask/app.py", line 919, in full_dispatch_request
    rv = self.handle_user_exception(e)
         ^^^^^^^^^^^^^^^^^^^^^^^^^^^^^
  File "/lustre09/project/6032307/arnauddr/MiniCPBP/venv/lib/python3.11/site-packages/flask/app.py", line 917, in full_dispatch_request
    rv = self.dispatch_request()
         ^^^^^^^^^^^^^^^^^^^^^^^
  File "/lustre09/project/6032307/arnauddr/MiniCPBP/venv/lib/python3.11/site-packages/flask/app.py", line 902, in dispatch_request
    return self.ensure_sync(self.view_functions[rule.endpoint])(**view_args)  # type: ignore[no-any-return]
           ^^^^^^^^^^^^^^^^^^^^^^^^^^^^^^^^^^^^^^^^^^^^^^^^^^^^^^^^^^^^^^^^^
  File "/lustre09/project/6032307/arnauddr/MiniCPBP/server_mlm.py", line 147, in perplexity
    return {"perplexity": calculate_perplexity(sentence)}
                          ^^^^^^^^^^^^^^^^^^^^^^^^^^^^^^
  File "/lustre09/project/6032307/arnauddr/MiniCPBP/server_mlm.py", line 134, in calculate_perplexity
    with mutex:
TypeError: 'Lock' object does not support the context manager protocol
127.0.0.1 - - [30/Nov/2025 21:54:22] "[35m[1mPOST /perplexity HTTP/1.1[0m" 500 -
[2025-11-30 21:54:22,960] ERROR in app: Exception on /perplexity [POST]
Traceback (most recent call last):
  File "/lustre09/project/6032307/arnauddr/MiniCPBP/venv/lib/python3.11/site-packages/flask/app.py", line 1511, in wsgi_app
    response = self.full_dispatch_request()
               ^^^^^^^^^^^^^^^^^^^^^^^^^^^^
  File "/lustre09/project/6032307/arnauddr/MiniCPBP/venv/lib/python3.11/site-packages/flask/app.py", line 919, in full_dispatch_request
    rv = self.handle_user_exception(e)
         ^^^^^^^^^^^^^^^^^^^^^^^^^^^^^
  File "/lustre09/project/6032307/arnauddr/MiniCPBP/venv/lib/python3.11/site-packages/flask/app.py", line 917, in full_dispatch_request
    rv = self.dispatch_request()
         ^^^^^^^^^^^^^^^^^^^^^^^
  File "/lustre09/project/6032307/arnauddr/MiniCPBP/venv/lib/python3.11/site-packages/flask/app.py", line 902, in dispatch_request
    return self.ensure_sync(self.view_functions[rule.endpoint])(**view_args)  # type: ignore[no-any-return]
           ^^^^^^^^^^^^^^^^^^^^^^^^^^^^^^^^^^^^^^^^^^^^^^^^^^^^^^^^^^^^^^^^^
  File "/lustre09/project/6032307/arnauddr/MiniCPBP/server_mlm.py", line 147, in perplexity
    return {"perplexity": calculate_perplexity(sentence)}
                          ^^^^^^^^^^^^^^^^^^^^^^^^^^^^^^
  File "/lustre09/project/6032307/arnauddr/MiniCPBP/server_mlm.py", line 134, in calculate_perplexity
    with mutex:
TypeError: 'Lock' object does not support the context manager protocol
127.0.0.1 - - [30/Nov/2025 21:54:22] "[35m[1mPOST /perplexity HTTP/1.1[0m" 500 -
[2025-11-30 21:54:22,961] ERROR in app: Exception on /perplexity [POST]
Traceback (most recent call last):
  File "/lustre09/project/6032307/arnauddr/MiniCPBP/venv/lib/python3.11/site-packages/flask/app.py", line 1511, in wsgi_app
    response = self.full_dispatch_request()
               ^^^^^^^^^^^^^^^^^^^^^^^^^^^^
  File "/lustre09/project/6032307/arnauddr/MiniCPBP/venv/lib/python3.11/site-packages/flask/app.py", line 919, in full_dispatch_request
    rv = self.handle_user_exception(e)
         ^^^^^^^^^^^^^^^^^^^^^^^^^^^^^
  File "/lustre09/project/6032307/arnauddr/MiniCPBP/venv/lib/python3.11/site-packages/flask/app.py", line 917, in full_dispatch_request
    rv = self.dispatch_request()
         ^^^^^^^^^^^^^^^^^^^^^^^
  File "/lustre09/project/6032307/arnauddr/MiniCPBP/venv/lib/python3.11/site-packages/flask/app.py", line 902, in dispatch_request
    return self.ensure_sync(self.view_functions[rule.endpoint])(**view_args)  # type: ignore[no-any-return]
           ^^^^^^^^^^^^^^^^^^^^^^^^^^^^^^^^^^^^^^^^^^^^^^^^^^^^^^^^^^^^^^^^^
  File "/lustre09/project/6032307/arnauddr/MiniCPBP/server_mlm.py", line 147, in perplexity
    return {"perplexity": calculate_perplexity(sentence)}
                          ^^^^^^^^^^^^^^^^^^^^^^^^^^^^^^
  File "/lustre09/project/6032307/arnauddr/MiniCPBP/server_mlm.py", line 134, in calculate_perplexity
    with mutex:
TypeError: 'Lock' object does not support the context manager protocol
[2025-11-30 21:54:22,961] ERROR in app: Exception on /perplexity [POST]
Traceback (most recent call last):
  File "/lustre09/project/6032307/arnauddr/MiniCPBP/venv/lib/python3.11/site-packages/flask/app.py", line 1511, in wsgi_app
    response = self.full_dispatch_request()
               ^^^^^^^^^^^^^^^^^^^^^^^^^^^^
  File "/lustre09/project/6032307/arnauddr/MiniCPBP/venv/lib/python3.11/site-packages/flask/app.py", line 919, in full_dispatch_request
    rv = self.handle_user_exception(e)
         ^^^^^^^^^^^^^^^^^^^^^^^^^^^^^
  File "/lustre09/project/6032307/arnauddr/MiniCPBP/venv/lib/python3.11/site-packages/flask/app.py", line 917, in full_dispatch_request
    rv = self.dispatch_request()
         ^^^^^^^^^^^^^^^^^^^^^^^
  File "/lustre09/project/6032307/arnauddr/MiniCPBP/venv/lib/python3.11/site-packages/flask/app.py", line 902, in dispatch_request
    return self.ensure_sync(self.view_functions[rule.endpoint])(**view_args)  # type: ignore[no-any-return]
           ^^^^^^^^^^^^^^^^^^^^^^^^^^^^^^^^^^^^^^^^^^^^^^^^^^^^^^^^^^^^^^^^^
  File "/lustre09/project/6032307/arnauddr/MiniCPBP/server_mlm.py", line 147, in perplexity
    return {"perplexity": calculate_perplexity(sentence)}
                          ^^^^^^^^^^^^^^^^^^^^^^^^^^^^^^
  File "/lustre09/project/6032307/arnauddr/MiniCPBP/server_mlm.py", line 134, in calculate_perplexity
    with mutex:
TypeError: 'Lock' object does not support the context manager protocol
[2025-11-30 21:54:22,961] ERROR in app: Exception on /perplexity [POST]
Traceback (most recent call last):
  File "/lustre09/project/6032307/arnauddr/MiniCPBP/venv/lib/python3.11/site-packages/flask/app.py", line 1511, in wsgi_app
    response = self.full_dispatch_request()
               ^^^^^^^^^^^^^^^^^^^^^^^^^^^^
  File "/lustre09/project/6032307/arnauddr/MiniCPBP/venv/lib/python3.11/site-packages/flask/app.py", line 919, in full_dispatch_request
    rv = self.handle_user_exception(e)
         ^^^^^^^^^^^^^^^^^^^^^^^^^^^^^
  File "/lustre09/project/6032307/arnauddr/MiniCPBP/venv/lib/python3.11/site-packages/flask/app.py", line 917, in full_dispatch_request
    rv = self.dispatch_request()
         ^^^^^^^^^^^^^^^^^^^^^^^
  File "/lustre09/project/6032307/arnauddr/MiniCPBP/venv/lib/python3.11/site-packages/flask/app.py", line 902, in dispatch_request
    return self.ensure_sync(self.view_functions[rule.endpoint])(**view_args)  # type: ignore[no-any-return]
           ^^^^^^^^^^^^^^^^^^^^^^^^^^^^^^^^^^^^^^^^^^^^^^^^^^^^^^^^^^^^^^^^^
  File "/lustre09/project/6032307/arnauddr/MiniCPBP/server_mlm.py", line 147, in perplexity
    return {"perplexity": calculate_perplexity(sentence)}
                          ^^^^^^^^^^^^^^^^^^^^^^^^^^^^^^
  File "/lustre09/project/6032307/arnauddr/MiniCPBP/server_mlm.py", line 134, in calculate_perplexity
    with mutex:
TypeError: 'Lock' object does not support the context manager protocol
[2025-11-30 21:54:22,962] ERROR in app: Exception on /perplexity [POST]
Traceback (most recent call last):
  File "/lustre09/project/6032307/arnauddr/MiniCPBP/venv/lib/python3.11/site-packages/flask/app.py", line 1511, in wsgi_app
    response = self.full_dispatch_request()
               ^^^^^^^^^^^^^^^^^^^^^^^^^^^^
  File "/lustre09/project/6032307/arnauddr/MiniCPBP/venv/lib/python3.11/site-packages/flask/app.py", line 919, in full_dispatch_request
    rv = self.handle_user_exception(e)
         ^^^^^^^^^^^^^^^^^^^^^^^^^^^^^
  File "/lustre09/project/6032307/arnauddr/MiniCPBP/venv/lib/python3.11/site-packages/flask/app.py", line 917, in full_dispatch_request
    rv = self.dispatch_request()
         ^^^^^^^^^^^^^^^^^^^^^^^
  File "/lustre09/project/6032307/arnauddr/MiniCPBP/venv/lib/python3.11/site-packages/flask/app.py", line 902, in dispatch_request
    return self.ensure_sync(self.view_functions[rule.endpoint])(**view_args)  # type: ignore[no-any-return]
           ^^^^^^^^^^^^^^^^^^^^^^^^^^^^^^^^^^^^^^^^^^^^^^^^^^^^^^^^^^^^^^^^^
  File "/lustre09/project/6032307/arnauddr/MiniCPBP/server_mlm.py", line 147, in perplexity
    return {"perplexity": calculate_perplexity(sentence)}
                          ^^^^^^^^^^^^^^^^^^^^^^^^^^^^^^
  File "/lustre09/project/6032307/arnauddr/MiniCPBP/server_mlm.py", line 134, in calculate_perplexity
    with mutex:
TypeError: 'Lock' object does not support the context manager protocol
127.0.0.1 - - [30/Nov/2025 21:54:22] "[35m[1mPOST /perplexity HTTP/1.1[0m" 500 -
127.0.0.1 - - [30/Nov/2025 21:54:22] "[35m[1mPOST /perplexity HTTP/1.1[0m" 500 -
127.0.0.1 - - [30/Nov/2025 21:54:22] "[35m[1mPOST /perplexity HTTP/1.1[0m" 500 -
127.0.0.1 - - [30/Nov/2025 21:54:22] "[35m[1mPOST /perplexity HTTP/1.1[0m" 500 -
[2025-11-30 21:54:22,978] ERROR in app: Exception on /perplexity [POST]
Traceback (most recent call last):
  File "/lustre09/project/6032307/arnauddr/MiniCPBP/venv/lib/python3.11/site-packages/flask/app.py", line 1511, in wsgi_app
    response = self.full_dispatch_request()
               ^^^^^^^^^^^^^^^^^^^^^^^^^^^^
  File "/lustre09/project/6032307/arnauddr/MiniCPBP/venv/lib/python3.11/site-packages/flask/app.py", line 919, in full_dispatch_request
    rv = self.handle_user_exception(e)
         ^^^^^^^^^^^^^^^^^^^^^^^^^^^^^
  File "/lustre09/project/6032307/arnauddr/MiniCPBP/venv/lib/python3.11/site-packages/flask/app.py", line 917, in full_dispatch_request
    rv = self.dispatch_request()
         ^^^^^^^^^^^^^^^^^^^^^^^
  File "/lustre09/project/6032307/arnauddr/MiniCPBP/venv/lib/python3.11/site-packages/flask/app.py", line 902, in dispatch_request
    return self.ensure_sync(self.view_functions[rule.endpoint])(**view_args)  # type: ignore[no-any-return]
           ^^^^^^^^^^^^^^^^^^^^^^^^^^^^^^^^^^^^^^^^^^^^^^^^^^^^^^^^^^^^^^^^^
  File "/lustre09/project/6032307/arnauddr/MiniCPBP/server_mlm.py", line 147, in perplexity
    return {"perplexity": calculate_perplexity(sentence)}
                          ^^^^^^^^^^^^^^^^^^^^^^^^^^^^^^
  File "/lustre09/project/6032307/arnauddr/MiniCPBP/server_mlm.py", line 134, in calculate_perplexity
    with mutex:
TypeError: 'Lock' object does not support the context manager protocol
127.0.0.1 - - [30/Nov/2025 21:54:22] "[35m[1mPOST /perplexity HTTP/1.1[0m" 500 -
[2025-11-30 21:54:22,982] ERROR in app: Exception on /perplexity [POST]
Traceback (most recent call last):
  File "/lustre09/project/6032307/arnauddr/MiniCPBP/venv/lib/python3.11/site-packages/flask/app.py", line 1511, in wsgi_app
    response = self.full_dispatch_request()
               ^^^^^^^^^^^^^^^^^^^^^^^^^^^^
  File "/lustre09/project/6032307/arnauddr/MiniCPBP/venv/lib/python3.11/site-packages/flask/app.py", line 919, in full_dispatch_request
    rv = self.handle_user_exception(e)
         ^^^^^^^^^^^^^^^^^^^^^^^^^^^^^
  File "/lustre09/project/6032307/arnauddr/MiniCPBP/venv/lib/python3.11/site-packages/flask/app.py", line 917, in full_dispatch_request
    rv = self.dispatch_request()
         ^^^^^^^^^^^^^^^^^^^^^^^
  File "/lustre09/project/6032307/arnauddr/MiniCPBP/venv/lib/python3.11/site-packages/flask/app.py", line 902, in dispatch_request
    return self.ensure_sync(self.view_functions[rule.endpoint])(**view_args)  # type: ignore[no-any-return]
           ^^^^^^^^^^^^^^^^^^^^^^^^^^^^^^^^^^^^^^^^^^^^^^^^^^^^^^^^^^^^^^^^^
  File "/lustre09/project/6032307/arnauddr/MiniCPBP/server_mlm.py", line 147, in perplexity
    return {"perplexity": calculate_perplexity(sentence)}
                          ^^^^^^^^^^^^^^^^^^^^^^^^^^^^^^
  File "/lustre09/project/6032307/arnauddr/MiniCPBP/server_mlm.py", line 134, in calculate_perplexity
    with mutex:
TypeError: 'Lock' object does not support the context manager protocol
127.0.0.1 - - [30/Nov/2025 21:54:22] "[35m[1mPOST /perplexity HTTP/1.1[0m" 500 -
[2025-11-30 21:54:22,986] ERROR in app: Exception on /perplexity [POST]
Traceback (most recent call last):
  File "/lustre09/project/6032307/arnauddr/MiniCPBP/venv/lib/python3.11/site-packages/flask/app.py", line 1511, in wsgi_app
    response = self.full_dispatch_request()
               ^^^^^^^^^^^^^^^^^^^^^^^^^^^^
  File "/lustre09/project/6032307/arnauddr/MiniCPBP/venv/lib/python3.11/site-packages/flask/app.py", line 919, in full_dispatch_request
    rv = self.handle_user_exception(e)
         ^^^^^^^^^^^^^^^^^^^^^^^^^^^^^
  File "/lustre09/project/6032307/arnauddr/MiniCPBP/venv/lib/python3.11/site-packages/flask/app.py", line 917, in full_dispatch_request
    rv = self.dispatch_request()
         ^^^^^^^^^^^^^^^^^^^^^^^
  File "/lustre09/project/6032307/arnauddr/MiniCPBP/venv/lib/python3.11/site-packages/flask/app.py", line 902, in dispatch_request
    return self.ensure_sync(self.view_functions[rule.endpoint])(**view_args)  # type: ignore[no-any-return]
           ^^^^^^^^^^^^^^^^^^^^^^^^^^^^^^^^^^^^^^^^^^^^^^^^^^^^^^^^^^^^^^^^^
  File "/lustre09/project/6032307/arnauddr/MiniCPBP/server_mlm.py", line 147, in perplexity
    return {"perplexity": calculate_perplexity(sentence)}
                          ^^^^^^^^^^^^^^^^^^^^^^^^^^^^^^
  File "/lustre09/project/6032307/arnauddr/MiniCPBP/server_mlm.py", line 134, in calculate_perplexity
    with mutex:
TypeError: 'Lock' object does not support the context manager protocol
127.0.0.1 - - [30/Nov/2025 21:54:22] "[35m[1mPOST /perplexity HTTP/1.1[0m" 500 -
[2025-11-30 21:54:22,988] ERROR in app: Exception on /perplexity [POST]
Traceback (most recent call last):
  File "/lustre09/project/6032307/arnauddr/MiniCPBP/venv/lib/python3.11/site-packages/flask/app.py", line 1511, in wsgi_app
    response = self.full_dispatch_request()
               ^^^^^^^^^^^^^^^^^^^^^^^^^^^^
  File "/lustre09/project/6032307/arnauddr/MiniCPBP/venv/lib/python3.11/site-packages/flask/app.py", line 919, in full_dispatch_request
    rv = self.handle_user_exception(e)
         ^^^^^^^^^^^^^^^^^^^^^^^^^^^^^
  File "/lustre09/project/6032307/arnauddr/MiniCPBP/venv/lib/python3.11/site-packages/flask/app.py", line 917, in full_dispatch_request
    rv = self.dispatch_request()
         ^^^^^^^^^^^^^^^^^^^^^^^
  File "/lustre09/project/6032307/arnauddr/MiniCPBP/venv/lib/python3.11/site-packages/flask/app.py", line 902, in dispatch_request
    return self.ensure_sync(self.view_functions[rule.endpoint])(**view_args)  # type: ignore[no-any-return]
           ^^^^^^^^^^^^^^^^^^^^^^^^^^^^^^^^^^^^^^^^^^^^^^^^^^^^^^^^^^^^^^^^^
  File "/lustre09/project/6032307/arnauddr/MiniCPBP/server_mlm.py", line 147, in perplexity
    return {"perplexity": calculate_perplexity(sentence)}
                          ^^^^^^^^^^^^^^^^^^^^^^^^^^^^^^
  File "/lustre09/project/6032307/arnauddr/MiniCPBP/server_mlm.py", line 134, in calculate_perplexity
    with mutex:
TypeError: 'Lock' object does not support the context manager protocol
[2025-11-30 21:54:22,989] ERROR in app: Exception on /perplexity [POST]
Traceback (most recent call last):
  File "/lustre09/project/6032307/arnauddr/MiniCPBP/venv/lib/python3.11/site-packages/flask/app.py", line 1511, in wsgi_app
    response = self.full_dispatch_request()
               ^^^^^^^^^^^^^^^^^^^^^^^^^^^^
  File "/lustre09/project/6032307/arnauddr/MiniCPBP/venv/lib/python3.11/site-packages/flask/app.py", line 919, in full_dispatch_request
    rv = self.handle_user_exception(e)
         ^^^^^^^^^^^^^^^^^^^^^^^^^^^^^
  File "/lustre09/project/6032307/arnauddr/MiniCPBP/venv/lib/python3.11/site-packages/flask/app.py", line 917, in full_dispatch_request
    rv = self.dispatch_request()
         ^^^^^^^^^^^^^^^^^^^^^^^
  File "/lustre09/project/6032307/arnauddr/MiniCPBP/venv/lib/python3.11/site-packages/flask/app.py", line 902, in dispatch_request
    return self.ensure_sync(self.view_functions[rule.endpoint])(**view_args)  # type: ignore[no-any-return]
           ^^^^^^^^^^^^^^^^^^^^^^^^^^^^^^^^^^^^^^^^^^^^^^^^^^^^^^^^^^^^^^^^^
  File "/lustre09/project/6032307/arnauddr/MiniCPBP/server_mlm.py", line 147, in perplexity
    return {"perplexity": calculate_perplexity(sentence)}
                          ^^^^^^^^^^^^^^^^^^^^^^^^^^^^^^
  File "/lustre09/project/6032307/arnauddr/MiniCPBP/server_mlm.py", line 134, in calculate_perplexity
    with mutex:
TypeError: 'Lock' object does not support the context manager protocol
[2025-11-30 21:54:22,989] ERROR in app: Exception on /perplexity [POST]
Traceback (most recent call last):
  File "/lustre09/project/6032307/arnauddr/MiniCPBP/venv/lib/python3.11/site-packages/flask/app.py", line 1511, in wsgi_app
    response = self.full_dispatch_request()
               ^^^^^^^^^^^^^^^^^^^^^^^^^^^^
  File "/lustre09/project/6032307/arnauddr/MiniCPBP/venv/lib/python3.11/site-packages/flask/app.py", line 919, in full_dispatch_request
    rv = self.handle_user_exception(e)
         ^^^^^^^^^^^^^^^^^^^^^^^^^^^^^
  File "/lustre09/project/6032307/arnauddr/MiniCPBP/venv/lib/python3.11/site-packages/flask/app.py", line 917, in full_dispatch_request
    rv = self.dispatch_request()
         ^^^^^^^^^^^^^^^^^^^^^^^
  File "/lustre09/project/6032307/arnauddr/MiniCPBP/venv/lib/python3.11/site-packages/flask/app.py", line 902, in dispatch_request
    return self.ensure_sync(self.view_functions[rule.endpoint])(**view_args)  # type: ignore[no-any-return]
           ^^^^^^^^^^^^^^^^^^^^^^^^^^^^^^^^^^^^^^^^^^^^^^^^^^^^^^^^^^^^^^^^^
  File "/lustre09/project/6032307/arnauddr/MiniCPBP/server_mlm.py", line 147, in perplexity
    return {"perplexity": calculate_perplexity(sentence)}
                          ^^^^^^^^^^^^^^^^^^^^^^^^^^^^^^
  File "/lustre09/project/6032307/arnauddr/MiniCPBP/server_mlm.py", line 134, in calculate_perplexity
    with mutex:
TypeError: 'Lock' object does not support the context manager protocol
127.0.0.1 - - [30/Nov/2025 21:54:22] "[35m[1mPOST /perplexity HTTP/1.1[0m" 500 -
127.0.0.1 - - [30/Nov/2025 21:54:22] "[35m[1mPOST /perplexity HTTP/1.1[0m" 500 -
127.0.0.1 - - [30/Nov/2025 21:54:22] "[35m[1mPOST /perplexity HTTP/1.1[0m" 500 -
[2025-11-30 21:54:23,014] ERROR in app: Exception on /perplexity [POST]
Traceback (most recent call last):
  File "/lustre09/project/6032307/arnauddr/MiniCPBP/venv/lib/python3.11/site-packages/flask/app.py", line 1511, in wsgi_app
    response = self.full_dispatch_request()
               ^^^^^^^^^^^^^^^^^^^^^^^^^^^^
  File "/lustre09/project/6032307/arnauddr/MiniCPBP/venv/lib/python3.11/site-packages/flask/app.py", line 919, in full_dispatch_request
    rv = self.handle_user_exception(e)
         ^^^^^^^^^^^^^^^^^^^^^^^^^^^^^
  File "/lustre09/project/6032307/arnauddr/MiniCPBP/venv/lib/python3.11/site-packages/flask/app.py", line 917, in full_dispatch_request
    rv = self.dispatch_request()
         ^^^^^^^^^^^^^^^^^^^^^^^
  File "/lustre09/project/6032307/arnauddr/MiniCPBP/venv/lib/python3.11/site-packages/flask/app.py", line 902, in dispatch_request
    return self.ensure_sync(self.view_functions[rule.endpoint])(**view_args)  # type: ignore[no-any-return]
           ^^^^^^^^^^^^^^^^^^^^^^^^^^^^^^^^^^^^^^^^^^^^^^^^^^^^^^^^^^^^^^^^^
  File "/lustre09/project/6032307/arnauddr/MiniCPBP/server_mlm.py", line 147, in perplexity
    return {"perplexity": calculate_perplexity(sentence)}
                          ^^^^^^^^^^^^^^^^^^^^^^^^^^^^^^
  File "/lustre09/project/6032307/arnauddr/MiniCPBP/server_mlm.py", line 134, in calculate_perplexity
    with mutex:
TypeError: 'Lock' object does not support the context manager protocol
127.0.0.1 - - [30/Nov/2025 21:54:23] "[35m[1mPOST /perplexity HTTP/1.1[0m" 500 -
[2025-11-30 21:54:23,015] ERROR in app: Exception on /perplexity [POST]
Traceback (most recent call last):
  File "/lustre09/project/6032307/arnauddr/MiniCPBP/venv/lib/python3.11/site-packages/flask/app.py", line 1511, in wsgi_app
    response = self.full_dispatch_request()
               ^^^^^^^^^^^^^^^^^^^^^^^^^^^^
  File "/lustre09/project/6032307/arnauddr/MiniCPBP/venv/lib/python3.11/site-packages/flask/app.py", line 919, in full_dispatch_request
    rv = self.handle_user_exception(e)
         ^^^^^^^^^^^^^^^^^^^^^^^^^^^^^
  File "/lustre09/project/6032307/arnauddr/MiniCPBP/venv/lib/python3.11/site-packages/flask/app.py", line 917, in full_dispatch_request
    rv = self.dispatch_request()
         ^^^^^^^^^^^^^^^^^^^^^^^
  File "/lustre09/project/6032307/arnauddr/MiniCPBP/venv/lib/python3.11/site-packages/flask/app.py", line 902, in dispatch_request
    return self.ensure_sync(self.view_functions[rule.endpoint])(**view_args)  # type: ignore[no-any-return]
           ^^^^^^^^^^^^^^^^^^^^^^^^^^^^^^^^^^^^^^^^^^^^^^^^^^^^^^^^^^^^^^^^^
  File "/lustre09/project/6032307/arnauddr/MiniCPBP/server_mlm.py", line 147, in perplexity
    return {"perplexity": calculate_perplexity(sentence)}
                          ^^^^^^^^^^^^^^^^^^^^^^^^^^^^^^
  File "/lustre09/project/6032307/arnauddr/MiniCPBP/server_mlm.py", line 134, in calculate_perplexity
    with mutex:
TypeError: 'Lock' object does not support the context manager protocol
127.0.0.1 - - [30/Nov/2025 21:54:23] "[35m[1mPOST /perplexity HTTP/1.1[0m" 500 -
[2025-11-30 21:54:23,019] ERROR in app: Exception on /perplexity [POST]
Traceback (most recent call last):
  File "/lustre09/project/6032307/arnauddr/MiniCPBP/venv/lib/python3.11/site-packages/flask/app.py", line 1511, in wsgi_app
    response = self.full_dispatch_request()
               ^^^^^^^^^^^^^^^^^^^^^^^^^^^^
  File "/lustre09/project/6032307/arnauddr/MiniCPBP/venv/lib/python3.11/site-packages/flask/app.py", line 919, in full_dispatch_request
    rv = self.handle_user_exception(e)
         ^^^^^^^^^^^^^^^^^^^^^^^^^^^^^
  File "/lustre09/project/6032307/arnauddr/MiniCPBP/venv/lib/python3.11/site-packages/flask/app.py", line 917, in full_dispatch_request
    rv = self.dispatch_request()
         ^^^^^^^^^^^^^^^^^^^^^^^
  File "/lustre09/project/6032307/arnauddr/MiniCPBP/venv/lib/python3.11/site-packages/flask/app.py", line 902, in dispatch_request
    return self.ensure_sync(self.view_functions[rule.endpoint])(**view_args)  # type: ignore[no-any-return]
           ^^^^^^^^^^^^^^^^^^^^^^^^^^^^^^^^^^^^^^^^^^^^^^^^^^^^^^^^^^^^^^^^^
  File "/lustre09/project/6032307/arnauddr/MiniCPBP/server_mlm.py", line 147, in perplexity
    return {"perplexity": calculate_perplexity(sentence)}
                          ^^^^^^^^^^^^^^^^^^^^^^^^^^^^^^
  File "/lustre09/project/6032307/arnauddr/MiniCPBP/server_mlm.py", line 134, in calculate_perplexity
    with mutex:
TypeError: 'Lock' object does not support the context manager protocol
127.0.0.1 - - [30/Nov/2025 21:54:23] "[35m[1mPOST /perplexity HTTP/1.1[0m" 500 -
[2025-11-30 21:54:23,020] ERROR in app: Exception on /perplexity [POST]
Traceback (most recent call last):
  File "/lustre09/project/6032307/arnauddr/MiniCPBP/venv/lib/python3.11/site-packages/flask/app.py", line 1511, in wsgi_app
    response = self.full_dispatch_request()
               ^^^^^^^^^^^^^^^^^^^^^^^^^^^^
  File "/lustre09/project/6032307/arnauddr/MiniCPBP/venv/lib/python3.11/site-packages/flask/app.py", line 919, in full_dispatch_request
    rv = self.handle_user_exception(e)
         ^^^^^^^^^^^^^^^^^^^^^^^^^^^^^
  File "/lustre09/project/6032307/arnauddr/MiniCPBP/venv/lib/python3.11/site-packages/flask/app.py", line 917, in full_dispatch_request
    rv = self.dispatch_request()
         ^^^^^^^^^^^^^^^^^^^^^^^
  File "/lustre09/project/6032307/arnauddr/MiniCPBP/venv/lib/python3.11/site-packages/flask/app.py", line 902, in dispatch_request
    return self.ensure_sync(self.view_functions[rule.endpoint])(**view_args)  # type: ignore[no-any-return]
           ^^^^^^^^^^^^^^^^^^^^^^^^^^^^^^^^^^^^^^^^^^^^^^^^^^^^^^^^^^^^^^^^^
  File "/lustre09/project/6032307/arnauddr/MiniCPBP/server_mlm.py", line 147, in perplexity
    return {"perplexity": calculate_perplexity(sentence)}
                          ^^^^^^^^^^^^^^^^^^^^^^^^^^^^^^
  File "/lustre09/project/6032307/arnauddr/MiniCPBP/server_mlm.py", line 134, in calculate_perplexity
    with mutex:
TypeError: 'Lock' object does not support the context manager protocol
127.0.0.1 - - [30/Nov/2025 21:54:23] "[35m[1mPOST /perplexity HTTP/1.1[0m" 500 -
[2025-11-30 21:54:23,021] ERROR in app: Exception on /perplexity [POST]
Traceback (most recent call last):
  File "/lustre09/project/6032307/arnauddr/MiniCPBP/venv/lib/python3.11/site-packages/flask/app.py", line 1511, in wsgi_app
    response = self.full_dispatch_request()
               ^^^^^^^^^^^^^^^^^^^^^^^^^^^^
  File "/lustre09/project/6032307/arnauddr/MiniCPBP/venv/lib/python3.11/site-packages/flask/app.py", line 919, in full_dispatch_request
    rv = self.handle_user_exception(e)
         ^^^^^^^^^^^^^^^^^^^^^^^^^^^^^
  File "/lustre09/project/6032307/arnauddr/MiniCPBP/venv/lib/python3.11/site-packages/flask/app.py", line 917, in full_dispatch_request
    rv = self.dispatch_request()
         ^^^^^^^^^^^^^^^^^^^^^^^
  File "/lustre09/project/6032307/arnauddr/MiniCPBP/venv/lib/python3.11/site-packages/flask/app.py", line 902, in dispatch_request
    return self.ensure_sync(self.view_functions[rule.endpoint])(**view_args)  # type: ignore[no-any-return]
           ^^^^^^^^^^^^^^^^^^^^^^^^^^^^^^^^^^^^^^^^^^^^^^^^^^^^^^^^^^^^^^^^^
  File "/lustre09/project/6032307/arnauddr/MiniCPBP/server_mlm.py", line 147, in perplexity
    return {"perplexity": calculate_perplexity(sentence)}
                          ^^^^^^^^^^^^^^^^^^^^^^^^^^^^^^
  File "/lustre09/project/6032307/arnauddr/MiniCPBP/server_mlm.py", line 134, in calculate_perplexity
    with mutex:
TypeError: 'Lock' object does not support the context manager protocol
127.0.0.1 - - [30/Nov/2025 21:54:23] "[35m[1mPOST /perplexity HTTP/1.1[0m" 500 -
[2025-11-30 21:54:23,033] ERROR in app: Exception on /perplexity [POST]
Traceback (most recent call last):
  File "/lustre09/project/6032307/arnauddr/MiniCPBP/venv/lib/python3.11/site-packages/flask/app.py", line 1511, in wsgi_app
    response = self.full_dispatch_request()
               ^^^^^^^^^^^^^^^^^^^^^^^^^^^^
  File "/lustre09/project/6032307/arnauddr/MiniCPBP/venv/lib/python3.11/site-packages/flask/app.py", line 919, in full_dispatch_request
    rv = self.handle_user_exception(e)
         ^^^^^^^^^^^^^^^^^^^^^^^^^^^^^
  File "/lustre09/project/6032307/arnauddr/MiniCPBP/venv/lib/python3.11/site-packages/flask/app.py", line 917, in full_dispatch_request
    rv = self.dispatch_request()
         ^^^^^^^^^^^^^^^^^^^^^^^
  File "/lustre09/project/6032307/arnauddr/MiniCPBP/venv/lib/python3.11/site-packages/flask/app.py", line 902, in dispatch_request
    return self.ensure_sync(self.view_functions[rule.endpoint])(**view_args)  # type: ignore[no-any-return]
           ^^^^^^^^^^^^^^^^^^^^^^^^^^^^^^^^^^^^^^^^^^^^^^^^^^^^^^^^^^^^^^^^^
  File "/lustre09/project/6032307/arnauddr/MiniCPBP/server_mlm.py", line 147, in perplexity
    return {"perplexity": calculate_perplexity(sentence)}
                          ^^^^^^^^^^^^^^^^^^^^^^^^^^^^^^
  File "/lustre09/project/6032307/arnauddr/MiniCPBP/server_mlm.py", line 134, in calculate_perplexity
    with mutex:
TypeError: 'Lock' object does not support the context manager protocol
127.0.0.1 - - [30/Nov/2025 21:54:23] "[35m[1mPOST /perplexity HTTP/1.1[0m" 500 -
[2025-11-30 21:54:23,086] ERROR in app: Exception on /perplexity [POST]
Traceback (most recent call last):
  File "/lustre09/project/6032307/arnauddr/MiniCPBP/venv/lib/python3.11/site-packages/flask/app.py", line 1511, in wsgi_app
    response = self.full_dispatch_request()
               ^^^^^^^^^^^^^^^^^^^^^^^^^^^^
  File "/lustre09/project/6032307/arnauddr/MiniCPBP/venv/lib/python3.11/site-packages/flask/app.py", line 919, in full_dispatch_request
    rv = self.handle_user_exception(e)
         ^^^^^^^^^^^^^^^^^^^^^^^^^^^^^
  File "/lustre09/project/6032307/arnauddr/MiniCPBP/venv/lib/python3.11/site-packages/flask/app.py", line 917, in full_dispatch_request
    rv = self.dispatch_request()
         ^^^^^^^^^^^^^^^^^^^^^^^
  File "/lustre09/project/6032307/arnauddr/MiniCPBP/venv/lib/python3.11/site-packages/flask/app.py", line 902, in dispatch_request
    return self.ensure_sync(self.view_functions[rule.endpoint])(**view_args)  # type: ignore[no-any-return]
           ^^^^^^^^^^^^^^^^^^^^^^^^^^^^^^^^^^^^^^^^^^^^^^^^^^^^^^^^^^^^^^^^^
  File "/lustre09/project/6032307/arnauddr/MiniCPBP/server_mlm.py", line 147, in perplexity
    return {"perplexity": calculate_perplexity(sentence)}
                          ^^^^^^^^^^^^^^^^^^^^^^^^^^^^^^
  File "/lustre09/project/6032307/arnauddr/MiniCPBP/server_mlm.py", line 134, in calculate_perplexity
    with mutex:
TypeError: 'Lock' object does not support the context manager protocol
127.0.0.1 - - [30/Nov/2025 21:54:23] "[35m[1mPOST /perplexity HTTP/1.1[0m" 500 -
[2025-11-30 21:54:23,101] ERROR in app: Exception on /perplexity [POST]
Traceback (most recent call last):
  File "/lustre09/project/6032307/arnauddr/MiniCPBP/venv/lib/python3.11/site-packages/flask/app.py", line 1511, in wsgi_app
    response = self.full_dispatch_request()
               ^^^^^^^^^^^^^^^^^^^^^^^^^^^^
  File "/lustre09/project/6032307/arnauddr/MiniCPBP/venv/lib/python3.11/site-packages/flask/app.py", line 919, in full_dispatch_request
    rv = self.handle_user_exception(e)
         ^^^^^^^^^^^^^^^^^^^^^^^^^^^^^
  File "/lustre09/project/6032307/arnauddr/MiniCPBP/venv/lib/python3.11/site-packages/flask/app.py", line 917, in full_dispatch_request
    rv = self.dispatch_request()
         ^^^^^^^^^^^^^^^^^^^^^^^
  File "/lustre09/project/6032307/arnauddr/MiniCPBP/venv/lib/python3.11/site-packages/flask/app.py", line 902, in dispatch_request
    return self.ensure_sync(self.view_functions[rule.endpoint])(**view_args)  # type: ignore[no-any-return]
           ^^^^^^^^^^^^^^^^^^^^^^^^^^^^^^^^^^^^^^^^^^^^^^^^^^^^^^^^^^^^^^^^^
  File "/lustre09/project/6032307/arnauddr/MiniCPBP/server_mlm.py", line 147, in perplexity
    return {"perplexity": calculate_perplexity(sentence)}
                          ^^^^^^^^^^^^^^^^^^^^^^^^^^^^^^
  File "/lustre09/project/6032307/arnauddr/MiniCPBP/server_mlm.py", line 134, in calculate_perplexity
    with mutex:
TypeError: 'Lock' object does not support the context manager protocol
127.0.0.1 - - [30/Nov/2025 21:54:23] "[35m[1mPOST /perplexity HTTP/1.1[0m" 500 -
[2025-11-30 21:54:23,121] ERROR in app: Exception on /perplexity [POST]
Traceback (most recent call last):
  File "/lustre09/project/6032307/arnauddr/MiniCPBP/venv/lib/python3.11/site-packages/flask/app.py", line 1511, in wsgi_app
    response = self.full_dispatch_request()
               ^^^^^^^^^^^^^^^^^^^^^^^^^^^^
  File "/lustre09/project/6032307/arnauddr/MiniCPBP/venv/lib/python3.11/site-packages/flask/app.py", line 919, in full_dispatch_request
    rv = self.handle_user_exception(e)
         ^^^^^^^^^^^^^^^^^^^^^^^^^^^^^
  File "/lustre09/project/6032307/arnauddr/MiniCPBP/venv/lib/python3.11/site-packages/flask/app.py", line 917, in full_dispatch_request
    rv = self.dispatch_request()
         ^^^^^^^^^^^^^^^^^^^^^^^
  File "/lustre09/project/6032307/arnauddr/MiniCPBP/venv/lib/python3.11/site-packages/flask/app.py", line 902, in dispatch_request
    return self.ensure_sync(self.view_functions[rule.endpoint])(**view_args)  # type: ignore[no-any-return]
           ^^^^^^^^^^^^^^^^^^^^^^^^^^^^^^^^^^^^^^^^^^^^^^^^^^^^^^^^^^^^^^^^^
  File "/lustre09/project/6032307/arnauddr/MiniCPBP/server_mlm.py", line 147, in perplexity
    return {"perplexity": calculate_perplexity(sentence)}
                          ^^^^^^^^^^^^^^^^^^^^^^^^^^^^^^
  File "/lustre09/project/6032307/arnauddr/MiniCPBP/server_mlm.py", line 134, in calculate_perplexity
    with mutex:
TypeError: 'Lock' object does not support the context manager protocol
127.0.0.1 - - [30/Nov/2025 21:54:23] "[35m[1mPOST /perplexity HTTP/1.1[0m" 500 -
[2025-11-30 21:54:23,137] ERROR in app: Exception on /perplexity [POST]
Traceback (most recent call last):
  File "/lustre09/project/6032307/arnauddr/MiniCPBP/venv/lib/python3.11/site-packages/flask/app.py", line 1511, in wsgi_app
    response = self.full_dispatch_request()
               ^^^^^^^^^^^^^^^^^^^^^^^^^^^^
  File "/lustre09/project/6032307/arnauddr/MiniCPBP/venv/lib/python3.11/site-packages/flask/app.py", line 919, in full_dispatch_request
    rv = self.handle_user_exception(e)
         ^^^^^^^^^^^^^^^^^^^^^^^^^^^^^
  File "/lustre09/project/6032307/arnauddr/MiniCPBP/venv/lib/python3.11/site-packages/flask/app.py", line 917, in full_dispatch_request
    rv = self.dispatch_request()
         ^^^^^^^^^^^^^^^^^^^^^^^
  File "/lustre09/project/6032307/arnauddr/MiniCPBP/venv/lib/python3.11/site-packages/flask/app.py", line 902, in dispatch_request
    return self.ensure_sync(self.view_functions[rule.endpoint])(**view_args)  # type: ignore[no-any-return]
           ^^^^^^^^^^^^^^^^^^^^^^^^^^^^^^^^^^^^^^^^^^^^^^^^^^^^^^^^^^^^^^^^^
  File "/lustre09/project/6032307/arnauddr/MiniCPBP/server_mlm.py", line 147, in perplexity
    return {"perplexity": calculate_perplexity(sentence)}
                          ^^^^^^^^^^^^^^^^^^^^^^^^^^^^^^
  File "/lustre09/project/6032307/arnauddr/MiniCPBP/server_mlm.py", line 134, in calculate_perplexity
    with mutex:
TypeError: 'Lock' object does not support the context manager protocol
127.0.0.1 - - [30/Nov/2025 21:54:23] "[35m[1mPOST /perplexity HTTP/1.1[0m" 500 -
[2025-11-30 21:54:23,145] ERROR in app: Exception on /perplexity [POST]
Traceback (most recent call last):
  File "/lustre09/project/6032307/arnauddr/MiniCPBP/venv/lib/python3.11/site-packages/flask/app.py", line 1511, in wsgi_app
    response = self.full_dispatch_request()
               ^^^^^^^^^^^^^^^^^^^^^^^^^^^^
  File "/lustre09/project/6032307/arnauddr/MiniCPBP/venv/lib/python3.11/site-packages/flask/app.py", line 919, in full_dispatch_request
    rv = self.handle_user_exception(e)
         ^^^^^^^^^^^^^^^^^^^^^^^^^^^^^
  File "/lustre09/project/6032307/arnauddr/MiniCPBP/venv/lib/python3.11/site-packages/flask/app.py", line 917, in full_dispatch_request
    rv = self.dispatch_request()
         ^^^^^^^^^^^^^^^^^^^^^^^
  File "/lustre09/project/6032307/arnauddr/MiniCPBP/venv/lib/python3.11/site-packages/flask/app.py", line 902, in dispatch_request
    return self.ensure_sync(self.view_functions[rule.endpoint])(**view_args)  # type: ignore[no-any-return]
           ^^^^^^^^^^^^^^^^^^^^^^^^^^^^^^^^^^^^^^^^^^^^^^^^^^^^^^^^^^^^^^^^^
  File "/lustre09/project/6032307/arnauddr/MiniCPBP/server_mlm.py", line 147, in perplexity
    return {"perplexity": calculate_perplexity(sentence)}
                          ^^^^^^^^^^^^^^^^^^^^^^^^^^^^^^
  File "/lustre09/project/6032307/arnauddr/MiniCPBP/server_mlm.py", line 134, in calculate_perplexity
    with mutex:
TypeError: 'Lock' object does not support the context manager protocol
127.0.0.1 - - [30/Nov/2025 21:54:23] "[35m[1mPOST /perplexity HTTP/1.1[0m" 500 -
[2025-11-30 21:54:23,178] ERROR in app: Exception on /perplexity [POST]
Traceback (most recent call last):
  File "/lustre09/project/6032307/arnauddr/MiniCPBP/venv/lib/python3.11/site-packages/flask/app.py", line 1511, in wsgi_app
    response = self.full_dispatch_request()
               ^^^^^^^^^^^^^^^^^^^^^^^^^^^^
  File "/lustre09/project/6032307/arnauddr/MiniCPBP/venv/lib/python3.11/site-packages/flask/app.py", line 919, in full_dispatch_request
    rv = self.handle_user_exception(e)
         ^^^^^^^^^^^^^^^^^^^^^^^^^^^^^
  File "/lustre09/project/6032307/arnauddr/MiniCPBP/venv/lib/python3.11/site-packages/flask/app.py", line 917, in full_dispatch_request
    rv = self.dispatch_request()
         ^^^^^^^^^^^^^^^^^^^^^^^
  File "/lustre09/project/6032307/arnauddr/MiniCPBP/venv/lib/python3.11/site-packages/flask/app.py", line 902, in dispatch_request
    return self.ensure_sync(self.view_functions[rule.endpoint])(**view_args)  # type: ignore[no-any-return]
           ^^^^^^^^^^^^^^^^^^^^^^^^^^^^^^^^^^^^^^^^^^^^^^^^^^^^^^^^^^^^^^^^^
  File "/lustre09/project/6032307/arnauddr/MiniCPBP/server_mlm.py", line 147, in perplexity
    return {"perplexity": calculate_perplexity(sentence)}
                          ^^^^^^^^^^^^^^^^^^^^^^^^^^^^^^
  File "/lustre09/project/6032307/arnauddr/MiniCPBP/server_mlm.py", line 134, in calculate_perplexity
    with mutex:
TypeError: 'Lock' object does not support the context manager protocol
127.0.0.1 - - [30/Nov/2025 21:54:23] "[35m[1mPOST /perplexity HTTP/1.1[0m" 500 -
[2025-11-30 21:54:23,194] ERROR in app: Exception on /perplexity [POST]
Traceback (most recent call last):
  File "/lustre09/project/6032307/arnauddr/MiniCPBP/venv/lib/python3.11/site-packages/flask/app.py", line 1511, in wsgi_app
    response = self.full_dispatch_request()
               ^^^^^^^^^^^^^^^^^^^^^^^^^^^^
  File "/lustre09/project/6032307/arnauddr/MiniCPBP/venv/lib/python3.11/site-packages/flask/app.py", line 919, in full_dispatch_request
    rv = self.handle_user_exception(e)
         ^^^^^^^^^^^^^^^^^^^^^^^^^^^^^
  File "/lustre09/project/6032307/arnauddr/MiniCPBP/venv/lib/python3.11/site-packages/flask/app.py", line 917, in full_dispatch_request
    rv = self.dispatch_request()
         ^^^^^^^^^^^^^^^^^^^^^^^
  File "/lustre09/project/6032307/arnauddr/MiniCPBP/venv/lib/python3.11/site-packages/flask/app.py", line 902, in dispatch_request
    return self.ensure_sync(self.view_functions[rule.endpoint])(**view_args)  # type: ignore[no-any-return]
           ^^^^^^^^^^^^^^^^^^^^^^^^^^^^^^^^^^^^^^^^^^^^^^^^^^^^^^^^^^^^^^^^^
  File "/lustre09/project/6032307/arnauddr/MiniCPBP/server_mlm.py", line 147, in perplexity
    return {"perplexity": calculate_perplexity(sentence)}
                          ^^^^^^^^^^^^^^^^^^^^^^^^^^^^^^
  File "/lustre09/project/6032307/arnauddr/MiniCPBP/server_mlm.py", line 134, in calculate_perplexity
    with mutex:
TypeError: 'Lock' object does not support the context manager protocol
127.0.0.1 - - [30/Nov/2025 21:54:23] "[35m[1mPOST /perplexity HTTP/1.1[0m" 500 -
[2025-11-30 21:54:23,214] ERROR in app: Exception on /perplexity [POST]
Traceback (most recent call last):
  File "/lustre09/project/6032307/arnauddr/MiniCPBP/venv/lib/python3.11/site-packages/flask/app.py", line 1511, in wsgi_app
    response = self.full_dispatch_request()
               ^^^^^^^^^^^^^^^^^^^^^^^^^^^^
  File "/lustre09/project/6032307/arnauddr/MiniCPBP/venv/lib/python3.11/site-packages/flask/app.py", line 919, in full_dispatch_request
    rv = self.handle_user_exception(e)
         ^^^^^^^^^^^^^^^^^^^^^^^^^^^^^
  File "/lustre09/project/6032307/arnauddr/MiniCPBP/venv/lib/python3.11/site-packages/flask/app.py", line 917, in full_dispatch_request
    rv = self.dispatch_request()
         ^^^^^^^^^^^^^^^^^^^^^^^
  File "/lustre09/project/6032307/arnauddr/MiniCPBP/venv/lib/python3.11/site-packages/flask/app.py", line 902, in dispatch_request
    return self.ensure_sync(self.view_functions[rule.endpoint])(**view_args)  # type: ignore[no-any-return]
           ^^^^^^^^^^^^^^^^^^^^^^^^^^^^^^^^^^^^^^^^^^^^^^^^^^^^^^^^^^^^^^^^^
  File "/lustre09/project/6032307/arnauddr/MiniCPBP/server_mlm.py", line 147, in perplexity
    return {"perplexity": calculate_perplexity(sentence)}
                          ^^^^^^^^^^^^^^^^^^^^^^^^^^^^^^
  File "/lustre09/project/6032307/arnauddr/MiniCPBP/server_mlm.py", line 134, in calculate_perplexity
    with mutex:
TypeError: 'Lock' object does not support the context manager protocol
127.0.0.1 - - [30/Nov/2025 21:54:23] "[35m[1mPOST /perplexity HTTP/1.1[0m" 500 -
[2025-11-30 21:54:23,218] ERROR in app: Exception on /perplexity [POST]
Traceback (most recent call last):
  File "/lustre09/project/6032307/arnauddr/MiniCPBP/venv/lib/python3.11/site-packages/flask/app.py", line 1511, in wsgi_app
    response = self.full_dispatch_request()
               ^^^^^^^^^^^^^^^^^^^^^^^^^^^^
  File "/lustre09/project/6032307/arnauddr/MiniCPBP/venv/lib/python3.11/site-packages/flask/app.py", line 919, in full_dispatch_request
    rv = self.handle_user_exception(e)
         ^^^^^^^^^^^^^^^^^^^^^^^^^^^^^
  File "/lustre09/project/6032307/arnauddr/MiniCPBP/venv/lib/python3.11/site-packages/flask/app.py", line 917, in full_dispatch_request
    rv = self.dispatch_request()
         ^^^^^^^^^^^^^^^^^^^^^^^
  File "/lustre09/project/6032307/arnauddr/MiniCPBP/venv/lib/python3.11/site-packages/flask/app.py", line 902, in dispatch_request
    return self.ensure_sync(self.view_functions[rule.endpoint])(**view_args)  # type: ignore[no-any-return]
           ^^^^^^^^^^^^^^^^^^^^^^^^^^^^^^^^^^^^^^^^^^^^^^^^^^^^^^^^^^^^^^^^^
  File "/lustre09/project/6032307/arnauddr/MiniCPBP/server_mlm.py", line 147, in perplexity
    return {"perplexity": calculate_perplexity(sentence)}
                          ^^^^^^^^^^^^^^^^^^^^^^^^^^^^^^
  File "/lustre09/project/6032307/arnauddr/MiniCPBP/server_mlm.py", line 134, in calculate_perplexity
    with mutex:
TypeError: 'Lock' object does not support the context manager protocol
127.0.0.1 - - [30/Nov/2025 21:54:23] "[35m[1mPOST /perplexity HTTP/1.1[0m" 500 -
[2025-11-30 21:54:23,225] ERROR in app: Exception on /perplexity [POST]
Traceback (most recent call last):
  File "/lustre09/project/6032307/arnauddr/MiniCPBP/venv/lib/python3.11/site-packages/flask/app.py", line 1511, in wsgi_app
    response = self.full_dispatch_request()
               ^^^^^^^^^^^^^^^^^^^^^^^^^^^^
  File "/lustre09/project/6032307/arnauddr/MiniCPBP/venv/lib/python3.11/site-packages/flask/app.py", line 919, in full_dispatch_request
    rv = self.handle_user_exception(e)
         ^^^^^^^^^^^^^^^^^^^^^^^^^^^^^
  File "/lustre09/project/6032307/arnauddr/MiniCPBP/venv/lib/python3.11/site-packages/flask/app.py", line 917, in full_dispatch_request
    rv = self.dispatch_request()
         ^^^^^^^^^^^^^^^^^^^^^^^
  File "/lustre09/project/6032307/arnauddr/MiniCPBP/venv/lib/python3.11/site-packages/flask/app.py", line 902, in dispatch_request
    return self.ensure_sync(self.view_functions[rule.endpoint])(**view_args)  # type: ignore[no-any-return]
           ^^^^^^^^^^^^^^^^^^^^^^^^^^^^^^^^^^^^^^^^^^^^^^^^^^^^^^^^^^^^^^^^^
  File "/lustre09/project/6032307/arnauddr/MiniCPBP/server_mlm.py", line 147, in perplexity
    return {"perplexity": calculate_perplexity(sentence)}
                          ^^^^^^^^^^^^^^^^^^^^^^^^^^^^^^
  File "/lustre09/project/6032307/arnauddr/MiniCPBP/server_mlm.py", line 134, in calculate_perplexity
    with mutex:
TypeError: 'Lock' object does not support the context manager protocol
127.0.0.1 - - [30/Nov/2025 21:54:23] "[35m[1mPOST /perplexity HTTP/1.1[0m" 500 -
[2025-11-30 21:54:23,229] ERROR in app: Exception on /perplexity [POST]
Traceback (most recent call last):
  File "/lustre09/project/6032307/arnauddr/MiniCPBP/venv/lib/python3.11/site-packages/flask/app.py", line 1511, in wsgi_app
    response = self.full_dispatch_request()
               ^^^^^^^^^^^^^^^^^^^^^^^^^^^^
  File "/lustre09/project/6032307/arnauddr/MiniCPBP/venv/lib/python3.11/site-packages/flask/app.py", line 919, in full_dispatch_request
    rv = self.handle_user_exception(e)
         ^^^^^^^^^^^^^^^^^^^^^^^^^^^^^
  File "/lustre09/project/6032307/arnauddr/MiniCPBP/venv/lib/python3.11/site-packages/flask/app.py", line 917, in full_dispatch_request
    rv = self.dispatch_request()
         ^^^^^^^^^^^^^^^^^^^^^^^
  File "/lustre09/project/6032307/arnauddr/MiniCPBP/venv/lib/python3.11/site-packages/flask/app.py", line 902, in dispatch_request
    return self.ensure_sync(self.view_functions[rule.endpoint])(**view_args)  # type: ignore[no-any-return]
           ^^^^^^^^^^^^^^^^^^^^^^^^^^^^^^^^^^^^^^^^^^^^^^^^^^^^^^^^^^^^^^^^^
  File "/lustre09/project/6032307/arnauddr/MiniCPBP/server_mlm.py", line 147, in perplexity
    return {"perplexity": calculate_perplexity(sentence)}
                          ^^^^^^^^^^^^^^^^^^^^^^^^^^^^^^
  File "/lustre09/project/6032307/arnauddr/MiniCPBP/server_mlm.py", line 134, in calculate_perplexity
    with mutex:
TypeError: 'Lock' object does not support the context manager protocol
127.0.0.1 - - [30/Nov/2025 21:54:23] "[35m[1mPOST /perplexity HTTP/1.1[0m" 500 -
[2025-11-30 21:54:23,275] ERROR in app: Exception on /perplexity [POST]
Traceback (most recent call last):
  File "/lustre09/project/6032307/arnauddr/MiniCPBP/venv/lib/python3.11/site-packages/flask/app.py", line 1511, in wsgi_app
    response = self.full_dispatch_request()
               ^^^^^^^^^^^^^^^^^^^^^^^^^^^^
  File "/lustre09/project/6032307/arnauddr/MiniCPBP/venv/lib/python3.11/site-packages/flask/app.py", line 919, in full_dispatch_request
    rv = self.handle_user_exception(e)
         ^^^^^^^^^^^^^^^^^^^^^^^^^^^^^
  File "/lustre09/project/6032307/arnauddr/MiniCPBP/venv/lib/python3.11/site-packages/flask/app.py", line 917, in full_dispatch_request
    rv = self.dispatch_request()
         ^^^^^^^^^^^^^^^^^^^^^^^
  File "/lustre09/project/6032307/arnauddr/MiniCPBP/venv/lib/python3.11/site-packages/flask/app.py", line 902, in dispatch_request
    return self.ensure_sync(self.view_functions[rule.endpoint])(**view_args)  # type: ignore[no-any-return]
           ^^^^^^^^^^^^^^^^^^^^^^^^^^^^^^^^^^^^^^^^^^^^^^^^^^^^^^^^^^^^^^^^^
  File "/lustre09/project/6032307/arnauddr/MiniCPBP/server_mlm.py", line 147, in perplexity
    return {"perplexity": calculate_perplexity(sentence)}
                          ^^^^^^^^^^^^^^^^^^^^^^^^^^^^^^
  File "/lustre09/project/6032307/arnauddr/MiniCPBP/server_mlm.py", line 134, in calculate_perplexity
    with mutex:
TypeError: 'Lock' object does not support the context manager protocol
127.0.0.1 - - [30/Nov/2025 21:54:23] "[35m[1mPOST /perplexity HTTP/1.1[0m" 500 -
[2025-11-30 21:54:23,294] ERROR in app: Exception on /perplexity [POST]
Traceback (most recent call last):
  File "/lustre09/project/6032307/arnauddr/MiniCPBP/venv/lib/python3.11/site-packages/flask/app.py", line 1511, in wsgi_app
    response = self.full_dispatch_request()
               ^^^^^^^^^^^^^^^^^^^^^^^^^^^^
  File "/lustre09/project/6032307/arnauddr/MiniCPBP/venv/lib/python3.11/site-packages/flask/app.py", line 919, in full_dispatch_request
    rv = self.handle_user_exception(e)
         ^^^^^^^^^^^^^^^^^^^^^^^^^^^^^
  File "/lustre09/project/6032307/arnauddr/MiniCPBP/venv/lib/python3.11/site-packages/flask/app.py", line 917, in full_dispatch_request
    rv = self.dispatch_request()
         ^^^^^^^^^^^^^^^^^^^^^^^
  File "/lustre09/project/6032307/arnauddr/MiniCPBP/venv/lib/python3.11/site-packages/flask/app.py", line 902, in dispatch_request
    return self.ensure_sync(self.view_functions[rule.endpoint])(**view_args)  # type: ignore[no-any-return]
           ^^^^^^^^^^^^^^^^^^^^^^^^^^^^^^^^^^^^^^^^^^^^^^^^^^^^^^^^^^^^^^^^^
  File "/lustre09/project/6032307/arnauddr/MiniCPBP/server_mlm.py", line 147, in perplexity
    return {"perplexity": calculate_perplexity(sentence)}
                          ^^^^^^^^^^^^^^^^^^^^^^^^^^^^^^
  File "/lustre09/project/6032307/arnauddr/MiniCPBP/server_mlm.py", line 134, in calculate_perplexity
    with mutex:
TypeError: 'Lock' object does not support the context manager protocol
127.0.0.1 - - [30/Nov/2025 21:54:23] "[35m[1mPOST /perplexity HTTP/1.1[0m" 500 -
[2025-11-30 21:54:23,305] ERROR in app: Exception on /perplexity [POST]
Traceback (most recent call last):
  File "/lustre09/project/6032307/arnauddr/MiniCPBP/venv/lib/python3.11/site-packages/flask/app.py", line 1511, in wsgi_app
    response = self.full_dispatch_request()
               ^^^^^^^^^^^^^^^^^^^^^^^^^^^^
  File "/lustre09/project/6032307/arnauddr/MiniCPBP/venv/lib/python3.11/site-packages/flask/app.py", line 919, in full_dispatch_request
    rv = self.handle_user_exception(e)
         ^^^^^^^^^^^^^^^^^^^^^^^^^^^^^
  File "/lustre09/project/6032307/arnauddr/MiniCPBP/venv/lib/python3.11/site-packages/flask/app.py", line 917, in full_dispatch_request
    rv = self.dispatch_request()
         ^^^^^^^^^^^^^^^^^^^^^^^
  File "/lustre09/project/6032307/arnauddr/MiniCPBP/venv/lib/python3.11/site-packages/flask/app.py", line 902, in dispatch_request
    return self.ensure_sync(self.view_functions[rule.endpoint])(**view_args)  # type: ignore[no-any-return]
           ^^^^^^^^^^^^^^^^^^^^^^^^^^^^^^^^^^^^^^^^^^^^^^^^^^^^^^^^^^^^^^^^^
  File "/lustre09/project/6032307/arnauddr/MiniCPBP/server_mlm.py", line 147, in perplexity
    return {"perplexity": calculate_perplexity(sentence)}
                          ^^^^^^^^^^^^^^^^^^^^^^^^^^^^^^
  File "/lustre09/project/6032307/arnauddr/MiniCPBP/server_mlm.py", line 134, in calculate_perplexity
    with mutex:
TypeError: 'Lock' object does not support the context manager protocol
127.0.0.1 - - [30/Nov/2025 21:54:23] "[35m[1mPOST /perplexity HTTP/1.1[0m" 500 -
[2025-11-30 21:54:23,384] ERROR in app: Exception on /perplexity [POST]
Traceback (most recent call last):
  File "/lustre09/project/6032307/arnauddr/MiniCPBP/venv/lib/python3.11/site-packages/flask/app.py", line 1511, in wsgi_app
    response = self.full_dispatch_request()
               ^^^^^^^^^^^^^^^^^^^^^^^^^^^^
  File "/lustre09/project/6032307/arnauddr/MiniCPBP/venv/lib/python3.11/site-packages/flask/app.py", line 919, in full_dispatch_request
    rv = self.handle_user_exception(e)
         ^^^^^^^^^^^^^^^^^^^^^^^^^^^^^
  File "/lustre09/project/6032307/arnauddr/MiniCPBP/venv/lib/python3.11/site-packages/flask/app.py", line 917, in full_dispatch_request
    rv = self.dispatch_request()
         ^^^^^^^^^^^^^^^^^^^^^^^
  File "/lustre09/project/6032307/arnauddr/MiniCPBP/venv/lib/python3.11/site-packages/flask/app.py", line 902, in dispatch_request
    return self.ensure_sync(self.view_functions[rule.endpoint])(**view_args)  # type: ignore[no-any-return]
           ^^^^^^^^^^^^^^^^^^^^^^^^^^^^^^^^^^^^^^^^^^^^^^^^^^^^^^^^^^^^^^^^^
  File "/lustre09/project/6032307/arnauddr/MiniCPBP/server_mlm.py", line 147, in perplexity
    return {"perplexity": calculate_perplexity(sentence)}
                          ^^^^^^^^^^^^^^^^^^^^^^^^^^^^^^
  File "/lustre09/project/6032307/arnauddr/MiniCPBP/server_mlm.py", line 134, in calculate_perplexity
    with mutex:
TypeError: 'Lock' object does not support the context manager protocol
127.0.0.1 - - [30/Nov/2025 21:54:23] "[35m[1mPOST /perplexity HTTP/1.1[0m" 500 -
[2025-11-30 21:54:23,407] ERROR in app: Exception on /perplexity [POST]
Traceback (most recent call last):
  File "/lustre09/project/6032307/arnauddr/MiniCPBP/venv/lib/python3.11/site-packages/flask/app.py", line 1511, in wsgi_app
    response = self.full_dispatch_request()
               ^^^^^^^^^^^^^^^^^^^^^^^^^^^^
  File "/lustre09/project/6032307/arnauddr/MiniCPBP/venv/lib/python3.11/site-packages/flask/app.py", line 919, in full_dispatch_request
    rv = self.handle_user_exception(e)
         ^^^^^^^^^^^^^^^^^^^^^^^^^^^^^
  File "/lustre09/project/6032307/arnauddr/MiniCPBP/venv/lib/python3.11/site-packages/flask/app.py", line 917, in full_dispatch_request
    rv = self.dispatch_request()
         ^^^^^^^^^^^^^^^^^^^^^^^
  File "/lustre09/project/6032307/arnauddr/MiniCPBP/venv/lib/python3.11/site-packages/flask/app.py", line 902, in dispatch_request
    return self.ensure_sync(self.view_functions[rule.endpoint])(**view_args)  # type: ignore[no-any-return]
           ^^^^^^^^^^^^^^^^^^^^^^^^^^^^^^^^^^^^^^^^^^^^^^^^^^^^^^^^^^^^^^^^^
  File "/lustre09/project/6032307/arnauddr/MiniCPBP/server_mlm.py", line 147, in perplexity
    return {"perplexity": calculate_perplexity(sentence)}
                          ^^^^^^^^^^^^^^^^^^^^^^^^^^^^^^
  File "/lustre09/project/6032307/arnauddr/MiniCPBP/server_mlm.py", line 134, in calculate_perplexity
    with mutex:
TypeError: 'Lock' object does not support the context manager protocol
127.0.0.1 - - [30/Nov/2025 21:54:23] "[35m[1mPOST /perplexity HTTP/1.1[0m" 500 -
[2025-11-30 21:54:23,409] ERROR in app: Exception on /perplexity [POST]
Traceback (most recent call last):
  File "/lustre09/project/6032307/arnauddr/MiniCPBP/venv/lib/python3.11/site-packages/flask/app.py", line 1511, in wsgi_app
    response = self.full_dispatch_request()
               ^^^^^^^^^^^^^^^^^^^^^^^^^^^^
  File "/lustre09/project/6032307/arnauddr/MiniCPBP/venv/lib/python3.11/site-packages/flask/app.py", line 919, in full_dispatch_request
    rv = self.handle_user_exception(e)
         ^^^^^^^^^^^^^^^^^^^^^^^^^^^^^
  File "/lustre09/project/6032307/arnauddr/MiniCPBP/venv/lib/python3.11/site-packages/flask/app.py", line 917, in full_dispatch_request
    rv = self.dispatch_request()
         ^^^^^^^^^^^^^^^^^^^^^^^
  File "/lustre09/project/6032307/arnauddr/MiniCPBP/venv/lib/python3.11/site-packages/flask/app.py", line 902, in dispatch_request
    return self.ensure_sync(self.view_functions[rule.endpoint])(**view_args)  # type: ignore[no-any-return]
           ^^^^^^^^^^^^^^^^^^^^^^^^^^^^^^^^^^^^^^^^^^^^^^^^^^^^^^^^^^^^^^^^^
  File "/lustre09/project/6032307/arnauddr/MiniCPBP/server_mlm.py", line 147, in perplexity
    return {"perplexity": calculate_perplexity(sentence)}
                          ^^^^^^^^^^^^^^^^^^^^^^^^^^^^^^
  File "/lustre09/project/6032307/arnauddr/MiniCPBP/server_mlm.py", line 134, in calculate_perplexity
    with mutex:
TypeError: 'Lock' object does not support the context manager protocol
127.0.0.1 - - [30/Nov/2025 21:54:23] "[35m[1mPOST /perplexity HTTP/1.1[0m" 500 -
[2025-11-30 21:54:23,431] ERROR in app: Exception on /perplexity [POST]
Traceback (most recent call last):
  File "/lustre09/project/6032307/arnauddr/MiniCPBP/venv/lib/python3.11/site-packages/flask/app.py", line 1511, in wsgi_app
    response = self.full_dispatch_request()
               ^^^^^^^^^^^^^^^^^^^^^^^^^^^^
  File "/lustre09/project/6032307/arnauddr/MiniCPBP/venv/lib/python3.11/site-packages/flask/app.py", line 919, in full_dispatch_request
    rv = self.handle_user_exception(e)
         ^^^^^^^^^^^^^^^^^^^^^^^^^^^^^
  File "/lustre09/project/6032307/arnauddr/MiniCPBP/venv/lib/python3.11/site-packages/flask/app.py", line 917, in full_dispatch_request
    rv = self.dispatch_request()
         ^^^^^^^^^^^^^^^^^^^^^^^
  File "/lustre09/project/6032307/arnauddr/MiniCPBP/venv/lib/python3.11/site-packages/flask/app.py", line 902, in dispatch_request
    return self.ensure_sync(self.view_functions[rule.endpoint])(**view_args)  # type: ignore[no-any-return]
           ^^^^^^^^^^^^^^^^^^^^^^^^^^^^^^^^^^^^^^^^^^^^^^^^^^^^^^^^^^^^^^^^^
  File "/lustre09/project/6032307/arnauddr/MiniCPBP/server_mlm.py", line 147, in perplexity
    return {"perplexity": calculate_perplexity(sentence)}
                          ^^^^^^^^^^^^^^^^^^^^^^^^^^^^^^
  File "/lustre09/project/6032307/arnauddr/MiniCPBP/server_mlm.py", line 134, in calculate_perplexity
    with mutex:
TypeError: 'Lock' object does not support the context manager protocol
127.0.0.1 - - [30/Nov/2025 21:54:23] "[35m[1mPOST /perplexity HTTP/1.1[0m" 500 -
[2025-11-30 21:54:23,460] ERROR in app: Exception on /perplexity [POST]
Traceback (most recent call last):
  File "/lustre09/project/6032307/arnauddr/MiniCPBP/venv/lib/python3.11/site-packages/flask/app.py", line 1511, in wsgi_app
    response = self.full_dispatch_request()
               ^^^^^^^^^^^^^^^^^^^^^^^^^^^^
  File "/lustre09/project/6032307/arnauddr/MiniCPBP/venv/lib/python3.11/site-packages/flask/app.py", line 919, in full_dispatch_request
    rv = self.handle_user_exception(e)
         ^^^^^^^^^^^^^^^^^^^^^^^^^^^^^
  File "/lustre09/project/6032307/arnauddr/MiniCPBP/venv/lib/python3.11/site-packages/flask/app.py", line 917, in full_dispatch_request
    rv = self.dispatch_request()
         ^^^^^^^^^^^^^^^^^^^^^^^
  File "/lustre09/project/6032307/arnauddr/MiniCPBP/venv/lib/python3.11/site-packages/flask/app.py", line 902, in dispatch_request
    return self.ensure_sync(self.view_functions[rule.endpoint])(**view_args)  # type: ignore[no-any-return]
           ^^^^^^^^^^^^^^^^^^^^^^^^^^^^^^^^^^^^^^^^^^^^^^^^^^^^^^^^^^^^^^^^^
  File "/lustre09/project/6032307/arnauddr/MiniCPBP/server_mlm.py", line 147, in perplexity
    return {"perplexity": calculate_perplexity(sentence)}
                          ^^^^^^^^^^^^^^^^^^^^^^^^^^^^^^
  File "/lustre09/project/6032307/arnauddr/MiniCPBP/server_mlm.py", line 134, in calculate_perplexity
    with mutex:
TypeError: 'Lock' object does not support the context manager protocol
127.0.0.1 - - [30/Nov/2025 21:54:23] "[35m[1mPOST /perplexity HTTP/1.1[0m" 500 -
[2025-11-30 21:54:23,505] ERROR in app: Exception on /perplexity [POST]
Traceback (most recent call last):
  File "/lustre09/project/6032307/arnauddr/MiniCPBP/venv/lib/python3.11/site-packages/flask/app.py", line 1511, in wsgi_app
    response = self.full_dispatch_request()
               ^^^^^^^^^^^^^^^^^^^^^^^^^^^^
  File "/lustre09/project/6032307/arnauddr/MiniCPBP/venv/lib/python3.11/site-packages/flask/app.py", line 919, in full_dispatch_request
    rv = self.handle_user_exception(e)
         ^^^^^^^^^^^^^^^^^^^^^^^^^^^^^
  File "/lustre09/project/6032307/arnauddr/MiniCPBP/venv/lib/python3.11/site-packages/flask/app.py", line 917, in full_dispatch_request
    rv = self.dispatch_request()
         ^^^^^^^^^^^^^^^^^^^^^^^
  File "/lustre09/project/6032307/arnauddr/MiniCPBP/venv/lib/python3.11/site-packages/flask/app.py", line 902, in dispatch_request
    return self.ensure_sync(self.view_functions[rule.endpoint])(**view_args)  # type: ignore[no-any-return]
           ^^^^^^^^^^^^^^^^^^^^^^^^^^^^^^^^^^^^^^^^^^^^^^^^^^^^^^^^^^^^^^^^^
  File "/lustre09/project/6032307/arnauddr/MiniCPBP/server_mlm.py", line 147, in perplexity
    return {"perplexity": calculate_perplexity(sentence)}
                          ^^^^^^^^^^^^^^^^^^^^^^^^^^^^^^
  File "/lustre09/project/6032307/arnauddr/MiniCPBP/server_mlm.py", line 134, in calculate_perplexity
    with mutex:
TypeError: 'Lock' object does not support the context manager protocol
127.0.0.1 - - [30/Nov/2025 21:54:23] "[35m[1mPOST /perplexity HTTP/1.1[0m" 500 -
[2025-11-30 21:54:23,535] ERROR in app: Exception on /perplexity [POST]
Traceback (most recent call last):
  File "/lustre09/project/6032307/arnauddr/MiniCPBP/venv/lib/python3.11/site-packages/flask/app.py", line 1511, in wsgi_app
    response = self.full_dispatch_request()
               ^^^^^^^^^^^^^^^^^^^^^^^^^^^^
  File "/lustre09/project/6032307/arnauddr/MiniCPBP/venv/lib/python3.11/site-packages/flask/app.py", line 919, in full_dispatch_request
    rv = self.handle_user_exception(e)
         ^^^^^^^^^^^^^^^^^^^^^^^^^^^^^
  File "/lustre09/project/6032307/arnauddr/MiniCPBP/venv/lib/python3.11/site-packages/flask/app.py", line 917, in full_dispatch_request
    rv = self.dispatch_request()
         ^^^^^^^^^^^^^^^^^^^^^^^
  File "/lustre09/project/6032307/arnauddr/MiniCPBP/venv/lib/python3.11/site-packages/flask/app.py", line 902, in dispatch_request
    return self.ensure_sync(self.view_functions[rule.endpoint])(**view_args)  # type: ignore[no-any-return]
           ^^^^^^^^^^^^^^^^^^^^^^^^^^^^^^^^^^^^^^^^^^^^^^^^^^^^^^^^^^^^^^^^^
  File "/lustre09/project/6032307/arnauddr/MiniCPBP/server_mlm.py", line 147, in perplexity
    return {"perplexity": calculate_perplexity(sentence)}
                          ^^^^^^^^^^^^^^^^^^^^^^^^^^^^^^
  File "/lustre09/project/6032307/arnauddr/MiniCPBP/server_mlm.py", line 134, in calculate_perplexity
    with mutex:
TypeError: 'Lock' object does not support the context manager protocol
127.0.0.1 - - [30/Nov/2025 21:54:23] "[35m[1mPOST /perplexity HTTP/1.1[0m" 500 -
[2025-11-30 21:54:23,543] ERROR in app: Exception on /perplexity [POST]
Traceback (most recent call last):
  File "/lustre09/project/6032307/arnauddr/MiniCPBP/venv/lib/python3.11/site-packages/flask/app.py", line 1511, in wsgi_app
    response = self.full_dispatch_request()
               ^^^^^^^^^^^^^^^^^^^^^^^^^^^^
  File "/lustre09/project/6032307/arnauddr/MiniCPBP/venv/lib/python3.11/site-packages/flask/app.py", line 919, in full_dispatch_request
    rv = self.handle_user_exception(e)
         ^^^^^^^^^^^^^^^^^^^^^^^^^^^^^
  File "/lustre09/project/6032307/arnauddr/MiniCPBP/venv/lib/python3.11/site-packages/flask/app.py", line 917, in full_dispatch_request
    rv = self.dispatch_request()
         ^^^^^^^^^^^^^^^^^^^^^^^
  File "/lustre09/project/6032307/arnauddr/MiniCPBP/venv/lib/python3.11/site-packages/flask/app.py", line 902, in dispatch_request
    return self.ensure_sync(self.view_functions[rule.endpoint])(**view_args)  # type: ignore[no-any-return]
           ^^^^^^^^^^^^^^^^^^^^^^^^^^^^^^^^^^^^^^^^^^^^^^^^^^^^^^^^^^^^^^^^^
  File "/lustre09/project/6032307/arnauddr/MiniCPBP/server_mlm.py", line 147, in perplexity
    return {"perplexity": calculate_perplexity(sentence)}
                          ^^^^^^^^^^^^^^^^^^^^^^^^^^^^^^
  File "/lustre09/project/6032307/arnauddr/MiniCPBP/server_mlm.py", line 134, in calculate_perplexity
    with mutex:
TypeError: 'Lock' object does not support the context manager protocol
127.0.0.1 - - [30/Nov/2025 21:54:23] "[35m[1mPOST /perplexity HTTP/1.1[0m" 500 -
[2025-11-30 21:54:23,549] ERROR in app: Exception on /perplexity [POST]
Traceback (most recent call last):
  File "/lustre09/project/6032307/arnauddr/MiniCPBP/venv/lib/python3.11/site-packages/flask/app.py", line 1511, in wsgi_app
    response = self.full_dispatch_request()
               ^^^^^^^^^^^^^^^^^^^^^^^^^^^^
  File "/lustre09/project/6032307/arnauddr/MiniCPBP/venv/lib/python3.11/site-packages/flask/app.py", line 919, in full_dispatch_request
    rv = self.handle_user_exception(e)
         ^^^^^^^^^^^^^^^^^^^^^^^^^^^^^
  File "/lustre09/project/6032307/arnauddr/MiniCPBP/venv/lib/python3.11/site-packages/flask/app.py", line 917, in full_dispatch_request
    rv = self.dispatch_request()
         ^^^^^^^^^^^^^^^^^^^^^^^
  File "/lustre09/project/6032307/arnauddr/MiniCPBP/venv/lib/python3.11/site-packages/flask/app.py", line 902, in dispatch_request
    return self.ensure_sync(self.view_functions[rule.endpoint])(**view_args)  # type: ignore[no-any-return]
           ^^^^^^^^^^^^^^^^^^^^^^^^^^^^^^^^^^^^^^^^^^^^^^^^^^^^^^^^^^^^^^^^^
  File "/lustre09/project/6032307/arnauddr/MiniCPBP/server_mlm.py", line 147, in perplexity
    return {"perplexity": calculate_perplexity(sentence)}
                          ^^^^^^^^^^^^^^^^^^^^^^^^^^^^^^
  File "/lustre09/project/6032307/arnauddr/MiniCPBP/server_mlm.py", line 134, in calculate_perplexity
    with mutex:
TypeError: 'Lock' object does not support the context manager protocol
127.0.0.1 - - [30/Nov/2025 21:54:23] "[35m[1mPOST /perplexity HTTP/1.1[0m" 500 -
[2025-11-30 21:54:23,551] ERROR in app: Exception on /perplexity [POST]
Traceback (most recent call last):
  File "/lustre09/project/6032307/arnauddr/MiniCPBP/venv/lib/python3.11/site-packages/flask/app.py", line 1511, in wsgi_app
    response = self.full_dispatch_request()
               ^^^^^^^^^^^^^^^^^^^^^^^^^^^^
  File "/lustre09/project/6032307/arnauddr/MiniCPBP/venv/lib/python3.11/site-packages/flask/app.py", line 919, in full_dispatch_request
    rv = self.handle_user_exception(e)
         ^^^^^^^^^^^^^^^^^^^^^^^^^^^^^
  File "/lustre09/project/6032307/arnauddr/MiniCPBP/venv/lib/python3.11/site-packages/flask/app.py", line 917, in full_dispatch_request
    rv = self.dispatch_request()
         ^^^^^^^^^^^^^^^^^^^^^^^
  File "/lustre09/project/6032307/arnauddr/MiniCPBP/venv/lib/python3.11/site-packages/flask/app.py", line 902, in dispatch_request
    return self.ensure_sync(self.view_functions[rule.endpoint])(**view_args)  # type: ignore[no-any-return]
           ^^^^^^^^^^^^^^^^^^^^^^^^^^^^^^^^^^^^^^^^^^^^^^^^^^^^^^^^^^^^^^^^^
  File "/lustre09/project/6032307/arnauddr/MiniCPBP/server_mlm.py", line 147, in perplexity
    return {"perplexity": calculate_perplexity(sentence)}
                          ^^^^^^^^^^^^^^^^^^^^^^^^^^^^^^
  File "/lustre09/project/6032307/arnauddr/MiniCPBP/server_mlm.py", line 134, in calculate_perplexity
    with mutex:
TypeError: 'Lock' object does not support the context manager protocol
127.0.0.1 - - [30/Nov/2025 21:54:23] "[35m[1mPOST /perplexity HTTP/1.1[0m" 500 -
[2025-11-30 21:54:23,575] ERROR in app: Exception on /perplexity [POST]
Traceback (most recent call last):
  File "/lustre09/project/6032307/arnauddr/MiniCPBP/venv/lib/python3.11/site-packages/flask/app.py", line 1511, in wsgi_app
    response = self.full_dispatch_request()
               ^^^^^^^^^^^^^^^^^^^^^^^^^^^^
  File "/lustre09/project/6032307/arnauddr/MiniCPBP/venv/lib/python3.11/site-packages/flask/app.py", line 919, in full_dispatch_request
    rv = self.handle_user_exception(e)
         ^^^^^^^^^^^^^^^^^^^^^^^^^^^^^
  File "/lustre09/project/6032307/arnauddr/MiniCPBP/venv/lib/python3.11/site-packages/flask/app.py", line 917, in full_dispatch_request
    rv = self.dispatch_request()
         ^^^^^^^^^^^^^^^^^^^^^^^
  File "/lustre09/project/6032307/arnauddr/MiniCPBP/venv/lib/python3.11/site-packages/flask/app.py", line 902, in dispatch_request
    return self.ensure_sync(self.view_functions[rule.endpoint])(**view_args)  # type: ignore[no-any-return]
           ^^^^^^^^^^^^^^^^^^^^^^^^^^^^^^^^^^^^^^^^^^^^^^^^^^^^^^^^^^^^^^^^^
  File "/lustre09/project/6032307/arnauddr/MiniCPBP/server_mlm.py", line 147, in perplexity
    return {"perplexity": calculate_perplexity(sentence)}
                          ^^^^^^^^^^^^^^^^^^^^^^^^^^^^^^
  File "/lustre09/project/6032307/arnauddr/MiniCPBP/server_mlm.py", line 134, in calculate_perplexity
    with mutex:
TypeError: 'Lock' object does not support the context manager protocol
127.0.0.1 - - [30/Nov/2025 21:54:23] "[35m[1mPOST /perplexity HTTP/1.1[0m" 500 -
[2025-11-30 21:54:23,580] ERROR in app: Exception on /perplexity [POST]
Traceback (most recent call last):
  File "/lustre09/project/6032307/arnauddr/MiniCPBP/venv/lib/python3.11/site-packages/flask/app.py", line 1511, in wsgi_app
    response = self.full_dispatch_request()
               ^^^^^^^^^^^^^^^^^^^^^^^^^^^^
  File "/lustre09/project/6032307/arnauddr/MiniCPBP/venv/lib/python3.11/site-packages/flask/app.py", line 919, in full_dispatch_request
    rv = self.handle_user_exception(e)
         ^^^^^^^^^^^^^^^^^^^^^^^^^^^^^
  File "/lustre09/project/6032307/arnauddr/MiniCPBP/venv/lib/python3.11/site-packages/flask/app.py", line 917, in full_dispatch_request
    rv = self.dispatch_request()
         ^^^^^^^^^^^^^^^^^^^^^^^
  File "/lustre09/project/6032307/arnauddr/MiniCPBP/venv/lib/python3.11/site-packages/flask/app.py", line 902, in dispatch_request
    return self.ensure_sync(self.view_functions[rule.endpoint])(**view_args)  # type: ignore[no-any-return]
           ^^^^^^^^^^^^^^^^^^^^^^^^^^^^^^^^^^^^^^^^^^^^^^^^^^^^^^^^^^^^^^^^^
  File "/lustre09/project/6032307/arnauddr/MiniCPBP/server_mlm.py", line 147, in perplexity
    return {"perplexity": calculate_perplexity(sentence)}
                          ^^^^^^^^^^^^^^^^^^^^^^^^^^^^^^
  File "/lustre09/project/6032307/arnauddr/MiniCPBP/server_mlm.py", line 134, in calculate_perplexity
    with mutex:
TypeError: 'Lock' object does not support the context manager protocol
127.0.0.1 - - [30/Nov/2025 21:54:23] "[35m[1mPOST /perplexity HTTP/1.1[0m" 500 -
[2025-11-30 21:54:23,607] ERROR in app: Exception on /perplexity [POST]
Traceback (most recent call last):
  File "/lustre09/project/6032307/arnauddr/MiniCPBP/venv/lib/python3.11/site-packages/flask/app.py", line 1511, in wsgi_app
    response = self.full_dispatch_request()
               ^^^^^^^^^^^^^^^^^^^^^^^^^^^^
  File "/lustre09/project/6032307/arnauddr/MiniCPBP/venv/lib/python3.11/site-packages/flask/app.py", line 919, in full_dispatch_request
    rv = self.handle_user_exception(e)
         ^^^^^^^^^^^^^^^^^^^^^^^^^^^^^
  File "/lustre09/project/6032307/arnauddr/MiniCPBP/venv/lib/python3.11/site-packages/flask/app.py", line 917, in full_dispatch_request
    rv = self.dispatch_request()
         ^^^^^^^^^^^^^^^^^^^^^^^
  File "/lustre09/project/6032307/arnauddr/MiniCPBP/venv/lib/python3.11/site-packages/flask/app.py", line 902, in dispatch_request
    return self.ensure_sync(self.view_functions[rule.endpoint])(**view_args)  # type: ignore[no-any-return]
           ^^^^^^^^^^^^^^^^^^^^^^^^^^^^^^^^^^^^^^^^^^^^^^^^^^^^^^^^^^^^^^^^^
  File "/lustre09/project/6032307/arnauddr/MiniCPBP/server_mlm.py", line 147, in perplexity
    return {"perplexity": calculate_perplexity(sentence)}
                          ^^^^^^^^^^^^^^^^^^^^^^^^^^^^^^
  File "/lustre09/project/6032307/arnauddr/MiniCPBP/server_mlm.py", line 134, in calculate_perplexity
    with mutex:
TypeError: 'Lock' object does not support the context manager protocol
127.0.0.1 - - [30/Nov/2025 21:54:23] "[35m[1mPOST /perplexity HTTP/1.1[0m" 500 -
[2025-11-30 21:54:23,611] ERROR in app: Exception on /perplexity [POST]
Traceback (most recent call last):
  File "/lustre09/project/6032307/arnauddr/MiniCPBP/venv/lib/python3.11/site-packages/flask/app.py", line 1511, in wsgi_app
    response = self.full_dispatch_request()
               ^^^^^^^^^^^^^^^^^^^^^^^^^^^^
  File "/lustre09/project/6032307/arnauddr/MiniCPBP/venv/lib/python3.11/site-packages/flask/app.py", line 919, in full_dispatch_request
    rv = self.handle_user_exception(e)
         ^^^^^^^^^^^^^^^^^^^^^^^^^^^^^
  File "/lustre09/project/6032307/arnauddr/MiniCPBP/venv/lib/python3.11/site-packages/flask/app.py", line 917, in full_dispatch_request
    rv = self.dispatch_request()
         ^^^^^^^^^^^^^^^^^^^^^^^
  File "/lustre09/project/6032307/arnauddr/MiniCPBP/venv/lib/python3.11/site-packages/flask/app.py", line 902, in dispatch_request
    return self.ensure_sync(self.view_functions[rule.endpoint])(**view_args)  # type: ignore[no-any-return]
           ^^^^^^^^^^^^^^^^^^^^^^^^^^^^^^^^^^^^^^^^^^^^^^^^^^^^^^^^^^^^^^^^^
  File "/lustre09/project/6032307/arnauddr/MiniCPBP/server_mlm.py", line 147, in perplexity
    return {"perplexity": calculate_perplexity(sentence)}
                          ^^^^^^^^^^^^^^^^^^^^^^^^^^^^^^
  File "/lustre09/project/6032307/arnauddr/MiniCPBP/server_mlm.py", line 134, in calculate_perplexity
    with mutex:
TypeError: 'Lock' object does not support the context manager protocol
127.0.0.1 - - [30/Nov/2025 21:54:23] "[35m[1mPOST /perplexity HTTP/1.1[0m" 500 -
[2025-11-30 21:54:23,619] ERROR in app: Exception on /perplexity [POST]
Traceback (most recent call last):
  File "/lustre09/project/6032307/arnauddr/MiniCPBP/venv/lib/python3.11/site-packages/flask/app.py", line 1511, in wsgi_app
    response = self.full_dispatch_request()
               ^^^^^^^^^^^^^^^^^^^^^^^^^^^^
  File "/lustre09/project/6032307/arnauddr/MiniCPBP/venv/lib/python3.11/site-packages/flask/app.py", line 919, in full_dispatch_request
    rv = self.handle_user_exception(e)
         ^^^^^^^^^^^^^^^^^^^^^^^^^^^^^
  File "/lustre09/project/6032307/arnauddr/MiniCPBP/venv/lib/python3.11/site-packages/flask/app.py", line 917, in full_dispatch_request
    rv = self.dispatch_request()
         ^^^^^^^^^^^^^^^^^^^^^^^
  File "/lustre09/project/6032307/arnauddr/MiniCPBP/venv/lib/python3.11/site-packages/flask/app.py", line 902, in dispatch_request
    return self.ensure_sync(self.view_functions[rule.endpoint])(**view_args)  # type: ignore[no-any-return]
           ^^^^^^^^^^^^^^^^^^^^^^^^^^^^^^^^^^^^^^^^^^^^^^^^^^^^^^^^^^^^^^^^^
  File "/lustre09/project/6032307/arnauddr/MiniCPBP/server_mlm.py", line 147, in perplexity
    return {"perplexity": calculate_perplexity(sentence)}
                          ^^^^^^^^^^^^^^^^^^^^^^^^^^^^^^
  File "/lustre09/project/6032307/arnauddr/MiniCPBP/server_mlm.py", line 134, in calculate_perplexity
    with mutex:
TypeError: 'Lock' object does not support the context manager protocol
127.0.0.1 - - [30/Nov/2025 21:54:23] "[35m[1mPOST /perplexity HTTP/1.1[0m" 500 -
[2025-11-30 21:54:23,621] ERROR in app: Exception on /perplexity [POST]
Traceback (most recent call last):
  File "/lustre09/project/6032307/arnauddr/MiniCPBP/venv/lib/python3.11/site-packages/flask/app.py", line 1511, in wsgi_app
    response = self.full_dispatch_request()
               ^^^^^^^^^^^^^^^^^^^^^^^^^^^^
  File "/lustre09/project/6032307/arnauddr/MiniCPBP/venv/lib/python3.11/site-packages/flask/app.py", line 919, in full_dispatch_request
    rv = self.handle_user_exception(e)
         ^^^^^^^^^^^^^^^^^^^^^^^^^^^^^
  File "/lustre09/project/6032307/arnauddr/MiniCPBP/venv/lib/python3.11/site-packages/flask/app.py", line 917, in full_dispatch_request
    rv = self.dispatch_request()
         ^^^^^^^^^^^^^^^^^^^^^^^
  File "/lustre09/project/6032307/arnauddr/MiniCPBP/venv/lib/python3.11/site-packages/flask/app.py", line 902, in dispatch_request
    return self.ensure_sync(self.view_functions[rule.endpoint])(**view_args)  # type: ignore[no-any-return]
           ^^^^^^^^^^^^^^^^^^^^^^^^^^^^^^^^^^^^^^^^^^^^^^^^^^^^^^^^^^^^^^^^^
  File "/lustre09/project/6032307/arnauddr/MiniCPBP/server_mlm.py", line 147, in perplexity
    return {"perplexity": calculate_perplexity(sentence)}
                          ^^^^^^^^^^^^^^^^^^^^^^^^^^^^^^
  File "/lustre09/project/6032307/arnauddr/MiniCPBP/server_mlm.py", line 134, in calculate_perplexity
    with mutex:
TypeError: 'Lock' object does not support the context manager protocol
127.0.0.1 - - [30/Nov/2025 21:54:23] "[35m[1mPOST /perplexity HTTP/1.1[0m" 500 -
[2025-11-30 21:54:23,630] ERROR in app: Exception on /perplexity [POST]
Traceback (most recent call last):
  File "/lustre09/project/6032307/arnauddr/MiniCPBP/venv/lib/python3.11/site-packages/flask/app.py", line 1511, in wsgi_app
    response = self.full_dispatch_request()
               ^^^^^^^^^^^^^^^^^^^^^^^^^^^^
  File "/lustre09/project/6032307/arnauddr/MiniCPBP/venv/lib/python3.11/site-packages/flask/app.py", line 919, in full_dispatch_request
    rv = self.handle_user_exception(e)
         ^^^^^^^^^^^^^^^^^^^^^^^^^^^^^
  File "/lustre09/project/6032307/arnauddr/MiniCPBP/venv/lib/python3.11/site-packages/flask/app.py", line 917, in full_dispatch_request
    rv = self.dispatch_request()
         ^^^^^^^^^^^^^^^^^^^^^^^
  File "/lustre09/project/6032307/arnauddr/MiniCPBP/venv/lib/python3.11/site-packages/flask/app.py", line 902, in dispatch_request
    return self.ensure_sync(self.view_functions[rule.endpoint])(**view_args)  # type: ignore[no-any-return]
           ^^^^^^^^^^^^^^^^^^^^^^^^^^^^^^^^^^^^^^^^^^^^^^^^^^^^^^^^^^^^^^^^^
  File "/lustre09/project/6032307/arnauddr/MiniCPBP/server_mlm.py", line 147, in perplexity
    return {"perplexity": calculate_perplexity(sentence)}
                          ^^^^^^^^^^^^^^^^^^^^^^^^^^^^^^
  File "/lustre09/project/6032307/arnauddr/MiniCPBP/server_mlm.py", line 134, in calculate_perplexity
    with mutex:
TypeError: 'Lock' object does not support the context manager protocol
127.0.0.1 - - [30/Nov/2025 21:54:23] "[35m[1mPOST /perplexity HTTP/1.1[0m" 500 -
[2025-11-30 21:54:23,636] ERROR in app: Exception on /perplexity [POST]
Traceback (most recent call last):
  File "/lustre09/project/6032307/arnauddr/MiniCPBP/venv/lib/python3.11/site-packages/flask/app.py", line 1511, in wsgi_app
    response = self.full_dispatch_request()
               ^^^^^^^^^^^^^^^^^^^^^^^^^^^^
  File "/lustre09/project/6032307/arnauddr/MiniCPBP/venv/lib/python3.11/site-packages/flask/app.py", line 919, in full_dispatch_request
    rv = self.handle_user_exception(e)
         ^^^^^^^^^^^^^^^^^^^^^^^^^^^^^
  File "/lustre09/project/6032307/arnauddr/MiniCPBP/venv/lib/python3.11/site-packages/flask/app.py", line 917, in full_dispatch_request
    rv = self.dispatch_request()
         ^^^^^^^^^^^^^^^^^^^^^^^
  File "/lustre09/project/6032307/arnauddr/MiniCPBP/venv/lib/python3.11/site-packages/flask/app.py", line 902, in dispatch_request
    return self.ensure_sync(self.view_functions[rule.endpoint])(**view_args)  # type: ignore[no-any-return]
           ^^^^^^^^^^^^^^^^^^^^^^^^^^^^^^^^^^^^^^^^^^^^^^^^^^^^^^^^^^^^^^^^^
  File "/lustre09/project/6032307/arnauddr/MiniCPBP/server_mlm.py", line 147, in perplexity
    return {"perplexity": calculate_perplexity(sentence)}
                          ^^^^^^^^^^^^^^^^^^^^^^^^^^^^^^
  File "/lustre09/project/6032307/arnauddr/MiniCPBP/server_mlm.py", line 134, in calculate_perplexity
    with mutex:
TypeError: 'Lock' object does not support the context manager protocol
127.0.0.1 - - [30/Nov/2025 21:54:23] "[35m[1mPOST /perplexity HTTP/1.1[0m" 500 -
[2025-11-30 21:54:23,652] ERROR in app: Exception on /perplexity [POST]
Traceback (most recent call last):
  File "/lustre09/project/6032307/arnauddr/MiniCPBP/venv/lib/python3.11/site-packages/flask/app.py", line 1511, in wsgi_app
    response = self.full_dispatch_request()
               ^^^^^^^^^^^^^^^^^^^^^^^^^^^^
  File "/lustre09/project/6032307/arnauddr/MiniCPBP/venv/lib/python3.11/site-packages/flask/app.py", line 919, in full_dispatch_request
    rv = self.handle_user_exception(e)
         ^^^^^^^^^^^^^^^^^^^^^^^^^^^^^
  File "/lustre09/project/6032307/arnauddr/MiniCPBP/venv/lib/python3.11/site-packages/flask/app.py", line 917, in full_dispatch_request
    rv = self.dispatch_request()
         ^^^^^^^^^^^^^^^^^^^^^^^
  File "/lustre09/project/6032307/arnauddr/MiniCPBP/venv/lib/python3.11/site-packages/flask/app.py", line 902, in dispatch_request
    return self.ensure_sync(self.view_functions[rule.endpoint])(**view_args)  # type: ignore[no-any-return]
           ^^^^^^^^^^^^^^^^^^^^^^^^^^^^^^^^^^^^^^^^^^^^^^^^^^^^^^^^^^^^^^^^^
  File "/lustre09/project/6032307/arnauddr/MiniCPBP/server_mlm.py", line 147, in perplexity
    return {"perplexity": calculate_perplexity(sentence)}
                          ^^^^^^^^^^^^^^^^^^^^^^^^^^^^^^
  File "/lustre09/project/6032307/arnauddr/MiniCPBP/server_mlm.py", line 134, in calculate_perplexity
    with mutex:
TypeError: 'Lock' object does not support the context manager protocol
127.0.0.1 - - [30/Nov/2025 21:54:23] "[35m[1mPOST /perplexity HTTP/1.1[0m" 500 -
[2025-11-30 21:54:23,664] ERROR in app: Exception on /perplexity [POST]
Traceback (most recent call last):
  File "/lustre09/project/6032307/arnauddr/MiniCPBP/venv/lib/python3.11/site-packages/flask/app.py", line 1511, in wsgi_app
    response = self.full_dispatch_request()
               ^^^^^^^^^^^^^^^^^^^^^^^^^^^^
  File "/lustre09/project/6032307/arnauddr/MiniCPBP/venv/lib/python3.11/site-packages/flask/app.py", line 919, in full_dispatch_request
    rv = self.handle_user_exception(e)
         ^^^^^^^^^^^^^^^^^^^^^^^^^^^^^
  File "/lustre09/project/6032307/arnauddr/MiniCPBP/venv/lib/python3.11/site-packages/flask/app.py", line 917, in full_dispatch_request
    rv = self.dispatch_request()
         ^^^^^^^^^^^^^^^^^^^^^^^
  File "/lustre09/project/6032307/arnauddr/MiniCPBP/venv/lib/python3.11/site-packages/flask/app.py", line 902, in dispatch_request
    return self.ensure_sync(self.view_functions[rule.endpoint])(**view_args)  # type: ignore[no-any-return]
           ^^^^^^^^^^^^^^^^^^^^^^^^^^^^^^^^^^^^^^^^^^^^^^^^^^^^^^^^^^^^^^^^^
  File "/lustre09/project/6032307/arnauddr/MiniCPBP/server_mlm.py", line 147, in perplexity
    return {"perplexity": calculate_perplexity(sentence)}
                          ^^^^^^^^^^^^^^^^^^^^^^^^^^^^^^
  File "/lustre09/project/6032307/arnauddr/MiniCPBP/server_mlm.py", line 134, in calculate_perplexity
    with mutex:
TypeError: 'Lock' object does not support the context manager protocol
127.0.0.1 - - [30/Nov/2025 21:54:23] "[35m[1mPOST /perplexity HTTP/1.1[0m" 500 -
[2025-11-30 21:54:23,691] ERROR in app: Exception on /perplexity [POST]
Traceback (most recent call last):
  File "/lustre09/project/6032307/arnauddr/MiniCPBP/venv/lib/python3.11/site-packages/flask/app.py", line 1511, in wsgi_app
    response = self.full_dispatch_request()
               ^^^^^^^^^^^^^^^^^^^^^^^^^^^^
  File "/lustre09/project/6032307/arnauddr/MiniCPBP/venv/lib/python3.11/site-packages/flask/app.py", line 919, in full_dispatch_request
    rv = self.handle_user_exception(e)
         ^^^^^^^^^^^^^^^^^^^^^^^^^^^^^
  File "/lustre09/project/6032307/arnauddr/MiniCPBP/venv/lib/python3.11/site-packages/flask/app.py", line 917, in full_dispatch_request
    rv = self.dispatch_request()
         ^^^^^^^^^^^^^^^^^^^^^^^
  File "/lustre09/project/6032307/arnauddr/MiniCPBP/venv/lib/python3.11/site-packages/flask/app.py", line 902, in dispatch_request
    return self.ensure_sync(self.view_functions[rule.endpoint])(**view_args)  # type: ignore[no-any-return]
           ^^^^^^^^^^^^^^^^^^^^^^^^^^^^^^^^^^^^^^^^^^^^^^^^^^^^^^^^^^^^^^^^^
  File "/lustre09/project/6032307/arnauddr/MiniCPBP/server_mlm.py", line 147, in perplexity
    return {"perplexity": calculate_perplexity(sentence)}
                          ^^^^^^^^^^^^^^^^^^^^^^^^^^^^^^
  File "/lustre09/project/6032307/arnauddr/MiniCPBP/server_mlm.py", line 134, in calculate_perplexity
    with mutex:
TypeError: 'Lock' object does not support the context manager protocol
127.0.0.1 - - [30/Nov/2025 21:54:23] "[35m[1mPOST /perplexity HTTP/1.1[0m" 500 -
[2025-11-30 21:54:23,700] ERROR in app: Exception on /perplexity [POST]
Traceback (most recent call last):
  File "/lustre09/project/6032307/arnauddr/MiniCPBP/venv/lib/python3.11/site-packages/flask/app.py", line 1511, in wsgi_app
    response = self.full_dispatch_request()
               ^^^^^^^^^^^^^^^^^^^^^^^^^^^^
  File "/lustre09/project/6032307/arnauddr/MiniCPBP/venv/lib/python3.11/site-packages/flask/app.py", line 919, in full_dispatch_request
    rv = self.handle_user_exception(e)
         ^^^^^^^^^^^^^^^^^^^^^^^^^^^^^
  File "/lustre09/project/6032307/arnauddr/MiniCPBP/venv/lib/python3.11/site-packages/flask/app.py", line 917, in full_dispatch_request
    rv = self.dispatch_request()
         ^^^^^^^^^^^^^^^^^^^^^^^
  File "/lustre09/project/6032307/arnauddr/MiniCPBP/venv/lib/python3.11/site-packages/flask/app.py", line 902, in dispatch_request
    return self.ensure_sync(self.view_functions[rule.endpoint])(**view_args)  # type: ignore[no-any-return]
           ^^^^^^^^^^^^^^^^^^^^^^^^^^^^^^^^^^^^^^^^^^^^^^^^^^^^^^^^^^^^^^^^^
  File "/lustre09/project/6032307/arnauddr/MiniCPBP/server_mlm.py", line 147, in perplexity
    return {"perplexity": calculate_perplexity(sentence)}
                          ^^^^^^^^^^^^^^^^^^^^^^^^^^^^^^
  File "/lustre09/project/6032307/arnauddr/MiniCPBP/server_mlm.py", line 134, in calculate_perplexity
    with mutex:
TypeError: 'Lock' object does not support the context manager protocol
127.0.0.1 - - [30/Nov/2025 21:54:23] "[35m[1mPOST /perplexity HTTP/1.1[0m" 500 -
[2025-11-30 21:54:23,710] ERROR in app: Exception on /perplexity [POST]
Traceback (most recent call last):
  File "/lustre09/project/6032307/arnauddr/MiniCPBP/venv/lib/python3.11/site-packages/flask/app.py", line 1511, in wsgi_app
    response = self.full_dispatch_request()
               ^^^^^^^^^^^^^^^^^^^^^^^^^^^^
  File "/lustre09/project/6032307/arnauddr/MiniCPBP/venv/lib/python3.11/site-packages/flask/app.py", line 919, in full_dispatch_request
    rv = self.handle_user_exception(e)
         ^^^^^^^^^^^^^^^^^^^^^^^^^^^^^
  File "/lustre09/project/6032307/arnauddr/MiniCPBP/venv/lib/python3.11/site-packages/flask/app.py", line 917, in full_dispatch_request
    rv = self.dispatch_request()
         ^^^^^^^^^^^^^^^^^^^^^^^
  File "/lustre09/project/6032307/arnauddr/MiniCPBP/venv/lib/python3.11/site-packages/flask/app.py", line 902, in dispatch_request
    return self.ensure_sync(self.view_functions[rule.endpoint])(**view_args)  # type: ignore[no-any-return]
           ^^^^^^^^^^^^^^^^^^^^^^^^^^^^^^^^^^^^^^^^^^^^^^^^^^^^^^^^^^^^^^^^^
  File "/lustre09/project/6032307/arnauddr/MiniCPBP/server_mlm.py", line 147, in perplexity
    return {"perplexity": calculate_perplexity(sentence)}
                          ^^^^^^^^^^^^^^^^^^^^^^^^^^^^^^
  File "/lustre09/project/6032307/arnauddr/MiniCPBP/server_mlm.py", line 134, in calculate_perplexity
    with mutex:
TypeError: 'Lock' object does not support the context manager protocol
127.0.0.1 - - [30/Nov/2025 21:54:23] "[35m[1mPOST /perplexity HTTP/1.1[0m" 500 -
[2025-11-30 21:54:23,711] ERROR in app: Exception on /perplexity [POST]
Traceback (most recent call last):
  File "/lustre09/project/6032307/arnauddr/MiniCPBP/venv/lib/python3.11/site-packages/flask/app.py", line 1511, in wsgi_app
    response = self.full_dispatch_request()
               ^^^^^^^^^^^^^^^^^^^^^^^^^^^^
  File "/lustre09/project/6032307/arnauddr/MiniCPBP/venv/lib/python3.11/site-packages/flask/app.py", line 919, in full_dispatch_request
    rv = self.handle_user_exception(e)
         ^^^^^^^^^^^^^^^^^^^^^^^^^^^^^
  File "/lustre09/project/6032307/arnauddr/MiniCPBP/venv/lib/python3.11/site-packages/flask/app.py", line 917, in full_dispatch_request
    rv = self.dispatch_request()
         ^^^^^^^^^^^^^^^^^^^^^^^
  File "/lustre09/project/6032307/arnauddr/MiniCPBP/venv/lib/python3.11/site-packages/flask/app.py", line 902, in dispatch_request
    return self.ensure_sync(self.view_functions[rule.endpoint])(**view_args)  # type: ignore[no-any-return]
           ^^^^^^^^^^^^^^^^^^^^^^^^^^^^^^^^^^^^^^^^^^^^^^^^^^^^^^^^^^^^^^^^^
  File "/lustre09/project/6032307/arnauddr/MiniCPBP/server_mlm.py", line 147, in perplexity
    return {"perplexity": calculate_perplexity(sentence)}
                          ^^^^^^^^^^^^^^^^^^^^^^^^^^^^^^
  File "/lustre09/project/6032307/arnauddr/MiniCPBP/server_mlm.py", line 134, in calculate_perplexity
    with mutex:
TypeError: 'Lock' object does not support the context manager protocol
127.0.0.1 - - [30/Nov/2025 21:54:23] "[35m[1mPOST /perplexity HTTP/1.1[0m" 500 -
[2025-11-30 21:54:23,735] ERROR in app: Exception on /perplexity [POST]
Traceback (most recent call last):
  File "/lustre09/project/6032307/arnauddr/MiniCPBP/venv/lib/python3.11/site-packages/flask/app.py", line 1511, in wsgi_app
    response = self.full_dispatch_request()
               ^^^^^^^^^^^^^^^^^^^^^^^^^^^^
  File "/lustre09/project/6032307/arnauddr/MiniCPBP/venv/lib/python3.11/site-packages/flask/app.py", line 919, in full_dispatch_request
    rv = self.handle_user_exception(e)
         ^^^^^^^^^^^^^^^^^^^^^^^^^^^^^
  File "/lustre09/project/6032307/arnauddr/MiniCPBP/venv/lib/python3.11/site-packages/flask/app.py", line 917, in full_dispatch_request
    rv = self.dispatch_request()
         ^^^^^^^^^^^^^^^^^^^^^^^
  File "/lustre09/project/6032307/arnauddr/MiniCPBP/venv/lib/python3.11/site-packages/flask/app.py", line 902, in dispatch_request
    return self.ensure_sync(self.view_functions[rule.endpoint])(**view_args)  # type: ignore[no-any-return]
           ^^^^^^^^^^^^^^^^^^^^^^^^^^^^^^^^^^^^^^^^^^^^^^^^^^^^^^^^^^^^^^^^^
  File "/lustre09/project/6032307/arnauddr/MiniCPBP/server_mlm.py", line 147, in perplexity
    return {"perplexity": calculate_perplexity(sentence)}
                          ^^^^^^^^^^^^^^^^^^^^^^^^^^^^^^
  File "/lustre09/project/6032307/arnauddr/MiniCPBP/server_mlm.py", line 134, in calculate_perplexity
    with mutex:
TypeError: 'Lock' object does not support the context manager protocol
127.0.0.1 - - [30/Nov/2025 21:54:23] "[35m[1mPOST /perplexity HTTP/1.1[0m" 500 -
[2025-11-30 21:54:23,738] ERROR in app: Exception on /perplexity [POST]
Traceback (most recent call last):
  File "/lustre09/project/6032307/arnauddr/MiniCPBP/venv/lib/python3.11/site-packages/flask/app.py", line 1511, in wsgi_app
    response = self.full_dispatch_request()
               ^^^^^^^^^^^^^^^^^^^^^^^^^^^^
  File "/lustre09/project/6032307/arnauddr/MiniCPBP/venv/lib/python3.11/site-packages/flask/app.py", line 919, in full_dispatch_request
    rv = self.handle_user_exception(e)
         ^^^^^^^^^^^^^^^^^^^^^^^^^^^^^
  File "/lustre09/project/6032307/arnauddr/MiniCPBP/venv/lib/python3.11/site-packages/flask/app.py", line 917, in full_dispatch_request
    rv = self.dispatch_request()
         ^^^^^^^^^^^^^^^^^^^^^^^
  File "/lustre09/project/6032307/arnauddr/MiniCPBP/venv/lib/python3.11/site-packages/flask/app.py", line 902, in dispatch_request
    return self.ensure_sync(self.view_functions[rule.endpoint])(**view_args)  # type: ignore[no-any-return]
           ^^^^^^^^^^^^^^^^^^^^^^^^^^^^^^^^^^^^^^^^^^^^^^^^^^^^^^^^^^^^^^^^^
  File "/lustre09/project/6032307/arnauddr/MiniCPBP/server_mlm.py", line 147, in perplexity
    return {"perplexity": calculate_perplexity(sentence)}
                          ^^^^^^^^^^^^^^^^^^^^^^^^^^^^^^
  File "/lustre09/project/6032307/arnauddr/MiniCPBP/server_mlm.py", line 134, in calculate_perplexity
    with mutex:
TypeError: 'Lock' object does not support the context manager protocol
127.0.0.1 - - [30/Nov/2025 21:54:23] "[35m[1mPOST /perplexity HTTP/1.1[0m" 500 -
[2025-11-30 21:54:23,740] ERROR in app: Exception on /perplexity [POST]
Traceback (most recent call last):
  File "/lustre09/project/6032307/arnauddr/MiniCPBP/venv/lib/python3.11/site-packages/flask/app.py", line 1511, in wsgi_app
    response = self.full_dispatch_request()
               ^^^^^^^^^^^^^^^^^^^^^^^^^^^^
  File "/lustre09/project/6032307/arnauddr/MiniCPBP/venv/lib/python3.11/site-packages/flask/app.py", line 919, in full_dispatch_request
    rv = self.handle_user_exception(e)
         ^^^^^^^^^^^^^^^^^^^^^^^^^^^^^
  File "/lustre09/project/6032307/arnauddr/MiniCPBP/venv/lib/python3.11/site-packages/flask/app.py", line 917, in full_dispatch_request
    rv = self.dispatch_request()
         ^^^^^^^^^^^^^^^^^^^^^^^
  File "/lustre09/project/6032307/arnauddr/MiniCPBP/venv/lib/python3.11/site-packages/flask/app.py", line 902, in dispatch_request
    return self.ensure_sync(self.view_functions[rule.endpoint])(**view_args)  # type: ignore[no-any-return]
           ^^^^^^^^^^^^^^^^^^^^^^^^^^^^^^^^^^^^^^^^^^^^^^^^^^^^^^^^^^^^^^^^^
  File "/lustre09/project/6032307/arnauddr/MiniCPBP/server_mlm.py", line 147, in perplexity
    return {"perplexity": calculate_perplexity(sentence)}
                          ^^^^^^^^^^^^^^^^^^^^^^^^^^^^^^
  File "/lustre09/project/6032307/arnauddr/MiniCPBP/server_mlm.py", line 134, in calculate_perplexity
    with mutex:
TypeError: 'Lock' object does not support the context manager protocol
127.0.0.1 - - [30/Nov/2025 21:54:23] "[35m[1mPOST /perplexity HTTP/1.1[0m" 500 -
[2025-11-30 21:54:23,762] ERROR in app: Exception on /perplexity [POST]
Traceback (most recent call last):
  File "/lustre09/project/6032307/arnauddr/MiniCPBP/venv/lib/python3.11/site-packages/flask/app.py", line 1511, in wsgi_app
    response = self.full_dispatch_request()
               ^^^^^^^^^^^^^^^^^^^^^^^^^^^^
  File "/lustre09/project/6032307/arnauddr/MiniCPBP/venv/lib/python3.11/site-packages/flask/app.py", line 919, in full_dispatch_request
    rv = self.handle_user_exception(e)
         ^^^^^^^^^^^^^^^^^^^^^^^^^^^^^
  File "/lustre09/project/6032307/arnauddr/MiniCPBP/venv/lib/python3.11/site-packages/flask/app.py", line 917, in full_dispatch_request
    rv = self.dispatch_request()
         ^^^^^^^^^^^^^^^^^^^^^^^
  File "/lustre09/project/6032307/arnauddr/MiniCPBP/venv/lib/python3.11/site-packages/flask/app.py", line 902, in dispatch_request
    return self.ensure_sync(self.view_functions[rule.endpoint])(**view_args)  # type: ignore[no-any-return]
           ^^^^^^^^^^^^^^^^^^^^^^^^^^^^^^^^^^^^^^^^^^^^^^^^^^^^^^^^^^^^^^^^^
  File "/lustre09/project/6032307/arnauddr/MiniCPBP/server_mlm.py", line 147, in perplexity
    return {"perplexity": calculate_perplexity(sentence)}
                          ^^^^^^^^^^^^^^^^^^^^^^^^^^^^^^
  File "/lustre09/project/6032307/arnauddr/MiniCPBP/server_mlm.py", line 134, in calculate_perplexity
    with mutex:
TypeError: 'Lock' object does not support the context manager protocol
127.0.0.1 - - [30/Nov/2025 21:54:23] "[35m[1mPOST /perplexity HTTP/1.1[0m" 500 -
[2025-11-30 21:54:23,776] ERROR in app: Exception on /perplexity [POST]
Traceback (most recent call last):
  File "/lustre09/project/6032307/arnauddr/MiniCPBP/venv/lib/python3.11/site-packages/flask/app.py", line 1511, in wsgi_app
    response = self.full_dispatch_request()
               ^^^^^^^^^^^^^^^^^^^^^^^^^^^^
  File "/lustre09/project/6032307/arnauddr/MiniCPBP/venv/lib/python3.11/site-packages/flask/app.py", line 919, in full_dispatch_request
    rv = self.handle_user_exception(e)
         ^^^^^^^^^^^^^^^^^^^^^^^^^^^^^
  File "/lustre09/project/6032307/arnauddr/MiniCPBP/venv/lib/python3.11/site-packages/flask/app.py", line 917, in full_dispatch_request
    rv = self.dispatch_request()
         ^^^^^^^^^^^^^^^^^^^^^^^
  File "/lustre09/project/6032307/arnauddr/MiniCPBP/venv/lib/python3.11/site-packages/flask/app.py", line 902, in dispatch_request
    return self.ensure_sync(self.view_functions[rule.endpoint])(**view_args)  # type: ignore[no-any-return]
           ^^^^^^^^^^^^^^^^^^^^^^^^^^^^^^^^^^^^^^^^^^^^^^^^^^^^^^^^^^^^^^^^^
  File "/lustre09/project/6032307/arnauddr/MiniCPBP/server_mlm.py", line 147, in perplexity
    return {"perplexity": calculate_perplexity(sentence)}
                          ^^^^^^^^^^^^^^^^^^^^^^^^^^^^^^
  File "/lustre09/project/6032307/arnauddr/MiniCPBP/server_mlm.py", line 134, in calculate_perplexity
    with mutex:
TypeError: 'Lock' object does not support the context manager protocol
127.0.0.1 - - [30/Nov/2025 21:54:23] "[35m[1mPOST /perplexity HTTP/1.1[0m" 500 -
[2025-11-30 21:54:23,804] ERROR in app: Exception on /perplexity [POST]
Traceback (most recent call last):
  File "/lustre09/project/6032307/arnauddr/MiniCPBP/venv/lib/python3.11/site-packages/flask/app.py", line 1511, in wsgi_app
    response = self.full_dispatch_request()
               ^^^^^^^^^^^^^^^^^^^^^^^^^^^^
  File "/lustre09/project/6032307/arnauddr/MiniCPBP/venv/lib/python3.11/site-packages/flask/app.py", line 919, in full_dispatch_request
    rv = self.handle_user_exception(e)
         ^^^^^^^^^^^^^^^^^^^^^^^^^^^^^
  File "/lustre09/project/6032307/arnauddr/MiniCPBP/venv/lib/python3.11/site-packages/flask/app.py", line 917, in full_dispatch_request
    rv = self.dispatch_request()
         ^^^^^^^^^^^^^^^^^^^^^^^
  File "/lustre09/project/6032307/arnauddr/MiniCPBP/venv/lib/python3.11/site-packages/flask/app.py", line 902, in dispatch_request
    return self.ensure_sync(self.view_functions[rule.endpoint])(**view_args)  # type: ignore[no-any-return]
           ^^^^^^^^^^^^^^^^^^^^^^^^^^^^^^^^^^^^^^^^^^^^^^^^^^^^^^^^^^^^^^^^^
  File "/lustre09/project/6032307/arnauddr/MiniCPBP/server_mlm.py", line 147, in perplexity
    return {"perplexity": calculate_perplexity(sentence)}
                          ^^^^^^^^^^^^^^^^^^^^^^^^^^^^^^
  File "/lustre09/project/6032307/arnauddr/MiniCPBP/server_mlm.py", line 134, in calculate_perplexity
    with mutex:
TypeError: 'Lock' object does not support the context manager protocol
[2025-11-30 21:54:23,805] ERROR in app: Exception on /perplexity [POST]
Traceback (most recent call last):
  File "/lustre09/project/6032307/arnauddr/MiniCPBP/venv/lib/python3.11/site-packages/flask/app.py", line 1511, in wsgi_app
    response = self.full_dispatch_request()
               ^^^^^^^^^^^^^^^^^^^^^^^^^^^^
  File "/lustre09/project/6032307/arnauddr/MiniCPBP/venv/lib/python3.11/site-packages/flask/app.py", line 919, in full_dispatch_request
    rv = self.handle_user_exception(e)
         ^^^^^^^^^^^^^^^^^^^^^^^^^^^^^
  File "/lustre09/project/6032307/arnauddr/MiniCPBP/venv/lib/python3.11/site-packages/flask/app.py", line 917, in full_dispatch_request
    rv = self.dispatch_request()
         ^^^^^^^^^^^^^^^^^^^^^^^
  File "/lustre09/project/6032307/arnauddr/MiniCPBP/venv/lib/python3.11/site-packages/flask/app.py", line 902, in dispatch_request
    return self.ensure_sync(self.view_functions[rule.endpoint])(**view_args)  # type: ignore[no-any-return]
           ^^^^^^^^^^^^^^^^^^^^^^^^^^^^^^^^^^^^^^^^^^^^^^^^^^^^^^^^^^^^^^^^^
  File "/lustre09/project/6032307/arnauddr/MiniCPBP/server_mlm.py", line 147, in perplexity
    return {"perplexity": calculate_perplexity(sentence)}
                          ^^^^^^^^^^^^^^^^^^^^^^^^^^^^^^
  File "/lustre09/project/6032307/arnauddr/MiniCPBP/server_mlm.py", line 134, in calculate_perplexity
    with mutex:
TypeError: 'Lock' object does not support the context manager protocol
127.0.0.1 - - [30/Nov/2025 21:54:23] "[35m[1mPOST /perplexity HTTP/1.1[0m" 500 -
127.0.0.1 - - [30/Nov/2025 21:54:23] "[35m[1mPOST /perplexity HTTP/1.1[0m" 500 -
[2025-11-30 21:54:23,807] ERROR in app: Exception on /perplexity [POST]
Traceback (most recent call last):
  File "/lustre09/project/6032307/arnauddr/MiniCPBP/venv/lib/python3.11/site-packages/flask/app.py", line 1511, in wsgi_app
    response = self.full_dispatch_request()
               ^^^^^^^^^^^^^^^^^^^^^^^^^^^^
  File "/lustre09/project/6032307/arnauddr/MiniCPBP/venv/lib/python3.11/site-packages/flask/app.py", line 919, in full_dispatch_request
    rv = self.handle_user_exception(e)
         ^^^^^^^^^^^^^^^^^^^^^^^^^^^^^
  File "/lustre09/project/6032307/arnauddr/MiniCPBP/venv/lib/python3.11/site-packages/flask/app.py", line 917, in full_dispatch_request
    rv = self.dispatch_request()
         ^^^^^^^^^^^^^^^^^^^^^^^
  File "/lustre09/project/6032307/arnauddr/MiniCPBP/venv/lib/python3.11/site-packages/flask/app.py", line 902, in dispatch_request
    return self.ensure_sync(self.view_functions[rule.endpoint])(**view_args)  # type: ignore[no-any-return]
           ^^^^^^^^^^^^^^^^^^^^^^^^^^^^^^^^^^^^^^^^^^^^^^^^^^^^^^^^^^^^^^^^^
  File "/lustre09/project/6032307/arnauddr/MiniCPBP/server_mlm.py", line 147, in perplexity
    return {"perplexity": calculate_perplexity(sentence)}
                          ^^^^^^^^^^^^^^^^^^^^^^^^^^^^^^
  File "/lustre09/project/6032307/arnauddr/MiniCPBP/server_mlm.py", line 134, in calculate_perplexity
    with mutex:
TypeError: 'Lock' object does not support the context manager protocol
127.0.0.1 - - [30/Nov/2025 21:54:23] "[35m[1mPOST /perplexity HTTP/1.1[0m" 500 -
[2025-11-30 21:54:23,808] ERROR in app: Exception on /perplexity [POST]
Traceback (most recent call last):
  File "/lustre09/project/6032307/arnauddr/MiniCPBP/venv/lib/python3.11/site-packages/flask/app.py", line 1511, in wsgi_app
    response = self.full_dispatch_request()
               ^^^^^^^^^^^^^^^^^^^^^^^^^^^^
  File "/lustre09/project/6032307/arnauddr/MiniCPBP/venv/lib/python3.11/site-packages/flask/app.py", line 919, in full_dispatch_request
    rv = self.handle_user_exception(e)
         ^^^^^^^^^^^^^^^^^^^^^^^^^^^^^
  File "/lustre09/project/6032307/arnauddr/MiniCPBP/venv/lib/python3.11/site-packages/flask/app.py", line 917, in full_dispatch_request
    rv = self.dispatch_request()
         ^^^^^^^^^^^^^^^^^^^^^^^
  File "/lustre09/project/6032307/arnauddr/MiniCPBP/venv/lib/python3.11/site-packages/flask/app.py", line 902, in dispatch_request
    return self.ensure_sync(self.view_functions[rule.endpoint])(**view_args)  # type: ignore[no-any-return]
           ^^^^^^^^^^^^^^^^^^^^^^^^^^^^^^^^^^^^^^^^^^^^^^^^^^^^^^^^^^^^^^^^^
  File "/lustre09/project/6032307/arnauddr/MiniCPBP/server_mlm.py", line 147, in perplexity
    return {"perplexity": calculate_perplexity(sentence)}
                          ^^^^^^^^^^^^^^^^^^^^^^^^^^^^^^
  File "/lustre09/project/6032307/arnauddr/MiniCPBP/server_mlm.py", line 134, in calculate_perplexity
    with mutex:
TypeError: 'Lock' object does not support the context manager protocol
127.0.0.1 - - [30/Nov/2025 21:54:23] "[35m[1mPOST /perplexity HTTP/1.1[0m" 500 -
[2025-11-30 21:54:23,809] ERROR in app: Exception on /perplexity [POST]
Traceback (most recent call last):
  File "/lustre09/project/6032307/arnauddr/MiniCPBP/venv/lib/python3.11/site-packages/flask/app.py", line 1511, in wsgi_app
    response = self.full_dispatch_request()
               ^^^^^^^^^^^^^^^^^^^^^^^^^^^^
  File "/lustre09/project/6032307/arnauddr/MiniCPBP/venv/lib/python3.11/site-packages/flask/app.py", line 919, in full_dispatch_request
    rv = self.handle_user_exception(e)
         ^^^^^^^^^^^^^^^^^^^^^^^^^^^^^
  File "/lustre09/project/6032307/arnauddr/MiniCPBP/venv/lib/python3.11/site-packages/flask/app.py", line 917, in full_dispatch_request
    rv = self.dispatch_request()
         ^^^^^^^^^^^^^^^^^^^^^^^
  File "/lustre09/project/6032307/arnauddr/MiniCPBP/venv/lib/python3.11/site-packages/flask/app.py", line 902, in dispatch_request
    return self.ensure_sync(self.view_functions[rule.endpoint])(**view_args)  # type: ignore[no-any-return]
           ^^^^^^^^^^^^^^^^^^^^^^^^^^^^^^^^^^^^^^^^^^^^^^^^^^^^^^^^^^^^^^^^^
  File "/lustre09/project/6032307/arnauddr/MiniCPBP/server_mlm.py", line 147, in perplexity
    return {"perplexity": calculate_perplexity(sentence)}
                          ^^^^^^^^^^^^^^^^^^^^^^^^^^^^^^
  File "/lustre09/project/6032307/arnauddr/MiniCPBP/server_mlm.py", line 134, in calculate_perplexity
    with mutex:
TypeError: 'Lock' object does not support the context manager protocol
127.0.0.1 - - [30/Nov/2025 21:54:23] "[35m[1mPOST /perplexity HTTP/1.1[0m" 500 -
[2025-11-30 21:54:23,810] ERROR in app: Exception on /perplexity [POST]
Traceback (most recent call last):
  File "/lustre09/project/6032307/arnauddr/MiniCPBP/venv/lib/python3.11/site-packages/flask/app.py", line 1511, in wsgi_app
    response = self.full_dispatch_request()
               ^^^^^^^^^^^^^^^^^^^^^^^^^^^^
  File "/lustre09/project/6032307/arnauddr/MiniCPBP/venv/lib/python3.11/site-packages/flask/app.py", line 919, in full_dispatch_request
    rv = self.handle_user_exception(e)
         ^^^^^^^^^^^^^^^^^^^^^^^^^^^^^
  File "/lustre09/project/6032307/arnauddr/MiniCPBP/venv/lib/python3.11/site-packages/flask/app.py", line 917, in full_dispatch_request
    rv = self.dispatch_request()
         ^^^^^^^^^^^^^^^^^^^^^^^
  File "/lustre09/project/6032307/arnauddr/MiniCPBP/venv/lib/python3.11/site-packages/flask/app.py", line 902, in dispatch_request
    return self.ensure_sync(self.view_functions[rule.endpoint])(**view_args)  # type: ignore[no-any-return]
           ^^^^^^^^^^^^^^^^^^^^^^^^^^^^^^^^^^^^^^^^^^^^^^^^^^^^^^^^^^^^^^^^^
  File "/lustre09/project/6032307/arnauddr/MiniCPBP/server_mlm.py", line 147, in perplexity
    return {"perplexity": calculate_perplexity(sentence)}
                          ^^^^^^^^^^^^^^^^^^^^^^^^^^^^^^
  File "/lustre09/project/6032307/arnauddr/MiniCPBP/server_mlm.py", line 134, in calculate_perplexity
    with mutex:
TypeError: 'Lock' object does not support the context manager protocol
127.0.0.1 - - [30/Nov/2025 21:54:23] "[35m[1mPOST /perplexity HTTP/1.1[0m" 500 -
[2025-11-30 21:54:23,812] ERROR in app: Exception on /perplexity [POST]
Traceback (most recent call last):
  File "/lustre09/project/6032307/arnauddr/MiniCPBP/venv/lib/python3.11/site-packages/flask/app.py", line 1511, in wsgi_app
    response = self.full_dispatch_request()
               ^^^^^^^^^^^^^^^^^^^^^^^^^^^^
  File "/lustre09/project/6032307/arnauddr/MiniCPBP/venv/lib/python3.11/site-packages/flask/app.py", line 919, in full_dispatch_request
    rv = self.handle_user_exception(e)
         ^^^^^^^^^^^^^^^^^^^^^^^^^^^^^
  File "/lustre09/project/6032307/arnauddr/MiniCPBP/venv/lib/python3.11/site-packages/flask/app.py", line 917, in full_dispatch_request
    rv = self.dispatch_request()
         ^^^^^^^^^^^^^^^^^^^^^^^
  File "/lustre09/project/6032307/arnauddr/MiniCPBP/venv/lib/python3.11/site-packages/flask/app.py", line 902, in dispatch_request
    return self.ensure_sync(self.view_functions[rule.endpoint])(**view_args)  # type: ignore[no-any-return]
           ^^^^^^^^^^^^^^^^^^^^^^^^^^^^^^^^^^^^^^^^^^^^^^^^^^^^^^^^^^^^^^^^^
  File "/lustre09/project/6032307/arnauddr/MiniCPBP/server_mlm.py", line 147, in perplexity
    return {"perplexity": calculate_perplexity(sentence)}
                          ^^^^^^^^^^^^^^^^^^^^^^^^^^^^^^
  File "/lustre09/project/6032307/arnauddr/MiniCPBP/server_mlm.py", line 134, in calculate_perplexity
    with mutex:
TypeError: 'Lock' object does not support the context manager protocol
127.0.0.1 - - [30/Nov/2025 21:54:23] "[35m[1mPOST /perplexity HTTP/1.1[0m" 500 -
[2025-11-30 21:54:23,877] ERROR in app: Exception on /perplexity [POST]
Traceback (most recent call last):
  File "/lustre09/project/6032307/arnauddr/MiniCPBP/venv/lib/python3.11/site-packages/flask/app.py", line 1511, in wsgi_app
    response = self.full_dispatch_request()
               ^^^^^^^^^^^^^^^^^^^^^^^^^^^^
  File "/lustre09/project/6032307/arnauddr/MiniCPBP/venv/lib/python3.11/site-packages/flask/app.py", line 919, in full_dispatch_request
    rv = self.handle_user_exception(e)
         ^^^^^^^^^^^^^^^^^^^^^^^^^^^^^
  File "/lustre09/project/6032307/arnauddr/MiniCPBP/venv/lib/python3.11/site-packages/flask/app.py", line 917, in full_dispatch_request
    rv = self.dispatch_request()
         ^^^^^^^^^^^^^^^^^^^^^^^
  File "/lustre09/project/6032307/arnauddr/MiniCPBP/venv/lib/python3.11/site-packages/flask/app.py", line 902, in dispatch_request
    return self.ensure_sync(self.view_functions[rule.endpoint])(**view_args)  # type: ignore[no-any-return]
           ^^^^^^^^^^^^^^^^^^^^^^^^^^^^^^^^^^^^^^^^^^^^^^^^^^^^^^^^^^^^^^^^^
  File "/lustre09/project/6032307/arnauddr/MiniCPBP/server_mlm.py", line 147, in perplexity
    return {"perplexity": calculate_perplexity(sentence)}
                          ^^^^^^^^^^^^^^^^^^^^^^^^^^^^^^
  File "/lustre09/project/6032307/arnauddr/MiniCPBP/server_mlm.py", line 134, in calculate_perplexity
    with mutex:
TypeError: 'Lock' object does not support the context manager protocol
127.0.0.1 - - [30/Nov/2025 21:54:23] "[35m[1mPOST /perplexity HTTP/1.1[0m" 500 -
[2025-11-30 21:54:23,894] ERROR in app: Exception on /perplexity [POST]
Traceback (most recent call last):
  File "/lustre09/project/6032307/arnauddr/MiniCPBP/venv/lib/python3.11/site-packages/flask/app.py", line 1511, in wsgi_app
    response = self.full_dispatch_request()
               ^^^^^^^^^^^^^^^^^^^^^^^^^^^^
  File "/lustre09/project/6032307/arnauddr/MiniCPBP/venv/lib/python3.11/site-packages/flask/app.py", line 919, in full_dispatch_request
    rv = self.handle_user_exception(e)
         ^^^^^^^^^^^^^^^^^^^^^^^^^^^^^
  File "/lustre09/project/6032307/arnauddr/MiniCPBP/venv/lib/python3.11/site-packages/flask/app.py", line 917, in full_dispatch_request
    rv = self.dispatch_request()
         ^^^^^^^^^^^^^^^^^^^^^^^
  File "/lustre09/project/6032307/arnauddr/MiniCPBP/venv/lib/python3.11/site-packages/flask/app.py", line 902, in dispatch_request
    return self.ensure_sync(self.view_functions[rule.endpoint])(**view_args)  # type: ignore[no-any-return]
           ^^^^^^^^^^^^^^^^^^^^^^^^^^^^^^^^^^^^^^^^^^^^^^^^^^^^^^^^^^^^^^^^^
  File "/lustre09/project/6032307/arnauddr/MiniCPBP/server_mlm.py", line 147, in perplexity
    return {"perplexity": calculate_perplexity(sentence)}
                          ^^^^^^^^^^^^^^^^^^^^^^^^^^^^^^
  File "/lustre09/project/6032307/arnauddr/MiniCPBP/server_mlm.py", line 134, in calculate_perplexity
    with mutex:
TypeError: 'Lock' object does not support the context manager protocol
127.0.0.1 - - [30/Nov/2025 21:54:23] "[35m[1mPOST /perplexity HTTP/1.1[0m" 500 -
[2025-11-30 21:54:23,918] ERROR in app: Exception on /perplexity [POST]
Traceback (most recent call last):
  File "/lustre09/project/6032307/arnauddr/MiniCPBP/venv/lib/python3.11/site-packages/flask/app.py", line 1511, in wsgi_app
    response = self.full_dispatch_request()
               ^^^^^^^^^^^^^^^^^^^^^^^^^^^^
  File "/lustre09/project/6032307/arnauddr/MiniCPBP/venv/lib/python3.11/site-packages/flask/app.py", line 919, in full_dispatch_request
    rv = self.handle_user_exception(e)
         ^^^^^^^^^^^^^^^^^^^^^^^^^^^^^
  File "/lustre09/project/6032307/arnauddr/MiniCPBP/venv/lib/python3.11/site-packages/flask/app.py", line 917, in full_dispatch_request
    rv = self.dispatch_request()
         ^^^^^^^^^^^^^^^^^^^^^^^
  File "/lustre09/project/6032307/arnauddr/MiniCPBP/venv/lib/python3.11/site-packages/flask/app.py", line 902, in dispatch_request
    return self.ensure_sync(self.view_functions[rule.endpoint])(**view_args)  # type: ignore[no-any-return]
           ^^^^^^^^^^^^^^^^^^^^^^^^^^^^^^^^^^^^^^^^^^^^^^^^^^^^^^^^^^^^^^^^^
  File "/lustre09/project/6032307/arnauddr/MiniCPBP/server_mlm.py", line 147, in perplexity
    return {"perplexity": calculate_perplexity(sentence)}
                          ^^^^^^^^^^^^^^^^^^^^^^^^^^^^^^
  File "/lustre09/project/6032307/arnauddr/MiniCPBP/server_mlm.py", line 134, in calculate_perplexity
    with mutex:
TypeError: 'Lock' object does not support the context manager protocol
127.0.0.1 - - [30/Nov/2025 21:54:23] "[35m[1mPOST /perplexity HTTP/1.1[0m" 500 -
[2025-11-30 21:54:23,936] ERROR in app: Exception on /perplexity [POST]
Traceback (most recent call last):
  File "/lustre09/project/6032307/arnauddr/MiniCPBP/venv/lib/python3.11/site-packages/flask/app.py", line 1511, in wsgi_app
    response = self.full_dispatch_request()
               ^^^^^^^^^^^^^^^^^^^^^^^^^^^^
  File "/lustre09/project/6032307/arnauddr/MiniCPBP/venv/lib/python3.11/site-packages/flask/app.py", line 919, in full_dispatch_request
    rv = self.handle_user_exception(e)
         ^^^^^^^^^^^^^^^^^^^^^^^^^^^^^
  File "/lustre09/project/6032307/arnauddr/MiniCPBP/venv/lib/python3.11/site-packages/flask/app.py", line 917, in full_dispatch_request
    rv = self.dispatch_request()
         ^^^^^^^^^^^^^^^^^^^^^^^
  File "/lustre09/project/6032307/arnauddr/MiniCPBP/venv/lib/python3.11/site-packages/flask/app.py", line 902, in dispatch_request
    return self.ensure_sync(self.view_functions[rule.endpoint])(**view_args)  # type: ignore[no-any-return]
           ^^^^^^^^^^^^^^^^^^^^^^^^^^^^^^^^^^^^^^^^^^^^^^^^^^^^^^^^^^^^^^^^^
  File "/lustre09/project/6032307/arnauddr/MiniCPBP/server_mlm.py", line 147, in perplexity
    return {"perplexity": calculate_perplexity(sentence)}
                          ^^^^^^^^^^^^^^^^^^^^^^^^^^^^^^
  File "/lustre09/project/6032307/arnauddr/MiniCPBP/server_mlm.py", line 134, in calculate_perplexity
    with mutex:
TypeError: 'Lock' object does not support the context manager protocol
127.0.0.1 - - [30/Nov/2025 21:54:23] "[35m[1mPOST /perplexity HTTP/1.1[0m" 500 -
[2025-11-30 21:54:23,943] ERROR in app: Exception on /perplexity [POST]
Traceback (most recent call last):
  File "/lustre09/project/6032307/arnauddr/MiniCPBP/venv/lib/python3.11/site-packages/flask/app.py", line 1511, in wsgi_app
    response = self.full_dispatch_request()
               ^^^^^^^^^^^^^^^^^^^^^^^^^^^^
  File "/lustre09/project/6032307/arnauddr/MiniCPBP/venv/lib/python3.11/site-packages/flask/app.py", line 919, in full_dispatch_request
    rv = self.handle_user_exception(e)
         ^^^^^^^^^^^^^^^^^^^^^^^^^^^^^
  File "/lustre09/project/6032307/arnauddr/MiniCPBP/venv/lib/python3.11/site-packages/flask/app.py", line 917, in full_dispatch_request
    rv = self.dispatch_request()
         ^^^^^^^^^^^^^^^^^^^^^^^
  File "/lustre09/project/6032307/arnauddr/MiniCPBP/venv/lib/python3.11/site-packages/flask/app.py", line 902, in dispatch_request
    return self.ensure_sync(self.view_functions[rule.endpoint])(**view_args)  # type: ignore[no-any-return]
           ^^^^^^^^^^^^^^^^^^^^^^^^^^^^^^^^^^^^^^^^^^^^^^^^^^^^^^^^^^^^^^^^^
  File "/lustre09/project/6032307/arnauddr/MiniCPBP/server_mlm.py", line 147, in perplexity
    return {"perplexity": calculate_perplexity(sentence)}
                          ^^^^^^^^^^^^^^^^^^^^^^^^^^^^^^
  File "/lustre09/project/6032307/arnauddr/MiniCPBP/server_mlm.py", line 134, in calculate_perplexity
    with mutex:
TypeError: 'Lock' object does not support the context manager protocol
127.0.0.1 - - [30/Nov/2025 21:54:23] "[35m[1mPOST /perplexity HTTP/1.1[0m" 500 -
[2025-11-30 21:54:23,953] ERROR in app: Exception on /perplexity [POST]
Traceback (most recent call last):
  File "/lustre09/project/6032307/arnauddr/MiniCPBP/venv/lib/python3.11/site-packages/flask/app.py", line 1511, in wsgi_app
    response = self.full_dispatch_request()
               ^^^^^^^^^^^^^^^^^^^^^^^^^^^^
  File "/lustre09/project/6032307/arnauddr/MiniCPBP/venv/lib/python3.11/site-packages/flask/app.py", line 919, in full_dispatch_request
    rv = self.handle_user_exception(e)
         ^^^^^^^^^^^^^^^^^^^^^^^^^^^^^
  File "/lustre09/project/6032307/arnauddr/MiniCPBP/venv/lib/python3.11/site-packages/flask/app.py", line 917, in full_dispatch_request
    rv = self.dispatch_request()
         ^^^^^^^^^^^^^^^^^^^^^^^
  File "/lustre09/project/6032307/arnauddr/MiniCPBP/venv/lib/python3.11/site-packages/flask/app.py", line 902, in dispatch_request
    return self.ensure_sync(self.view_functions[rule.endpoint])(**view_args)  # type: ignore[no-any-return]
           ^^^^^^^^^^^^^^^^^^^^^^^^^^^^^^^^^^^^^^^^^^^^^^^^^^^^^^^^^^^^^^^^^
  File "/lustre09/project/6032307/arnauddr/MiniCPBP/server_mlm.py", line 147, in perplexity
    return {"perplexity": calculate_perplexity(sentence)}
                          ^^^^^^^^^^^^^^^^^^^^^^^^^^^^^^
  File "/lustre09/project/6032307/arnauddr/MiniCPBP/server_mlm.py", line 134, in calculate_perplexity
    with mutex:
TypeError: 'Lock' object does not support the context manager protocol
127.0.0.1 - - [30/Nov/2025 21:54:23] "[35m[1mPOST /perplexity HTTP/1.1[0m" 500 -
[2025-11-30 21:54:24,000] ERROR in app: Exception on /perplexity [POST]
Traceback (most recent call last):
  File "/lustre09/project/6032307/arnauddr/MiniCPBP/venv/lib/python3.11/site-packages/flask/app.py", line 1511, in wsgi_app
    response = self.full_dispatch_request()
               ^^^^^^^^^^^^^^^^^^^^^^^^^^^^
  File "/lustre09/project/6032307/arnauddr/MiniCPBP/venv/lib/python3.11/site-packages/flask/app.py", line 919, in full_dispatch_request
    rv = self.handle_user_exception(e)
         ^^^^^^^^^^^^^^^^^^^^^^^^^^^^^
  File "/lustre09/project/6032307/arnauddr/MiniCPBP/venv/lib/python3.11/site-packages/flask/app.py", line 917, in full_dispatch_request
    rv = self.dispatch_request()
         ^^^^^^^^^^^^^^^^^^^^^^^
  File "/lustre09/project/6032307/arnauddr/MiniCPBP/venv/lib/python3.11/site-packages/flask/app.py", line 902, in dispatch_request
    return self.ensure_sync(self.view_functions[rule.endpoint])(**view_args)  # type: ignore[no-any-return]
           ^^^^^^^^^^^^^^^^^^^^^^^^^^^^^^^^^^^^^^^^^^^^^^^^^^^^^^^^^^^^^^^^^
  File "/lustre09/project/6032307/arnauddr/MiniCPBP/server_mlm.py", line 147, in perplexity
    return {"perplexity": calculate_perplexity(sentence)}
                          ^^^^^^^^^^^^^^^^^^^^^^^^^^^^^^
  File "/lustre09/project/6032307/arnauddr/MiniCPBP/server_mlm.py", line 134, in calculate_perplexity
    with mutex:
TypeError: 'Lock' object does not support the context manager protocol
127.0.0.1 - - [30/Nov/2025 21:54:24] "[35m[1mPOST /perplexity HTTP/1.1[0m" 500 -
[2025-11-30 21:54:24,006] ERROR in app: Exception on /perplexity [POST]
Traceback (most recent call last):
  File "/lustre09/project/6032307/arnauddr/MiniCPBP/venv/lib/python3.11/site-packages/flask/app.py", line 1511, in wsgi_app
    response = self.full_dispatch_request()
               ^^^^^^^^^^^^^^^^^^^^^^^^^^^^
  File "/lustre09/project/6032307/arnauddr/MiniCPBP/venv/lib/python3.11/site-packages/flask/app.py", line 919, in full_dispatch_request
    rv = self.handle_user_exception(e)
         ^^^^^^^^^^^^^^^^^^^^^^^^^^^^^
  File "/lustre09/project/6032307/arnauddr/MiniCPBP/venv/lib/python3.11/site-packages/flask/app.py", line 917, in full_dispatch_request
    rv = self.dispatch_request()
         ^^^^^^^^^^^^^^^^^^^^^^^
  File "/lustre09/project/6032307/arnauddr/MiniCPBP/venv/lib/python3.11/site-packages/flask/app.py", line 902, in dispatch_request
    return self.ensure_sync(self.view_functions[rule.endpoint])(**view_args)  # type: ignore[no-any-return]
           ^^^^^^^^^^^^^^^^^^^^^^^^^^^^^^^^^^^^^^^^^^^^^^^^^^^^^^^^^^^^^^^^^
  File "/lustre09/project/6032307/arnauddr/MiniCPBP/server_mlm.py", line 147, in perplexity
    return {"perplexity": calculate_perplexity(sentence)}
                          ^^^^^^^^^^^^^^^^^^^^^^^^^^^^^^
  File "/lustre09/project/6032307/arnauddr/MiniCPBP/server_mlm.py", line 134, in calculate_perplexity
    with mutex:
TypeError: 'Lock' object does not support the context manager protocol
127.0.0.1 - - [30/Nov/2025 21:54:24] "[35m[1mPOST /perplexity HTTP/1.1[0m" 500 -
[2025-11-30 21:54:24,030] ERROR in app: Exception on /perplexity [POST]
Traceback (most recent call last):
  File "/lustre09/project/6032307/arnauddr/MiniCPBP/venv/lib/python3.11/site-packages/flask/app.py", line 1511, in wsgi_app
    response = self.full_dispatch_request()
               ^^^^^^^^^^^^^^^^^^^^^^^^^^^^
  File "/lustre09/project/6032307/arnauddr/MiniCPBP/venv/lib/python3.11/site-packages/flask/app.py", line 919, in full_dispatch_request
    rv = self.handle_user_exception(e)
         ^^^^^^^^^^^^^^^^^^^^^^^^^^^^^
  File "/lustre09/project/6032307/arnauddr/MiniCPBP/venv/lib/python3.11/site-packages/flask/app.py", line 917, in full_dispatch_request
    rv = self.dispatch_request()
         ^^^^^^^^^^^^^^^^^^^^^^^
  File "/lustre09/project/6032307/arnauddr/MiniCPBP/venv/lib/python3.11/site-packages/flask/app.py", line 902, in dispatch_request
    return self.ensure_sync(self.view_functions[rule.endpoint])(**view_args)  # type: ignore[no-any-return]
           ^^^^^^^^^^^^^^^^^^^^^^^^^^^^^^^^^^^^^^^^^^^^^^^^^^^^^^^^^^^^^^^^^
  File "/lustre09/project/6032307/arnauddr/MiniCPBP/server_mlm.py", line 147, in perplexity
    return {"perplexity": calculate_perplexity(sentence)}
                          ^^^^^^^^^^^^^^^^^^^^^^^^^^^^^^
  File "/lustre09/project/6032307/arnauddr/MiniCPBP/server_mlm.py", line 134, in calculate_perplexity
    with mutex:
TypeError: 'Lock' object does not support the context manager protocol
127.0.0.1 - - [30/Nov/2025 21:54:24] "[35m[1mPOST /perplexity HTTP/1.1[0m" 500 -
[2025-11-30 21:54:24,035] ERROR in app: Exception on /perplexity [POST]
Traceback (most recent call last):
  File "/lustre09/project/6032307/arnauddr/MiniCPBP/venv/lib/python3.11/site-packages/flask/app.py", line 1511, in wsgi_app
    response = self.full_dispatch_request()
               ^^^^^^^^^^^^^^^^^^^^^^^^^^^^
  File "/lustre09/project/6032307/arnauddr/MiniCPBP/venv/lib/python3.11/site-packages/flask/app.py", line 919, in full_dispatch_request
    rv = self.handle_user_exception(e)
         ^^^^^^^^^^^^^^^^^^^^^^^^^^^^^
  File "/lustre09/project/6032307/arnauddr/MiniCPBP/venv/lib/python3.11/site-packages/flask/app.py", line 917, in full_dispatch_request
    rv = self.dispatch_request()
         ^^^^^^^^^^^^^^^^^^^^^^^
  File "/lustre09/project/6032307/arnauddr/MiniCPBP/venv/lib/python3.11/site-packages/flask/app.py", line 902, in dispatch_request
    return self.ensure_sync(self.view_functions[rule.endpoint])(**view_args)  # type: ignore[no-any-return]
           ^^^^^^^^^^^^^^^^^^^^^^^^^^^^^^^^^^^^^^^^^^^^^^^^^^^^^^^^^^^^^^^^^
  File "/lustre09/project/6032307/arnauddr/MiniCPBP/server_mlm.py", line 147, in perplexity
    return {"perplexity": calculate_perplexity(sentence)}
                          ^^^^^^^^^^^^^^^^^^^^^^^^^^^^^^
  File "/lustre09/project/6032307/arnauddr/MiniCPBP/server_mlm.py", line 134, in calculate_perplexity
    with mutex:
TypeError: 'Lock' object does not support the context manager protocol
127.0.0.1 - - [30/Nov/2025 21:54:24] "[35m[1mPOST /perplexity HTTP/1.1[0m" 500 -
[2025-11-30 21:54:24,044] ERROR in app: Exception on /perplexity [POST]
Traceback (most recent call last):
  File "/lustre09/project/6032307/arnauddr/MiniCPBP/venv/lib/python3.11/site-packages/flask/app.py", line 1511, in wsgi_app
    response = self.full_dispatch_request()
               ^^^^^^^^^^^^^^^^^^^^^^^^^^^^
  File "/lustre09/project/6032307/arnauddr/MiniCPBP/venv/lib/python3.11/site-packages/flask/app.py", line 919, in full_dispatch_request
    rv = self.handle_user_exception(e)
         ^^^^^^^^^^^^^^^^^^^^^^^^^^^^^
  File "/lustre09/project/6032307/arnauddr/MiniCPBP/venv/lib/python3.11/site-packages/flask/app.py", line 917, in full_dispatch_request
    rv = self.dispatch_request()
         ^^^^^^^^^^^^^^^^^^^^^^^
  File "/lustre09/project/6032307/arnauddr/MiniCPBP/venv/lib/python3.11/site-packages/flask/app.py", line 902, in dispatch_request
    return self.ensure_sync(self.view_functions[rule.endpoint])(**view_args)  # type: ignore[no-any-return]
           ^^^^^^^^^^^^^^^^^^^^^^^^^^^^^^^^^^^^^^^^^^^^^^^^^^^^^^^^^^^^^^^^^
  File "/lustre09/project/6032307/arnauddr/MiniCPBP/server_mlm.py", line 147, in perplexity
    return {"perplexity": calculate_perplexity(sentence)}
                          ^^^^^^^^^^^^^^^^^^^^^^^^^^^^^^
  File "/lustre09/project/6032307/arnauddr/MiniCPBP/server_mlm.py", line 134, in calculate_perplexity
    with mutex:
TypeError: 'Lock' object does not support the context manager protocol
127.0.0.1 - - [30/Nov/2025 21:54:24] "[35m[1mPOST /perplexity HTTP/1.1[0m" 500 -
[2025-11-30 21:54:24,123] ERROR in app: Exception on /perplexity [POST]
Traceback (most recent call last):
  File "/lustre09/project/6032307/arnauddr/MiniCPBP/venv/lib/python3.11/site-packages/flask/app.py", line 1511, in wsgi_app
    response = self.full_dispatch_request()
               ^^^^^^^^^^^^^^^^^^^^^^^^^^^^
  File "/lustre09/project/6032307/arnauddr/MiniCPBP/venv/lib/python3.11/site-packages/flask/app.py", line 919, in full_dispatch_request
    rv = self.handle_user_exception(e)
         ^^^^^^^^^^^^^^^^^^^^^^^^^^^^^
  File "/lustre09/project/6032307/arnauddr/MiniCPBP/venv/lib/python3.11/site-packages/flask/app.py", line 917, in full_dispatch_request
    rv = self.dispatch_request()
         ^^^^^^^^^^^^^^^^^^^^^^^
  File "/lustre09/project/6032307/arnauddr/MiniCPBP/venv/lib/python3.11/site-packages/flask/app.py", line 902, in dispatch_request
    return self.ensure_sync(self.view_functions[rule.endpoint])(**view_args)  # type: ignore[no-any-return]
           ^^^^^^^^^^^^^^^^^^^^^^^^^^^^^^^^^^^^^^^^^^^^^^^^^^^^^^^^^^^^^^^^^
  File "/lustre09/project/6032307/arnauddr/MiniCPBP/server_mlm.py", line 147, in perplexity
    return {"perplexity": calculate_perplexity(sentence)}
                          ^^^^^^^^^^^^^^^^^^^^^^^^^^^^^^
  File "/lustre09/project/6032307/arnauddr/MiniCPBP/server_mlm.py", line 134, in calculate_perplexity
    with mutex:
TypeError: 'Lock' object does not support the context manager protocol
127.0.0.1 - - [30/Nov/2025 21:54:24] "[35m[1mPOST /perplexity HTTP/1.1[0m" 500 -
[2025-11-30 21:54:24,167] ERROR in app: Exception on /perplexity [POST]
Traceback (most recent call last):
  File "/lustre09/project/6032307/arnauddr/MiniCPBP/venv/lib/python3.11/site-packages/flask/app.py", line 1511, in wsgi_app
    response = self.full_dispatch_request()
               ^^^^^^^^^^^^^^^^^^^^^^^^^^^^
  File "/lustre09/project/6032307/arnauddr/MiniCPBP/venv/lib/python3.11/site-packages/flask/app.py", line 919, in full_dispatch_request
    rv = self.handle_user_exception(e)
         ^^^^^^^^^^^^^^^^^^^^^^^^^^^^^
  File "/lustre09/project/6032307/arnauddr/MiniCPBP/venv/lib/python3.11/site-packages/flask/app.py", line 917, in full_dispatch_request
    rv = self.dispatch_request()
         ^^^^^^^^^^^^^^^^^^^^^^^
  File "/lustre09/project/6032307/arnauddr/MiniCPBP/venv/lib/python3.11/site-packages/flask/app.py", line 902, in dispatch_request
    return self.ensure_sync(self.view_functions[rule.endpoint])(**view_args)  # type: ignore[no-any-return]
           ^^^^^^^^^^^^^^^^^^^^^^^^^^^^^^^^^^^^^^^^^^^^^^^^^^^^^^^^^^^^^^^^^
  File "/lustre09/project/6032307/arnauddr/MiniCPBP/server_mlm.py", line 147, in perplexity
    return {"perplexity": calculate_perplexity(sentence)}
                          ^^^^^^^^^^^^^^^^^^^^^^^^^^^^^^
  File "/lustre09/project/6032307/arnauddr/MiniCPBP/server_mlm.py", line 134, in calculate_perplexity
    with mutex:
TypeError: 'Lock' object does not support the context manager protocol
127.0.0.1 - - [30/Nov/2025 21:54:24] "[35m[1mPOST /perplexity HTTP/1.1[0m" 500 -
[2025-11-30 21:54:24,173] ERROR in app: Exception on /perplexity [POST]
Traceback (most recent call last):
  File "/lustre09/project/6032307/arnauddr/MiniCPBP/venv/lib/python3.11/site-packages/flask/app.py", line 1511, in wsgi_app
    response = self.full_dispatch_request()
               ^^^^^^^^^^^^^^^^^^^^^^^^^^^^
  File "/lustre09/project/6032307/arnauddr/MiniCPBP/venv/lib/python3.11/site-packages/flask/app.py", line 919, in full_dispatch_request
    rv = self.handle_user_exception(e)
         ^^^^^^^^^^^^^^^^^^^^^^^^^^^^^
  File "/lustre09/project/6032307/arnauddr/MiniCPBP/venv/lib/python3.11/site-packages/flask/app.py", line 917, in full_dispatch_request
    rv = self.dispatch_request()
         ^^^^^^^^^^^^^^^^^^^^^^^
  File "/lustre09/project/6032307/arnauddr/MiniCPBP/venv/lib/python3.11/site-packages/flask/app.py", line 902, in dispatch_request
    return self.ensure_sync(self.view_functions[rule.endpoint])(**view_args)  # type: ignore[no-any-return]
           ^^^^^^^^^^^^^^^^^^^^^^^^^^^^^^^^^^^^^^^^^^^^^^^^^^^^^^^^^^^^^^^^^
  File "/lustre09/project/6032307/arnauddr/MiniCPBP/server_mlm.py", line 147, in perplexity
    return {"perplexity": calculate_perplexity(sentence)}
                          ^^^^^^^^^^^^^^^^^^^^^^^^^^^^^^
  File "/lustre09/project/6032307/arnauddr/MiniCPBP/server_mlm.py", line 134, in calculate_perplexity
    with mutex:
TypeError: 'Lock' object does not support the context manager protocol
127.0.0.1 - - [30/Nov/2025 21:54:24] "[35m[1mPOST /perplexity HTTP/1.1[0m" 500 -
[2025-11-30 21:54:24,185] ERROR in app: Exception on /perplexity [POST]
Traceback (most recent call last):
  File "/lustre09/project/6032307/arnauddr/MiniCPBP/venv/lib/python3.11/site-packages/flask/app.py", line 1511, in wsgi_app
    response = self.full_dispatch_request()
               ^^^^^^^^^^^^^^^^^^^^^^^^^^^^
  File "/lustre09/project/6032307/arnauddr/MiniCPBP/venv/lib/python3.11/site-packages/flask/app.py", line 919, in full_dispatch_request
    rv = self.handle_user_exception(e)
         ^^^^^^^^^^^^^^^^^^^^^^^^^^^^^
  File "/lustre09/project/6032307/arnauddr/MiniCPBP/venv/lib/python3.11/site-packages/flask/app.py", line 917, in full_dispatch_request
    rv = self.dispatch_request()
         ^^^^^^^^^^^^^^^^^^^^^^^
  File "/lustre09/project/6032307/arnauddr/MiniCPBP/venv/lib/python3.11/site-packages/flask/app.py", line 902, in dispatch_request
    return self.ensure_sync(self.view_functions[rule.endpoint])(**view_args)  # type: ignore[no-any-return]
           ^^^^^^^^^^^^^^^^^^^^^^^^^^^^^^^^^^^^^^^^^^^^^^^^^^^^^^^^^^^^^^^^^
  File "/lustre09/project/6032307/arnauddr/MiniCPBP/server_mlm.py", line 147, in perplexity
    return {"perplexity": calculate_perplexity(sentence)}
                          ^^^^^^^^^^^^^^^^^^^^^^^^^^^^^^
  File "/lustre09/project/6032307/arnauddr/MiniCPBP/server_mlm.py", line 134, in calculate_perplexity
    with mutex:
TypeError: 'Lock' object does not support the context manager protocol
127.0.0.1 - - [30/Nov/2025 21:54:24] "[35m[1mPOST /perplexity HTTP/1.1[0m" 500 -
[2025-11-30 21:54:24,194] ERROR in app: Exception on /perplexity [POST]
Traceback (most recent call last):
  File "/lustre09/project/6032307/arnauddr/MiniCPBP/venv/lib/python3.11/site-packages/flask/app.py", line 1511, in wsgi_app
    response = self.full_dispatch_request()
               ^^^^^^^^^^^^^^^^^^^^^^^^^^^^
  File "/lustre09/project/6032307/arnauddr/MiniCPBP/venv/lib/python3.11/site-packages/flask/app.py", line 919, in full_dispatch_request
    rv = self.handle_user_exception(e)
         ^^^^^^^^^^^^^^^^^^^^^^^^^^^^^
  File "/lustre09/project/6032307/arnauddr/MiniCPBP/venv/lib/python3.11/site-packages/flask/app.py", line 917, in full_dispatch_request
    rv = self.dispatch_request()
         ^^^^^^^^^^^^^^^^^^^^^^^
  File "/lustre09/project/6032307/arnauddr/MiniCPBP/venv/lib/python3.11/site-packages/flask/app.py", line 902, in dispatch_request
    return self.ensure_sync(self.view_functions[rule.endpoint])(**view_args)  # type: ignore[no-any-return]
           ^^^^^^^^^^^^^^^^^^^^^^^^^^^^^^^^^^^^^^^^^^^^^^^^^^^^^^^^^^^^^^^^^
  File "/lustre09/project/6032307/arnauddr/MiniCPBP/server_mlm.py", line 147, in perplexity
    return {"perplexity": calculate_perplexity(sentence)}
                          ^^^^^^^^^^^^^^^^^^^^^^^^^^^^^^
  File "/lustre09/project/6032307/arnauddr/MiniCPBP/server_mlm.py", line 134, in calculate_perplexity
    with mutex:
TypeError: 'Lock' object does not support the context manager protocol
127.0.0.1 - - [30/Nov/2025 21:54:24] "[35m[1mPOST /perplexity HTTP/1.1[0m" 500 -
[2025-11-30 21:54:24,198] ERROR in app: Exception on /perplexity [POST]
Traceback (most recent call last):
  File "/lustre09/project/6032307/arnauddr/MiniCPBP/venv/lib/python3.11/site-packages/flask/app.py", line 1511, in wsgi_app
    response = self.full_dispatch_request()
               ^^^^^^^^^^^^^^^^^^^^^^^^^^^^
  File "/lustre09/project/6032307/arnauddr/MiniCPBP/venv/lib/python3.11/site-packages/flask/app.py", line 919, in full_dispatch_request
    rv = self.handle_user_exception(e)
         ^^^^^^^^^^^^^^^^^^^^^^^^^^^^^
  File "/lustre09/project/6032307/arnauddr/MiniCPBP/venv/lib/python3.11/site-packages/flask/app.py", line 917, in full_dispatch_request
    rv = self.dispatch_request()
         ^^^^^^^^^^^^^^^^^^^^^^^
  File "/lustre09/project/6032307/arnauddr/MiniCPBP/venv/lib/python3.11/site-packages/flask/app.py", line 902, in dispatch_request
    return self.ensure_sync(self.view_functions[rule.endpoint])(**view_args)  # type: ignore[no-any-return]
           ^^^^^^^^^^^^^^^^^^^^^^^^^^^^^^^^^^^^^^^^^^^^^^^^^^^^^^^^^^^^^^^^^
  File "/lustre09/project/6032307/arnauddr/MiniCPBP/server_mlm.py", line 147, in perplexity
    return {"perplexity": calculate_perplexity(sentence)}
                          ^^^^^^^^^^^^^^^^^^^^^^^^^^^^^^
  File "/lustre09/project/6032307/arnauddr/MiniCPBP/server_mlm.py", line 134, in calculate_perplexity
    with mutex:
TypeError: 'Lock' object does not support the context manager protocol
127.0.0.1 - - [30/Nov/2025 21:54:24] "[35m[1mPOST /perplexity HTTP/1.1[0m" 500 -
[2025-11-30 21:54:24,209] ERROR in app: Exception on /perplexity [POST]
Traceback (most recent call last):
  File "/lustre09/project/6032307/arnauddr/MiniCPBP/venv/lib/python3.11/site-packages/flask/app.py", line 1511, in wsgi_app
    response = self.full_dispatch_request()
               ^^^^^^^^^^^^^^^^^^^^^^^^^^^^
  File "/lustre09/project/6032307/arnauddr/MiniCPBP/venv/lib/python3.11/site-packages/flask/app.py", line 919, in full_dispatch_request
    rv = self.handle_user_exception(e)
         ^^^^^^^^^^^^^^^^^^^^^^^^^^^^^
  File "/lustre09/project/6032307/arnauddr/MiniCPBP/venv/lib/python3.11/site-packages/flask/app.py", line 917, in full_dispatch_request
    rv = self.dispatch_request()
         ^^^^^^^^^^^^^^^^^^^^^^^
  File "/lustre09/project/6032307/arnauddr/MiniCPBP/venv/lib/python3.11/site-packages/flask/app.py", line 902, in dispatch_request
    return self.ensure_sync(self.view_functions[rule.endpoint])(**view_args)  # type: ignore[no-any-return]
           ^^^^^^^^^^^^^^^^^^^^^^^^^^^^^^^^^^^^^^^^^^^^^^^^^^^^^^^^^^^^^^^^^
  File "/lustre09/project/6032307/arnauddr/MiniCPBP/server_mlm.py", line 147, in perplexity
    return {"perplexity": calculate_perplexity(sentence)}
                          ^^^^^^^^^^^^^^^^^^^^^^^^^^^^^^
  File "/lustre09/project/6032307/arnauddr/MiniCPBP/server_mlm.py", line 134, in calculate_perplexity
    with mutex:
TypeError: 'Lock' object does not support the context manager protocol
127.0.0.1 - - [30/Nov/2025 21:54:24] "[35m[1mPOST /perplexity HTTP/1.1[0m" 500 -
[2025-11-30 21:54:24,216] ERROR in app: Exception on /perplexity [POST]
Traceback (most recent call last):
  File "/lustre09/project/6032307/arnauddr/MiniCPBP/venv/lib/python3.11/site-packages/flask/app.py", line 1511, in wsgi_app
    response = self.full_dispatch_request()
               ^^^^^^^^^^^^^^^^^^^^^^^^^^^^
  File "/lustre09/project/6032307/arnauddr/MiniCPBP/venv/lib/python3.11/site-packages/flask/app.py", line 919, in full_dispatch_request
    rv = self.handle_user_exception(e)
         ^^^^^^^^^^^^^^^^^^^^^^^^^^^^^
  File "/lustre09/project/6032307/arnauddr/MiniCPBP/venv/lib/python3.11/site-packages/flask/app.py", line 917, in full_dispatch_request
    rv = self.dispatch_request()
         ^^^^^^^^^^^^^^^^^^^^^^^
  File "/lustre09/project/6032307/arnauddr/MiniCPBP/venv/lib/python3.11/site-packages/flask/app.py", line 902, in dispatch_request
    return self.ensure_sync(self.view_functions[rule.endpoint])(**view_args)  # type: ignore[no-any-return]
           ^^^^^^^^^^^^^^^^^^^^^^^^^^^^^^^^^^^^^^^^^^^^^^^^^^^^^^^^^^^^^^^^^
  File "/lustre09/project/6032307/arnauddr/MiniCPBP/server_mlm.py", line 147, in perplexity
    return {"perplexity": calculate_perplexity(sentence)}
                          ^^^^^^^^^^^^^^^^^^^^^^^^^^^^^^
  File "/lustre09/project/6032307/arnauddr/MiniCPBP/server_mlm.py", line 134, in calculate_perplexity
    with mutex:
TypeError: 'Lock' object does not support the context manager protocol
127.0.0.1 - - [30/Nov/2025 21:54:24] "[35m[1mPOST /perplexity HTTP/1.1[0m" 500 -
[2025-11-30 21:54:24,254] ERROR in app: Exception on /perplexity [POST]
Traceback (most recent call last):
  File "/lustre09/project/6032307/arnauddr/MiniCPBP/venv/lib/python3.11/site-packages/flask/app.py", line 1511, in wsgi_app
    response = self.full_dispatch_request()
               ^^^^^^^^^^^^^^^^^^^^^^^^^^^^
  File "/lustre09/project/6032307/arnauddr/MiniCPBP/venv/lib/python3.11/site-packages/flask/app.py", line 919, in full_dispatch_request
    rv = self.handle_user_exception(e)
         ^^^^^^^^^^^^^^^^^^^^^^^^^^^^^
  File "/lustre09/project/6032307/arnauddr/MiniCPBP/venv/lib/python3.11/site-packages/flask/app.py", line 917, in full_dispatch_request
    rv = self.dispatch_request()
         ^^^^^^^^^^^^^^^^^^^^^^^
  File "/lustre09/project/6032307/arnauddr/MiniCPBP/venv/lib/python3.11/site-packages/flask/app.py", line 902, in dispatch_request
    return self.ensure_sync(self.view_functions[rule.endpoint])(**view_args)  # type: ignore[no-any-return]
           ^^^^^^^^^^^^^^^^^^^^^^^^^^^^^^^^^^^^^^^^^^^^^^^^^^^^^^^^^^^^^^^^^
  File "/lustre09/project/6032307/arnauddr/MiniCPBP/server_mlm.py", line 147, in perplexity
    return {"perplexity": calculate_perplexity(sentence)}
                          ^^^^^^^^^^^^^^^^^^^^^^^^^^^^^^
  File "/lustre09/project/6032307/arnauddr/MiniCPBP/server_mlm.py", line 134, in calculate_perplexity
    with mutex:
TypeError: 'Lock' object does not support the context manager protocol
127.0.0.1 - - [30/Nov/2025 21:54:24] "[35m[1mPOST /perplexity HTTP/1.1[0m" 500 -
[2025-11-30 21:54:24,257] ERROR in app: Exception on /perplexity [POST]
Traceback (most recent call last):
  File "/lustre09/project/6032307/arnauddr/MiniCPBP/venv/lib/python3.11/site-packages/flask/app.py", line 1511, in wsgi_app
    response = self.full_dispatch_request()
               ^^^^^^^^^^^^^^^^^^^^^^^^^^^^
  File "/lustre09/project/6032307/arnauddr/MiniCPBP/venv/lib/python3.11/site-packages/flask/app.py", line 919, in full_dispatch_request
    rv = self.handle_user_exception(e)
         ^^^^^^^^^^^^^^^^^^^^^^^^^^^^^
  File "/lustre09/project/6032307/arnauddr/MiniCPBP/venv/lib/python3.11/site-packages/flask/app.py", line 917, in full_dispatch_request
    rv = self.dispatch_request()
         ^^^^^^^^^^^^^^^^^^^^^^^
  File "/lustre09/project/6032307/arnauddr/MiniCPBP/venv/lib/python3.11/site-packages/flask/app.py", line 902, in dispatch_request
    return self.ensure_sync(self.view_functions[rule.endpoint])(**view_args)  # type: ignore[no-any-return]
           ^^^^^^^^^^^^^^^^^^^^^^^^^^^^^^^^^^^^^^^^^^^^^^^^^^^^^^^^^^^^^^^^^
  File "/lustre09/project/6032307/arnauddr/MiniCPBP/server_mlm.py", line 147, in perplexity
    return {"perplexity": calculate_perplexity(sentence)}
                          ^^^^^^^^^^^^^^^^^^^^^^^^^^^^^^
  File "/lustre09/project/6032307/arnauddr/MiniCPBP/server_mlm.py", line 134, in calculate_perplexity
    with mutex:
TypeError: 'Lock' object does not support the context manager protocol
127.0.0.1 - - [30/Nov/2025 21:54:24] "[35m[1mPOST /perplexity HTTP/1.1[0m" 500 -
[2025-11-30 21:54:24,258] ERROR in app: Exception on /perplexity [POST]
Traceback (most recent call last):
  File "/lustre09/project/6032307/arnauddr/MiniCPBP/venv/lib/python3.11/site-packages/flask/app.py", line 1511, in wsgi_app
    response = self.full_dispatch_request()
               ^^^^^^^^^^^^^^^^^^^^^^^^^^^^
  File "/lustre09/project/6032307/arnauddr/MiniCPBP/venv/lib/python3.11/site-packages/flask/app.py", line 919, in full_dispatch_request
    rv = self.handle_user_exception(e)
         ^^^^^^^^^^^^^^^^^^^^^^^^^^^^^
  File "/lustre09/project/6032307/arnauddr/MiniCPBP/venv/lib/python3.11/site-packages/flask/app.py", line 917, in full_dispatch_request
    rv = self.dispatch_request()
         ^^^^^^^^^^^^^^^^^^^^^^^
  File "/lustre09/project/6032307/arnauddr/MiniCPBP/venv/lib/python3.11/site-packages/flask/app.py", line 902, in dispatch_request
    return self.ensure_sync(self.view_functions[rule.endpoint])(**view_args)  # type: ignore[no-any-return]
           ^^^^^^^^^^^^^^^^^^^^^^^^^^^^^^^^^^^^^^^^^^^^^^^^^^^^^^^^^^^^^^^^^
  File "/lustre09/project/6032307/arnauddr/MiniCPBP/server_mlm.py", line 147, in perplexity
    return {"perplexity": calculate_perplexity(sentence)}
                          ^^^^^^^^^^^^^^^^^^^^^^^^^^^^^^
  File "/lustre09/project/6032307/arnauddr/MiniCPBP/server_mlm.py", line 134, in calculate_perplexity
    with mutex:
TypeError: 'Lock' object does not support the context manager protocol
127.0.0.1 - - [30/Nov/2025 21:54:24] "[35m[1mPOST /perplexity HTTP/1.1[0m" 500 -
[2025-11-30 21:54:24,260] ERROR in app: Exception on /perplexity [POST]
Traceback (most recent call last):
  File "/lustre09/project/6032307/arnauddr/MiniCPBP/venv/lib/python3.11/site-packages/flask/app.py", line 1511, in wsgi_app
    response = self.full_dispatch_request()
               ^^^^^^^^^^^^^^^^^^^^^^^^^^^^
  File "/lustre09/project/6032307/arnauddr/MiniCPBP/venv/lib/python3.11/site-packages/flask/app.py", line 919, in full_dispatch_request
    rv = self.handle_user_exception(e)
         ^^^^^^^^^^^^^^^^^^^^^^^^^^^^^
  File "/lustre09/project/6032307/arnauddr/MiniCPBP/venv/lib/python3.11/site-packages/flask/app.py", line 917, in full_dispatch_request
    rv = self.dispatch_request()
         ^^^^^^^^^^^^^^^^^^^^^^^
  File "/lustre09/project/6032307/arnauddr/MiniCPBP/venv/lib/python3.11/site-packages/flask/app.py", line 902, in dispatch_request
    return self.ensure_sync(self.view_functions[rule.endpoint])(**view_args)  # type: ignore[no-any-return]
           ^^^^^^^^^^^^^^^^^^^^^^^^^^^^^^^^^^^^^^^^^^^^^^^^^^^^^^^^^^^^^^^^^
  File "/lustre09/project/6032307/arnauddr/MiniCPBP/server_mlm.py", line 147, in perplexity
    return {"perplexity": calculate_perplexity(sentence)}
                          ^^^^^^^^^^^^^^^^^^^^^^^^^^^^^^
  File "/lustre09/project/6032307/arnauddr/MiniCPBP/server_mlm.py", line 134, in calculate_perplexity
    with mutex:
TypeError: 'Lock' object does not support the context manager protocol
127.0.0.1 - - [30/Nov/2025 21:54:24] "[35m[1mPOST /perplexity HTTP/1.1[0m" 500 -
[2025-11-30 21:54:24,263] ERROR in app: Exception on /perplexity [POST]
Traceback (most recent call last):
  File "/lustre09/project/6032307/arnauddr/MiniCPBP/venv/lib/python3.11/site-packages/flask/app.py", line 1511, in wsgi_app
    response = self.full_dispatch_request()
               ^^^^^^^^^^^^^^^^^^^^^^^^^^^^
  File "/lustre09/project/6032307/arnauddr/MiniCPBP/venv/lib/python3.11/site-packages/flask/app.py", line 919, in full_dispatch_request
    rv = self.handle_user_exception(e)
         ^^^^^^^^^^^^^^^^^^^^^^^^^^^^^
  File "/lustre09/project/6032307/arnauddr/MiniCPBP/venv/lib/python3.11/site-packages/flask/app.py", line 917, in full_dispatch_request
    rv = self.dispatch_request()
         ^^^^^^^^^^^^^^^^^^^^^^^
  File "/lustre09/project/6032307/arnauddr/MiniCPBP/venv/lib/python3.11/site-packages/flask/app.py", line 902, in dispatch_request
    return self.ensure_sync(self.view_functions[rule.endpoint])(**view_args)  # type: ignore[no-any-return]
           ^^^^^^^^^^^^^^^^^^^^^^^^^^^^^^^^^^^^^^^^^^^^^^^^^^^^^^^^^^^^^^^^^
  File "/lustre09/project/6032307/arnauddr/MiniCPBP/server_mlm.py", line 147, in perplexity
    return {"perplexity": calculate_perplexity(sentence)}
                          ^^^^^^^^^^^^^^^^^^^^^^^^^^^^^^
  File "/lustre09/project/6032307/arnauddr/MiniCPBP/server_mlm.py", line 134, in calculate_perplexity
    with mutex:
TypeError: 'Lock' object does not support the context manager protocol
127.0.0.1 - - [30/Nov/2025 21:54:24] "[35m[1mPOST /perplexity HTTP/1.1[0m" 500 -
[2025-11-30 21:54:24,264] ERROR in app: Exception on /perplexity [POST]
Traceback (most recent call last):
  File "/lustre09/project/6032307/arnauddr/MiniCPBP/venv/lib/python3.11/site-packages/flask/app.py", line 1511, in wsgi_app
    response = self.full_dispatch_request()
               ^^^^^^^^^^^^^^^^^^^^^^^^^^^^
  File "/lustre09/project/6032307/arnauddr/MiniCPBP/venv/lib/python3.11/site-packages/flask/app.py", line 919, in full_dispatch_request
    rv = self.handle_user_exception(e)
         ^^^^^^^^^^^^^^^^^^^^^^^^^^^^^
  File "/lustre09/project/6032307/arnauddr/MiniCPBP/venv/lib/python3.11/site-packages/flask/app.py", line 917, in full_dispatch_request
    rv = self.dispatch_request()
         ^^^^^^^^^^^^^^^^^^^^^^^
  File "/lustre09/project/6032307/arnauddr/MiniCPBP/venv/lib/python3.11/site-packages/flask/app.py", line 902, in dispatch_request
    return self.ensure_sync(self.view_functions[rule.endpoint])(**view_args)  # type: ignore[no-any-return]
           ^^^^^^^^^^^^^^^^^^^^^^^^^^^^^^^^^^^^^^^^^^^^^^^^^^^^^^^^^^^^^^^^^
  File "/lustre09/project/6032307/arnauddr/MiniCPBP/server_mlm.py", line 147, in perplexity
    return {"perplexity": calculate_perplexity(sentence)}
                          ^^^^^^^^^^^^^^^^^^^^^^^^^^^^^^
  File "/lustre09/project/6032307/arnauddr/MiniCPBP/server_mlm.py", line 134, in calculate_perplexity
    with mutex:
TypeError: 'Lock' object does not support the context manager protocol
127.0.0.1 - - [30/Nov/2025 21:54:24] "[35m[1mPOST /perplexity HTTP/1.1[0m" 500 -
[2025-11-30 21:54:24,265] ERROR in app: Exception on /perplexity [POST]
Traceback (most recent call last):
  File "/lustre09/project/6032307/arnauddr/MiniCPBP/venv/lib/python3.11/site-packages/flask/app.py", line 1511, in wsgi_app
    response = self.full_dispatch_request()
               ^^^^^^^^^^^^^^^^^^^^^^^^^^^^
  File "/lustre09/project/6032307/arnauddr/MiniCPBP/venv/lib/python3.11/site-packages/flask/app.py", line 919, in full_dispatch_request
    rv = self.handle_user_exception(e)
         ^^^^^^^^^^^^^^^^^^^^^^^^^^^^^
  File "/lustre09/project/6032307/arnauddr/MiniCPBP/venv/lib/python3.11/site-packages/flask/app.py", line 917, in full_dispatch_request
    rv = self.dispatch_request()
         ^^^^^^^^^^^^^^^^^^^^^^^
  File "/lustre09/project/6032307/arnauddr/MiniCPBP/venv/lib/python3.11/site-packages/flask/app.py", line 902, in dispatch_request
    return self.ensure_sync(self.view_functions[rule.endpoint])(**view_args)  # type: ignore[no-any-return]
           ^^^^^^^^^^^^^^^^^^^^^^^^^^^^^^^^^^^^^^^^^^^^^^^^^^^^^^^^^^^^^^^^^
  File "/lustre09/project/6032307/arnauddr/MiniCPBP/server_mlm.py", line 147, in perplexity
    return {"perplexity": calculate_perplexity(sentence)}
                          ^^^^^^^^^^^^^^^^^^^^^^^^^^^^^^
  File "/lustre09/project/6032307/arnauddr/MiniCPBP/server_mlm.py", line 134, in calculate_perplexity
    with mutex:
TypeError: 'Lock' object does not support the context manager protocol
127.0.0.1 - - [30/Nov/2025 21:54:24] "[35m[1mPOST /perplexity HTTP/1.1[0m" 500 -
[2025-11-30 21:54:24,266] ERROR in app: Exception on /perplexity [POST]
Traceback (most recent call last):
  File "/lustre09/project/6032307/arnauddr/MiniCPBP/venv/lib/python3.11/site-packages/flask/app.py", line 1511, in wsgi_app
    response = self.full_dispatch_request()
               ^^^^^^^^^^^^^^^^^^^^^^^^^^^^
  File "/lustre09/project/6032307/arnauddr/MiniCPBP/venv/lib/python3.11/site-packages/flask/app.py", line 919, in full_dispatch_request
    rv = self.handle_user_exception(e)
         ^^^^^^^^^^^^^^^^^^^^^^^^^^^^^
  File "/lustre09/project/6032307/arnauddr/MiniCPBP/venv/lib/python3.11/site-packages/flask/app.py", line 917, in full_dispatch_request
    rv = self.dispatch_request()
         ^^^^^^^^^^^^^^^^^^^^^^^
  File "/lustre09/project/6032307/arnauddr/MiniCPBP/venv/lib/python3.11/site-packages/flask/app.py", line 902, in dispatch_request
    return self.ensure_sync(self.view_functions[rule.endpoint])(**view_args)  # type: ignore[no-any-return]
           ^^^^^^^^^^^^^^^^^^^^^^^^^^^^^^^^^^^^^^^^^^^^^^^^^^^^^^^^^^^^^^^^^
  File "/lustre09/project/6032307/arnauddr/MiniCPBP/server_mlm.py", line 147, in perplexity
    return {"perplexity": calculate_perplexity(sentence)}
                          ^^^^^^^^^^^^^^^^^^^^^^^^^^^^^^
  File "/lustre09/project/6032307/arnauddr/MiniCPBP/server_mlm.py", line 134, in calculate_perplexity
    with mutex:
TypeError: 'Lock' object does not support the context manager protocol
127.0.0.1 - - [30/Nov/2025 21:54:24] "[35m[1mPOST /perplexity HTTP/1.1[0m" 500 -
[2025-11-30 21:54:24,267] ERROR in app: Exception on /perplexity [POST]
Traceback (most recent call last):
  File "/lustre09/project/6032307/arnauddr/MiniCPBP/venv/lib/python3.11/site-packages/flask/app.py", line 1511, in wsgi_app
    response = self.full_dispatch_request()
               ^^^^^^^^^^^^^^^^^^^^^^^^^^^^
  File "/lustre09/project/6032307/arnauddr/MiniCPBP/venv/lib/python3.11/site-packages/flask/app.py", line 919, in full_dispatch_request
    rv = self.handle_user_exception(e)
         ^^^^^^^^^^^^^^^^^^^^^^^^^^^^^
  File "/lustre09/project/6032307/arnauddr/MiniCPBP/venv/lib/python3.11/site-packages/flask/app.py", line 917, in full_dispatch_request
    rv = self.dispatch_request()
         ^^^^^^^^^^^^^^^^^^^^^^^
  File "/lustre09/project/6032307/arnauddr/MiniCPBP/venv/lib/python3.11/site-packages/flask/app.py", line 902, in dispatch_request
    return self.ensure_sync(self.view_functions[rule.endpoint])(**view_args)  # type: ignore[no-any-return]
           ^^^^^^^^^^^^^^^^^^^^^^^^^^^^^^^^^^^^^^^^^^^^^^^^^^^^^^^^^^^^^^^^^
  File "/lustre09/project/6032307/arnauddr/MiniCPBP/server_mlm.py", line 147, in perplexity
    return {"perplexity": calculate_perplexity(sentence)}
                          ^^^^^^^^^^^^^^^^^^^^^^^^^^^^^^
  File "/lustre09/project/6032307/arnauddr/MiniCPBP/server_mlm.py", line 134, in calculate_perplexity
    with mutex:
TypeError: 'Lock' object does not support the context manager protocol
127.0.0.1 - - [30/Nov/2025 21:54:24] "[35m[1mPOST /perplexity HTTP/1.1[0m" 500 -
[2025-11-30 21:54:24,268] ERROR in app: Exception on /perplexity [POST]
Traceback (most recent call last):
  File "/lustre09/project/6032307/arnauddr/MiniCPBP/venv/lib/python3.11/site-packages/flask/app.py", line 1511, in wsgi_app
    response = self.full_dispatch_request()
               ^^^^^^^^^^^^^^^^^^^^^^^^^^^^
  File "/lustre09/project/6032307/arnauddr/MiniCPBP/venv/lib/python3.11/site-packages/flask/app.py", line 919, in full_dispatch_request
    rv = self.handle_user_exception(e)
         ^^^^^^^^^^^^^^^^^^^^^^^^^^^^^
  File "/lustre09/project/6032307/arnauddr/MiniCPBP/venv/lib/python3.11/site-packages/flask/app.py", line 917, in full_dispatch_request
    rv = self.dispatch_request()
         ^^^^^^^^^^^^^^^^^^^^^^^
  File "/lustre09/project/6032307/arnauddr/MiniCPBP/venv/lib/python3.11/site-packages/flask/app.py", line 902, in dispatch_request
    return self.ensure_sync(self.view_functions[rule.endpoint])(**view_args)  # type: ignore[no-any-return]
           ^^^^^^^^^^^^^^^^^^^^^^^^^^^^^^^^^^^^^^^^^^^^^^^^^^^^^^^^^^^^^^^^^
  File "/lustre09/project/6032307/arnauddr/MiniCPBP/server_mlm.py", line 147, in perplexity
    return {"perplexity": calculate_perplexity(sentence)}
                          ^^^^^^^^^^^^^^^^^^^^^^^^^^^^^^
  File "/lustre09/project/6032307/arnauddr/MiniCPBP/server_mlm.py", line 134, in calculate_perplexity
    with mutex:
TypeError: 'Lock' object does not support the context manager protocol
127.0.0.1 - - [30/Nov/2025 21:54:24] "[35m[1mPOST /perplexity HTTP/1.1[0m" 500 -
[2025-11-30 21:54:24,279] ERROR in app: Exception on /perplexity [POST]
Traceback (most recent call last):
  File "/lustre09/project/6032307/arnauddr/MiniCPBP/venv/lib/python3.11/site-packages/flask/app.py", line 1511, in wsgi_app
    response = self.full_dispatch_request()
               ^^^^^^^^^^^^^^^^^^^^^^^^^^^^
  File "/lustre09/project/6032307/arnauddr/MiniCPBP/venv/lib/python3.11/site-packages/flask/app.py", line 919, in full_dispatch_request
    rv = self.handle_user_exception(e)
         ^^^^^^^^^^^^^^^^^^^^^^^^^^^^^
  File "/lustre09/project/6032307/arnauddr/MiniCPBP/venv/lib/python3.11/site-packages/flask/app.py", line 917, in full_dispatch_request
    rv = self.dispatch_request()
         ^^^^^^^^^^^^^^^^^^^^^^^
  File "/lustre09/project/6032307/arnauddr/MiniCPBP/venv/lib/python3.11/site-packages/flask/app.py", line 902, in dispatch_request
    return self.ensure_sync(self.view_functions[rule.endpoint])(**view_args)  # type: ignore[no-any-return]
           ^^^^^^^^^^^^^^^^^^^^^^^^^^^^^^^^^^^^^^^^^^^^^^^^^^^^^^^^^^^^^^^^^
  File "/lustre09/project/6032307/arnauddr/MiniCPBP/server_mlm.py", line 147, in perplexity
    return {"perplexity": calculate_perplexity(sentence)}
                          ^^^^^^^^^^^^^^^^^^^^^^^^^^^^^^
  File "/lustre09/project/6032307/arnauddr/MiniCPBP/server_mlm.py", line 134, in calculate_perplexity
    with mutex:
TypeError: 'Lock' object does not support the context manager protocol
127.0.0.1 - - [30/Nov/2025 21:54:24] "[35m[1mPOST /perplexity HTTP/1.1[0m" 500 -
[2025-11-30 21:54:24,282] ERROR in app: Exception on /perplexity [POST]
Traceback (most recent call last):
  File "/lustre09/project/6032307/arnauddr/MiniCPBP/venv/lib/python3.11/site-packages/flask/app.py", line 1511, in wsgi_app
    response = self.full_dispatch_request()
               ^^^^^^^^^^^^^^^^^^^^^^^^^^^^
  File "/lustre09/project/6032307/arnauddr/MiniCPBP/venv/lib/python3.11/site-packages/flask/app.py", line 919, in full_dispatch_request
    rv = self.handle_user_exception(e)
         ^^^^^^^^^^^^^^^^^^^^^^^^^^^^^
  File "/lustre09/project/6032307/arnauddr/MiniCPBP/venv/lib/python3.11/site-packages/flask/app.py", line 917, in full_dispatch_request
    rv = self.dispatch_request()
         ^^^^^^^^^^^^^^^^^^^^^^^
  File "/lustre09/project/6032307/arnauddr/MiniCPBP/venv/lib/python3.11/site-packages/flask/app.py", line 902, in dispatch_request
    return self.ensure_sync(self.view_functions[rule.endpoint])(**view_args)  # type: ignore[no-any-return]
           ^^^^^^^^^^^^^^^^^^^^^^^^^^^^^^^^^^^^^^^^^^^^^^^^^^^^^^^^^^^^^^^^^
  File "/lustre09/project/6032307/arnauddr/MiniCPBP/server_mlm.py", line 147, in perplexity
    return {"perplexity": calculate_perplexity(sentence)}
                          ^^^^^^^^^^^^^^^^^^^^^^^^^^^^^^
  File "/lustre09/project/6032307/arnauddr/MiniCPBP/server_mlm.py", line 134, in calculate_perplexity
    with mutex:
TypeError: 'Lock' object does not support the context manager protocol
127.0.0.1 - - [30/Nov/2025 21:54:24] "[35m[1mPOST /perplexity HTTP/1.1[0m" 500 -
[2025-11-30 21:54:24,420] ERROR in app: Exception on /perplexity [POST]
Traceback (most recent call last):
  File "/lustre09/project/6032307/arnauddr/MiniCPBP/venv/lib/python3.11/site-packages/flask/app.py", line 1511, in wsgi_app
    response = self.full_dispatch_request()
               ^^^^^^^^^^^^^^^^^^^^^^^^^^^^
  File "/lustre09/project/6032307/arnauddr/MiniCPBP/venv/lib/python3.11/site-packages/flask/app.py", line 919, in full_dispatch_request
    rv = self.handle_user_exception(e)
         ^^^^^^^^^^^^^^^^^^^^^^^^^^^^^
  File "/lustre09/project/6032307/arnauddr/MiniCPBP/venv/lib/python3.11/site-packages/flask/app.py", line 917, in full_dispatch_request
    rv = self.dispatch_request()
         ^^^^^^^^^^^^^^^^^^^^^^^
  File "/lustre09/project/6032307/arnauddr/MiniCPBP/venv/lib/python3.11/site-packages/flask/app.py", line 902, in dispatch_request
    return self.ensure_sync(self.view_functions[rule.endpoint])(**view_args)  # type: ignore[no-any-return]
           ^^^^^^^^^^^^^^^^^^^^^^^^^^^^^^^^^^^^^^^^^^^^^^^^^^^^^^^^^^^^^^^^^
  File "/lustre09/project/6032307/arnauddr/MiniCPBP/server_mlm.py", line 147, in perplexity
    return {"perplexity": calculate_perplexity(sentence)}
                          ^^^^^^^^^^^^^^^^^^^^^^^^^^^^^^
  File "/lustre09/project/6032307/arnauddr/MiniCPBP/server_mlm.py", line 134, in calculate_perplexity
    with mutex:
TypeError: 'Lock' object does not support the context manager protocol
127.0.0.1 - - [30/Nov/2025 21:54:24] "[35m[1mPOST /perplexity HTTP/1.1[0m" 500 -
[2025-11-30 21:54:24,428] ERROR in app: Exception on /perplexity [POST]
Traceback (most recent call last):
  File "/lustre09/project/6032307/arnauddr/MiniCPBP/venv/lib/python3.11/site-packages/flask/app.py", line 1511, in wsgi_app
    response = self.full_dispatch_request()
               ^^^^^^^^^^^^^^^^^^^^^^^^^^^^
  File "/lustre09/project/6032307/arnauddr/MiniCPBP/venv/lib/python3.11/site-packages/flask/app.py", line 919, in full_dispatch_request
    rv = self.handle_user_exception(e)
         ^^^^^^^^^^^^^^^^^^^^^^^^^^^^^
  File "/lustre09/project/6032307/arnauddr/MiniCPBP/venv/lib/python3.11/site-packages/flask/app.py", line 917, in full_dispatch_request
    rv = self.dispatch_request()
         ^^^^^^^^^^^^^^^^^^^^^^^
  File "/lustre09/project/6032307/arnauddr/MiniCPBP/venv/lib/python3.11/site-packages/flask/app.py", line 902, in dispatch_request
    return self.ensure_sync(self.view_functions[rule.endpoint])(**view_args)  # type: ignore[no-any-return]
           ^^^^^^^^^^^^^^^^^^^^^^^^^^^^^^^^^^^^^^^^^^^^^^^^^^^^^^^^^^^^^^^^^
  File "/lustre09/project/6032307/arnauddr/MiniCPBP/server_mlm.py", line 147, in perplexity
    return {"perplexity": calculate_perplexity(sentence)}
                          ^^^^^^^^^^^^^^^^^^^^^^^^^^^^^^
  File "/lustre09/project/6032307/arnauddr/MiniCPBP/server_mlm.py", line 134, in calculate_perplexity
    with mutex:
TypeError: 'Lock' object does not support the context manager protocol
127.0.0.1 - - [30/Nov/2025 21:54:24] "[35m[1mPOST /perplexity HTTP/1.1[0m" 500 -
[2025-11-30 21:54:24,439] ERROR in app: Exception on /perplexity [POST]
Traceback (most recent call last):
  File "/lustre09/project/6032307/arnauddr/MiniCPBP/venv/lib/python3.11/site-packages/flask/app.py", line 1511, in wsgi_app
    response = self.full_dispatch_request()
               ^^^^^^^^^^^^^^^^^^^^^^^^^^^^
  File "/lustre09/project/6032307/arnauddr/MiniCPBP/venv/lib/python3.11/site-packages/flask/app.py", line 919, in full_dispatch_request
    rv = self.handle_user_exception(e)
         ^^^^^^^^^^^^^^^^^^^^^^^^^^^^^
  File "/lustre09/project/6032307/arnauddr/MiniCPBP/venv/lib/python3.11/site-packages/flask/app.py", line 917, in full_dispatch_request
    rv = self.dispatch_request()
         ^^^^^^^^^^^^^^^^^^^^^^^
  File "/lustre09/project/6032307/arnauddr/MiniCPBP/venv/lib/python3.11/site-packages/flask/app.py", line 902, in dispatch_request
    return self.ensure_sync(self.view_functions[rule.endpoint])(**view_args)  # type: ignore[no-any-return]
           ^^^^^^^^^^^^^^^^^^^^^^^^^^^^^^^^^^^^^^^^^^^^^^^^^^^^^^^^^^^^^^^^^
  File "/lustre09/project/6032307/arnauddr/MiniCPBP/server_mlm.py", line 147, in perplexity
    return {"perplexity": calculate_perplexity(sentence)}
                          ^^^^^^^^^^^^^^^^^^^^^^^^^^^^^^
  File "/lustre09/project/6032307/arnauddr/MiniCPBP/server_mlm.py", line 134, in calculate_perplexity
    with mutex:
TypeError: 'Lock' object does not support the context manager protocol
127.0.0.1 - - [30/Nov/2025 21:54:24] "[35m[1mPOST /perplexity HTTP/1.1[0m" 500 -
[2025-11-30 21:54:24,463] ERROR in app: Exception on /perplexity [POST]
Traceback (most recent call last):
  File "/lustre09/project/6032307/arnauddr/MiniCPBP/venv/lib/python3.11/site-packages/flask/app.py", line 1511, in wsgi_app
    response = self.full_dispatch_request()
               ^^^^^^^^^^^^^^^^^^^^^^^^^^^^
  File "/lustre09/project/6032307/arnauddr/MiniCPBP/venv/lib/python3.11/site-packages/flask/app.py", line 919, in full_dispatch_request
    rv = self.handle_user_exception(e)
         ^^^^^^^^^^^^^^^^^^^^^^^^^^^^^
  File "/lustre09/project/6032307/arnauddr/MiniCPBP/venv/lib/python3.11/site-packages/flask/app.py", line 917, in full_dispatch_request
    rv = self.dispatch_request()
         ^^^^^^^^^^^^^^^^^^^^^^^
  File "/lustre09/project/6032307/arnauddr/MiniCPBP/venv/lib/python3.11/site-packages/flask/app.py", line 902, in dispatch_request
    return self.ensure_sync(self.view_functions[rule.endpoint])(**view_args)  # type: ignore[no-any-return]
           ^^^^^^^^^^^^^^^^^^^^^^^^^^^^^^^^^^^^^^^^^^^^^^^^^^^^^^^^^^^^^^^^^
  File "/lustre09/project/6032307/arnauddr/MiniCPBP/server_mlm.py", line 147, in perplexity
    return {"perplexity": calculate_perplexity(sentence)}
                          ^^^^^^^^^^^^^^^^^^^^^^^^^^^^^^
  File "/lustre09/project/6032307/arnauddr/MiniCPBP/server_mlm.py", line 134, in calculate_perplexity
    with mutex:
TypeError: 'Lock' object does not support the context manager protocol
127.0.0.1 - - [30/Nov/2025 21:54:24] "[35m[1mPOST /perplexity HTTP/1.1[0m" 500 -
[2025-11-30 21:54:24,481] ERROR in app: Exception on /perplexity [POST]
Traceback (most recent call last):
  File "/lustre09/project/6032307/arnauddr/MiniCPBP/venv/lib/python3.11/site-packages/flask/app.py", line 1511, in wsgi_app
    response = self.full_dispatch_request()
               ^^^^^^^^^^^^^^^^^^^^^^^^^^^^
  File "/lustre09/project/6032307/arnauddr/MiniCPBP/venv/lib/python3.11/site-packages/flask/app.py", line 919, in full_dispatch_request
    rv = self.handle_user_exception(e)
         ^^^^^^^^^^^^^^^^^^^^^^^^^^^^^
  File "/lustre09/project/6032307/arnauddr/MiniCPBP/venv/lib/python3.11/site-packages/flask/app.py", line 917, in full_dispatch_request
    rv = self.dispatch_request()
         ^^^^^^^^^^^^^^^^^^^^^^^
  File "/lustre09/project/6032307/arnauddr/MiniCPBP/venv/lib/python3.11/site-packages/flask/app.py", line 902, in dispatch_request
    return self.ensure_sync(self.view_functions[rule.endpoint])(**view_args)  # type: ignore[no-any-return]
           ^^^^^^^^^^^^^^^^^^^^^^^^^^^^^^^^^^^^^^^^^^^^^^^^^^^^^^^^^^^^^^^^^
  File "/lustre09/project/6032307/arnauddr/MiniCPBP/server_mlm.py", line 147, in perplexity
    return {"perplexity": calculate_perplexity(sentence)}
                          ^^^^^^^^^^^^^^^^^^^^^^^^^^^^^^
  File "/lustre09/project/6032307/arnauddr/MiniCPBP/server_mlm.py", line 134, in calculate_perplexity
    with mutex:
TypeError: 'Lock' object does not support the context manager protocol
127.0.0.1 - - [30/Nov/2025 21:54:24] "[35m[1mPOST /perplexity HTTP/1.1[0m" 500 -
[2025-11-30 21:54:24,493] ERROR in app: Exception on /perplexity [POST]
Traceback (most recent call last):
  File "/lustre09/project/6032307/arnauddr/MiniCPBP/venv/lib/python3.11/site-packages/flask/app.py", line 1511, in wsgi_app
    response = self.full_dispatch_request()
               ^^^^^^^^^^^^^^^^^^^^^^^^^^^^
  File "/lustre09/project/6032307/arnauddr/MiniCPBP/venv/lib/python3.11/site-packages/flask/app.py", line 919, in full_dispatch_request
    rv = self.handle_user_exception(e)
         ^^^^^^^^^^^^^^^^^^^^^^^^^^^^^
  File "/lustre09/project/6032307/arnauddr/MiniCPBP/venv/lib/python3.11/site-packages/flask/app.py", line 917, in full_dispatch_request
    rv = self.dispatch_request()
         ^^^^^^^^^^^^^^^^^^^^^^^
  File "/lustre09/project/6032307/arnauddr/MiniCPBP/venv/lib/python3.11/site-packages/flask/app.py", line 902, in dispatch_request
    return self.ensure_sync(self.view_functions[rule.endpoint])(**view_args)  # type: ignore[no-any-return]
           ^^^^^^^^^^^^^^^^^^^^^^^^^^^^^^^^^^^^^^^^^^^^^^^^^^^^^^^^^^^^^^^^^
  File "/lustre09/project/6032307/arnauddr/MiniCPBP/server_mlm.py", line 147, in perplexity
    return {"perplexity": calculate_perplexity(sentence)}
                          ^^^^^^^^^^^^^^^^^^^^^^^^^^^^^^
  File "/lustre09/project/6032307/arnauddr/MiniCPBP/server_mlm.py", line 134, in calculate_perplexity
    with mutex:
TypeError: 'Lock' object does not support the context manager protocol
127.0.0.1 - - [30/Nov/2025 21:54:24] "[35m[1mPOST /perplexity HTTP/1.1[0m" 500 -
[2025-11-30 21:54:24,530] ERROR in app: Exception on /perplexity [POST]
Traceback (most recent call last):
  File "/lustre09/project/6032307/arnauddr/MiniCPBP/venv/lib/python3.11/site-packages/flask/app.py", line 1511, in wsgi_app
    response = self.full_dispatch_request()
               ^^^^^^^^^^^^^^^^^^^^^^^^^^^^
  File "/lustre09/project/6032307/arnauddr/MiniCPBP/venv/lib/python3.11/site-packages/flask/app.py", line 919, in full_dispatch_request
    rv = self.handle_user_exception(e)
         ^^^^^^^^^^^^^^^^^^^^^^^^^^^^^
  File "/lustre09/project/6032307/arnauddr/MiniCPBP/venv/lib/python3.11/site-packages/flask/app.py", line 917, in full_dispatch_request
    rv = self.dispatch_request()
         ^^^^^^^^^^^^^^^^^^^^^^^
  File "/lustre09/project/6032307/arnauddr/MiniCPBP/venv/lib/python3.11/site-packages/flask/app.py", line 902, in dispatch_request
    return self.ensure_sync(self.view_functions[rule.endpoint])(**view_args)  # type: ignore[no-any-return]
           ^^^^^^^^^^^^^^^^^^^^^^^^^^^^^^^^^^^^^^^^^^^^^^^^^^^^^^^^^^^^^^^^^
  File "/lustre09/project/6032307/arnauddr/MiniCPBP/server_mlm.py", line 147, in perplexity
    return {"perplexity": calculate_perplexity(sentence)}
                          ^^^^^^^^^^^^^^^^^^^^^^^^^^^^^^
  File "/lustre09/project/6032307/arnauddr/MiniCPBP/server_mlm.py", line 134, in calculate_perplexity
    with mutex:
TypeError: 'Lock' object does not support the context manager protocol
127.0.0.1 - - [30/Nov/2025 21:54:24] "[35m[1mPOST /perplexity HTTP/1.1[0m" 500 -
[2025-11-30 21:54:24,548] ERROR in app: Exception on /perplexity [POST]
Traceback (most recent call last):
  File "/lustre09/project/6032307/arnauddr/MiniCPBP/venv/lib/python3.11/site-packages/flask/app.py", line 1511, in wsgi_app
    response = self.full_dispatch_request()
               ^^^^^^^^^^^^^^^^^^^^^^^^^^^^
  File "/lustre09/project/6032307/arnauddr/MiniCPBP/venv/lib/python3.11/site-packages/flask/app.py", line 919, in full_dispatch_request
    rv = self.handle_user_exception(e)
         ^^^^^^^^^^^^^^^^^^^^^^^^^^^^^
  File "/lustre09/project/6032307/arnauddr/MiniCPBP/venv/lib/python3.11/site-packages/flask/app.py", line 917, in full_dispatch_request
    rv = self.dispatch_request()
         ^^^^^^^^^^^^^^^^^^^^^^^
  File "/lustre09/project/6032307/arnauddr/MiniCPBP/venv/lib/python3.11/site-packages/flask/app.py", line 902, in dispatch_request
    return self.ensure_sync(self.view_functions[rule.endpoint])(**view_args)  # type: ignore[no-any-return]
           ^^^^^^^^^^^^^^^^^^^^^^^^^^^^^^^^^^^^^^^^^^^^^^^^^^^^^^^^^^^^^^^^^
  File "/lustre09/project/6032307/arnauddr/MiniCPBP/server_mlm.py", line 147, in perplexity
    return {"perplexity": calculate_perplexity(sentence)}
                          ^^^^^^^^^^^^^^^^^^^^^^^^^^^^^^
  File "/lustre09/project/6032307/arnauddr/MiniCPBP/server_mlm.py", line 134, in calculate_perplexity
    with mutex:
TypeError: 'Lock' object does not support the context manager protocol
127.0.0.1 - - [30/Nov/2025 21:54:24] "[35m[1mPOST /perplexity HTTP/1.1[0m" 500 -
[2025-11-30 21:54:24,548] ERROR in app: Exception on /perplexity [POST]
Traceback (most recent call last):
  File "/lustre09/project/6032307/arnauddr/MiniCPBP/venv/lib/python3.11/site-packages/flask/app.py", line 1511, in wsgi_app
    response = self.full_dispatch_request()
               ^^^^^^^^^^^^^^^^^^^^^^^^^^^^
  File "/lustre09/project/6032307/arnauddr/MiniCPBP/venv/lib/python3.11/site-packages/flask/app.py", line 919, in full_dispatch_request
    rv = self.handle_user_exception(e)
         ^^^^^^^^^^^^^^^^^^^^^^^^^^^^^
  File "/lustre09/project/6032307/arnauddr/MiniCPBP/venv/lib/python3.11/site-packages/flask/app.py", line 917, in full_dispatch_request
    rv = self.dispatch_request()
         ^^^^^^^^^^^^^^^^^^^^^^^
  File "/lustre09/project/6032307/arnauddr/MiniCPBP/venv/lib/python3.11/site-packages/flask/app.py", line 902, in dispatch_request
    return self.ensure_sync(self.view_functions[rule.endpoint])(**view_args)  # type: ignore[no-any-return]
           ^^^^^^^^^^^^^^^^^^^^^^^^^^^^^^^^^^^^^^^^^^^^^^^^^^^^^^^^^^^^^^^^^
  File "/lustre09/project/6032307/arnauddr/MiniCPBP/server_mlm.py", line 147, in perplexity
    return {"perplexity": calculate_perplexity(sentence)}
                          ^^^^^^^^^^^^^^^^^^^^^^^^^^^^^^
  File "/lustre09/project/6032307/arnauddr/MiniCPBP/server_mlm.py", line 134, in calculate_perplexity
    with mutex:
TypeError: 'Lock' object does not support the context manager protocol
127.0.0.1 - - [30/Nov/2025 21:54:24] "[35m[1mPOST /perplexity HTTP/1.1[0m" 500 -
[2025-11-30 21:54:24,562] ERROR in app: Exception on /perplexity [POST]
Traceback (most recent call last):
  File "/lustre09/project/6032307/arnauddr/MiniCPBP/venv/lib/python3.11/site-packages/flask/app.py", line 1511, in wsgi_app
    response = self.full_dispatch_request()
               ^^^^^^^^^^^^^^^^^^^^^^^^^^^^
  File "/lustre09/project/6032307/arnauddr/MiniCPBP/venv/lib/python3.11/site-packages/flask/app.py", line 919, in full_dispatch_request
    rv = self.handle_user_exception(e)
         ^^^^^^^^^^^^^^^^^^^^^^^^^^^^^
  File "/lustre09/project/6032307/arnauddr/MiniCPBP/venv/lib/python3.11/site-packages/flask/app.py", line 917, in full_dispatch_request
    rv = self.dispatch_request()
         ^^^^^^^^^^^^^^^^^^^^^^^
  File "/lustre09/project/6032307/arnauddr/MiniCPBP/venv/lib/python3.11/site-packages/flask/app.py", line 902, in dispatch_request
    return self.ensure_sync(self.view_functions[rule.endpoint])(**view_args)  # type: ignore[no-any-return]
           ^^^^^^^^^^^^^^^^^^^^^^^^^^^^^^^^^^^^^^^^^^^^^^^^^^^^^^^^^^^^^^^^^
  File "/lustre09/project/6032307/arnauddr/MiniCPBP/server_mlm.py", line 147, in perplexity
    return {"perplexity": calculate_perplexity(sentence)}
                          ^^^^^^^^^^^^^^^^^^^^^^^^^^^^^^
  File "/lustre09/project/6032307/arnauddr/MiniCPBP/server_mlm.py", line 134, in calculate_perplexity
    with mutex:
TypeError: 'Lock' object does not support the context manager protocol
127.0.0.1 - - [30/Nov/2025 21:54:24] "[35m[1mPOST /perplexity HTTP/1.1[0m" 500 -
[2025-11-30 21:54:24,572] ERROR in app: Exception on /perplexity [POST]
Traceback (most recent call last):
  File "/lustre09/project/6032307/arnauddr/MiniCPBP/venv/lib/python3.11/site-packages/flask/app.py", line 1511, in wsgi_app
    response = self.full_dispatch_request()
               ^^^^^^^^^^^^^^^^^^^^^^^^^^^^
  File "/lustre09/project/6032307/arnauddr/MiniCPBP/venv/lib/python3.11/site-packages/flask/app.py", line 919, in full_dispatch_request
    rv = self.handle_user_exception(e)
         ^^^^^^^^^^^^^^^^^^^^^^^^^^^^^
  File "/lustre09/project/6032307/arnauddr/MiniCPBP/venv/lib/python3.11/site-packages/flask/app.py", line 917, in full_dispatch_request
    rv = self.dispatch_request()
         ^^^^^^^^^^^^^^^^^^^^^^^
  File "/lustre09/project/6032307/arnauddr/MiniCPBP/venv/lib/python3.11/site-packages/flask/app.py", line 902, in dispatch_request
    return self.ensure_sync(self.view_functions[rule.endpoint])(**view_args)  # type: ignore[no-any-return]
           ^^^^^^^^^^^^^^^^^^^^^^^^^^^^^^^^^^^^^^^^^^^^^^^^^^^^^^^^^^^^^^^^^
  File "/lustre09/project/6032307/arnauddr/MiniCPBP/server_mlm.py", line 147, in perplexity
    return {"perplexity": calculate_perplexity(sentence)}
                          ^^^^^^^^^^^^^^^^^^^^^^^^^^^^^^
  File "/lustre09/project/6032307/arnauddr/MiniCPBP/server_mlm.py", line 134, in calculate_perplexity
    with mutex:
TypeError: 'Lock' object does not support the context manager protocol
127.0.0.1 - - [30/Nov/2025 21:54:24] "[35m[1mPOST /perplexity HTTP/1.1[0m" 500 -
[2025-11-30 21:54:24,581] ERROR in app: Exception on /perplexity [POST]
Traceback (most recent call last):
  File "/lustre09/project/6032307/arnauddr/MiniCPBP/venv/lib/python3.11/site-packages/flask/app.py", line 1511, in wsgi_app
    response = self.full_dispatch_request()
               ^^^^^^^^^^^^^^^^^^^^^^^^^^^^
  File "/lustre09/project/6032307/arnauddr/MiniCPBP/venv/lib/python3.11/site-packages/flask/app.py", line 919, in full_dispatch_request
    rv = self.handle_user_exception(e)
         ^^^^^^^^^^^^^^^^^^^^^^^^^^^^^
  File "/lustre09/project/6032307/arnauddr/MiniCPBP/venv/lib/python3.11/site-packages/flask/app.py", line 917, in full_dispatch_request
    rv = self.dispatch_request()
         ^^^^^^^^^^^^^^^^^^^^^^^
  File "/lustre09/project/6032307/arnauddr/MiniCPBP/venv/lib/python3.11/site-packages/flask/app.py", line 902, in dispatch_request
    return self.ensure_sync(self.view_functions[rule.endpoint])(**view_args)  # type: ignore[no-any-return]
           ^^^^^^^^^^^^^^^^^^^^^^^^^^^^^^^^^^^^^^^^^^^^^^^^^^^^^^^^^^^^^^^^^
  File "/lustre09/project/6032307/arnauddr/MiniCPBP/server_mlm.py", line 147, in perplexity
    return {"perplexity": calculate_perplexity(sentence)}
                          ^^^^^^^^^^^^^^^^^^^^^^^^^^^^^^
  File "/lustre09/project/6032307/arnauddr/MiniCPBP/server_mlm.py", line 134, in calculate_perplexity
    with mutex:
TypeError: 'Lock' object does not support the context manager protocol
127.0.0.1 - - [30/Nov/2025 21:54:24] "[35m[1mPOST /perplexity HTTP/1.1[0m" 500 -
[2025-11-30 21:54:24,587] ERROR in app: Exception on /perplexity [POST]
Traceback (most recent call last):
  File "/lustre09/project/6032307/arnauddr/MiniCPBP/venv/lib/python3.11/site-packages/flask/app.py", line 1511, in wsgi_app
    response = self.full_dispatch_request()
               ^^^^^^^^^^^^^^^^^^^^^^^^^^^^
  File "/lustre09/project/6032307/arnauddr/MiniCPBP/venv/lib/python3.11/site-packages/flask/app.py", line 919, in full_dispatch_request
    rv = self.handle_user_exception(e)
         ^^^^^^^^^^^^^^^^^^^^^^^^^^^^^
  File "/lustre09/project/6032307/arnauddr/MiniCPBP/venv/lib/python3.11/site-packages/flask/app.py", line 917, in full_dispatch_request
    rv = self.dispatch_request()
         ^^^^^^^^^^^^^^^^^^^^^^^
  File "/lustre09/project/6032307/arnauddr/MiniCPBP/venv/lib/python3.11/site-packages/flask/app.py", line 902, in dispatch_request
    return self.ensure_sync(self.view_functions[rule.endpoint])(**view_args)  # type: ignore[no-any-return]
           ^^^^^^^^^^^^^^^^^^^^^^^^^^^^^^^^^^^^^^^^^^^^^^^^^^^^^^^^^^^^^^^^^
  File "/lustre09/project/6032307/arnauddr/MiniCPBP/server_mlm.py", line 147, in perplexity
    return {"perplexity": calculate_perplexity(sentence)}
                          ^^^^^^^^^^^^^^^^^^^^^^^^^^^^^^
  File "/lustre09/project/6032307/arnauddr/MiniCPBP/server_mlm.py", line 134, in calculate_perplexity
    with mutex:
TypeError: 'Lock' object does not support the context manager protocol
127.0.0.1 - - [30/Nov/2025 21:54:24] "[35m[1mPOST /perplexity HTTP/1.1[0m" 500 -
[2025-11-30 21:54:24,594] ERROR in app: Exception on /perplexity [POST]
Traceback (most recent call last):
  File "/lustre09/project/6032307/arnauddr/MiniCPBP/venv/lib/python3.11/site-packages/flask/app.py", line 1511, in wsgi_app
    response = self.full_dispatch_request()
               ^^^^^^^^^^^^^^^^^^^^^^^^^^^^
  File "/lustre09/project/6032307/arnauddr/MiniCPBP/venv/lib/python3.11/site-packages/flask/app.py", line 919, in full_dispatch_request
    rv = self.handle_user_exception(e)
         ^^^^^^^^^^^^^^^^^^^^^^^^^^^^^
  File "/lustre09/project/6032307/arnauddr/MiniCPBP/venv/lib/python3.11/site-packages/flask/app.py", line 917, in full_dispatch_request
    rv = self.dispatch_request()
         ^^^^^^^^^^^^^^^^^^^^^^^
  File "/lustre09/project/6032307/arnauddr/MiniCPBP/venv/lib/python3.11/site-packages/flask/app.py", line 902, in dispatch_request
    return self.ensure_sync(self.view_functions[rule.endpoint])(**view_args)  # type: ignore[no-any-return]
           ^^^^^^^^^^^^^^^^^^^^^^^^^^^^^^^^^^^^^^^^^^^^^^^^^^^^^^^^^^^^^^^^^
  File "/lustre09/project/6032307/arnauddr/MiniCPBP/server_mlm.py", line 147, in perplexity
    return {"perplexity": calculate_perplexity(sentence)}
                          ^^^^^^^^^^^^^^^^^^^^^^^^^^^^^^
  File "/lustre09/project/6032307/arnauddr/MiniCPBP/server_mlm.py", line 134, in calculate_perplexity
    with mutex:
TypeError: 'Lock' object does not support the context manager protocol
127.0.0.1 - - [30/Nov/2025 21:54:24] "[35m[1mPOST /perplexity HTTP/1.1[0m" 500 -
[2025-11-30 21:54:24,605] ERROR in app: Exception on /perplexity [POST]
Traceback (most recent call last):
  File "/lustre09/project/6032307/arnauddr/MiniCPBP/venv/lib/python3.11/site-packages/flask/app.py", line 1511, in wsgi_app
    response = self.full_dispatch_request()
               ^^^^^^^^^^^^^^^^^^^^^^^^^^^^
  File "/lustre09/project/6032307/arnauddr/MiniCPBP/venv/lib/python3.11/site-packages/flask/app.py", line 919, in full_dispatch_request
    rv = self.handle_user_exception(e)
         ^^^^^^^^^^^^^^^^^^^^^^^^^^^^^
  File "/lustre09/project/6032307/arnauddr/MiniCPBP/venv/lib/python3.11/site-packages/flask/app.py", line 917, in full_dispatch_request
    rv = self.dispatch_request()
         ^^^^^^^^^^^^^^^^^^^^^^^
  File "/lustre09/project/6032307/arnauddr/MiniCPBP/venv/lib/python3.11/site-packages/flask/app.py", line 902, in dispatch_request
    return self.ensure_sync(self.view_functions[rule.endpoint])(**view_args)  # type: ignore[no-any-return]
           ^^^^^^^^^^^^^^^^^^^^^^^^^^^^^^^^^^^^^^^^^^^^^^^^^^^^^^^^^^^^^^^^^
  File "/lustre09/project/6032307/arnauddr/MiniCPBP/server_mlm.py", line 147, in perplexity
    return {"perplexity": calculate_perplexity(sentence)}
                          ^^^^^^^^^^^^^^^^^^^^^^^^^^^^^^
  File "/lustre09/project/6032307/arnauddr/MiniCPBP/server_mlm.py", line 134, in calculate_perplexity
    with mutex:
TypeError: 'Lock' object does not support the context manager protocol
127.0.0.1 - - [30/Nov/2025 21:54:24] "[35m[1mPOST /perplexity HTTP/1.1[0m" 500 -
[2025-11-30 21:54:24,607] ERROR in app: Exception on /perplexity [POST]
Traceback (most recent call last):
  File "/lustre09/project/6032307/arnauddr/MiniCPBP/venv/lib/python3.11/site-packages/flask/app.py", line 1511, in wsgi_app
    response = self.full_dispatch_request()
               ^^^^^^^^^^^^^^^^^^^^^^^^^^^^
  File "/lustre09/project/6032307/arnauddr/MiniCPBP/venv/lib/python3.11/site-packages/flask/app.py", line 919, in full_dispatch_request
    rv = self.handle_user_exception(e)
         ^^^^^^^^^^^^^^^^^^^^^^^^^^^^^
  File "/lustre09/project/6032307/arnauddr/MiniCPBP/venv/lib/python3.11/site-packages/flask/app.py", line 917, in full_dispatch_request
    rv = self.dispatch_request()
         ^^^^^^^^^^^^^^^^^^^^^^^
  File "/lustre09/project/6032307/arnauddr/MiniCPBP/venv/lib/python3.11/site-packages/flask/app.py", line 902, in dispatch_request
    return self.ensure_sync(self.view_functions[rule.endpoint])(**view_args)  # type: ignore[no-any-return]
           ^^^^^^^^^^^^^^^^^^^^^^^^^^^^^^^^^^^^^^^^^^^^^^^^^^^^^^^^^^^^^^^^^
  File "/lustre09/project/6032307/arnauddr/MiniCPBP/server_mlm.py", line 147, in perplexity
    return {"perplexity": calculate_perplexity(sentence)}
                          ^^^^^^^^^^^^^^^^^^^^^^^^^^^^^^
  File "/lustre09/project/6032307/arnauddr/MiniCPBP/server_mlm.py", line 134, in calculate_perplexity
    with mutex:
TypeError: 'Lock' object does not support the context manager protocol
127.0.0.1 - - [30/Nov/2025 21:54:24] "[35m[1mPOST /perplexity HTTP/1.1[0m" 500 -
[2025-11-30 21:54:24,649] ERROR in app: Exception on /perplexity [POST]
Traceback (most recent call last):
  File "/lustre09/project/6032307/arnauddr/MiniCPBP/venv/lib/python3.11/site-packages/flask/app.py", line 1511, in wsgi_app
    response = self.full_dispatch_request()
               ^^^^^^^^^^^^^^^^^^^^^^^^^^^^
  File "/lustre09/project/6032307/arnauddr/MiniCPBP/venv/lib/python3.11/site-packages/flask/app.py", line 919, in full_dispatch_request
    rv = self.handle_user_exception(e)
         ^^^^^^^^^^^^^^^^^^^^^^^^^^^^^
  File "/lustre09/project/6032307/arnauddr/MiniCPBP/venv/lib/python3.11/site-packages/flask/app.py", line 917, in full_dispatch_request
    rv = self.dispatch_request()
         ^^^^^^^^^^^^^^^^^^^^^^^
  File "/lustre09/project/6032307/arnauddr/MiniCPBP/venv/lib/python3.11/site-packages/flask/app.py", line 902, in dispatch_request
    return self.ensure_sync(self.view_functions[rule.endpoint])(**view_args)  # type: ignore[no-any-return]
           ^^^^^^^^^^^^^^^^^^^^^^^^^^^^^^^^^^^^^^^^^^^^^^^^^^^^^^^^^^^^^^^^^
  File "/lustre09/project/6032307/arnauddr/MiniCPBP/server_mlm.py", line 147, in perplexity
    return {"perplexity": calculate_perplexity(sentence)}
                          ^^^^^^^^^^^^^^^^^^^^^^^^^^^^^^
  File "/lustre09/project/6032307/arnauddr/MiniCPBP/server_mlm.py", line 134, in calculate_perplexity
    with mutex:
TypeError: 'Lock' object does not support the context manager protocol
127.0.0.1 - - [30/Nov/2025 21:54:24] "[35m[1mPOST /perplexity HTTP/1.1[0m" 500 -
[2025-11-30 21:54:24,934] ERROR in app: Exception on /perplexity [POST]
Traceback (most recent call last):
  File "/lustre09/project/6032307/arnauddr/MiniCPBP/venv/lib/python3.11/site-packages/flask/app.py", line 1511, in wsgi_app
    response = self.full_dispatch_request()
               ^^^^^^^^^^^^^^^^^^^^^^^^^^^^
  File "/lustre09/project/6032307/arnauddr/MiniCPBP/venv/lib/python3.11/site-packages/flask/app.py", line 919, in full_dispatch_request
    rv = self.handle_user_exception(e)
         ^^^^^^^^^^^^^^^^^^^^^^^^^^^^^
  File "/lustre09/project/6032307/arnauddr/MiniCPBP/venv/lib/python3.11/site-packages/flask/app.py", line 917, in full_dispatch_request
    rv = self.dispatch_request()
         ^^^^^^^^^^^^^^^^^^^^^^^
  File "/lustre09/project/6032307/arnauddr/MiniCPBP/venv/lib/python3.11/site-packages/flask/app.py", line 902, in dispatch_request
    return self.ensure_sync(self.view_functions[rule.endpoint])(**view_args)  # type: ignore[no-any-return]
           ^^^^^^^^^^^^^^^^^^^^^^^^^^^^^^^^^^^^^^^^^^^^^^^^^^^^^^^^^^^^^^^^^
  File "/lustre09/project/6032307/arnauddr/MiniCPBP/server_mlm.py", line 147, in perplexity
    return {"perplexity": calculate_perplexity(sentence)}
                          ^^^^^^^^^^^^^^^^^^^^^^^^^^^^^^
  File "/lustre09/project/6032307/arnauddr/MiniCPBP/server_mlm.py", line 134, in calculate_perplexity
    with mutex:
TypeError: 'Lock' object does not support the context manager protocol
127.0.0.1 - - [30/Nov/2025 21:54:24] "[35m[1mPOST /perplexity HTTP/1.1[0m" 500 -
[2025-11-30 21:54:24,935] ERROR in app: Exception on /perplexity [POST]
Traceback (most recent call last):
  File "/lustre09/project/6032307/arnauddr/MiniCPBP/venv/lib/python3.11/site-packages/flask/app.py", line 1511, in wsgi_app
    response = self.full_dispatch_request()
               ^^^^^^^^^^^^^^^^^^^^^^^^^^^^
  File "/lustre09/project/6032307/arnauddr/MiniCPBP/venv/lib/python3.11/site-packages/flask/app.py", line 919, in full_dispatch_request
    rv = self.handle_user_exception(e)
         ^^^^^^^^^^^^^^^^^^^^^^^^^^^^^
  File "/lustre09/project/6032307/arnauddr/MiniCPBP/venv/lib/python3.11/site-packages/flask/app.py", line 917, in full_dispatch_request
    rv = self.dispatch_request()
         ^^^^^^^^^^^^^^^^^^^^^^^
  File "/lustre09/project/6032307/arnauddr/MiniCPBP/venv/lib/python3.11/site-packages/flask/app.py", line 902, in dispatch_request
    return self.ensure_sync(self.view_functions[rule.endpoint])(**view_args)  # type: ignore[no-any-return]
           ^^^^^^^^^^^^^^^^^^^^^^^^^^^^^^^^^^^^^^^^^^^^^^^^^^^^^^^^^^^^^^^^^
  File "/lustre09/project/6032307/arnauddr/MiniCPBP/server_mlm.py", line 147, in perplexity
    return {"perplexity": calculate_perplexity(sentence)}
                          ^^^^^^^^^^^^^^^^^^^^^^^^^^^^^^
  File "/lustre09/project/6032307/arnauddr/MiniCPBP/server_mlm.py", line 134, in calculate_perplexity
    with mutex:
TypeError: 'Lock' object does not support the context manager protocol
127.0.0.1 - - [30/Nov/2025 21:54:24] "[35m[1mPOST /perplexity HTTP/1.1[0m" 500 -
[2025-11-30 21:54:25,126] ERROR in app: Exception on /perplexity [POST]
Traceback (most recent call last):
  File "/lustre09/project/6032307/arnauddr/MiniCPBP/venv/lib/python3.11/site-packages/flask/app.py", line 1511, in wsgi_app
    response = self.full_dispatch_request()
               ^^^^^^^^^^^^^^^^^^^^^^^^^^^^
  File "/lustre09/project/6032307/arnauddr/MiniCPBP/venv/lib/python3.11/site-packages/flask/app.py", line 919, in full_dispatch_request
    rv = self.handle_user_exception(e)
         ^^^^^^^^^^^^^^^^^^^^^^^^^^^^^
  File "/lustre09/project/6032307/arnauddr/MiniCPBP/venv/lib/python3.11/site-packages/flask/app.py", line 917, in full_dispatch_request
    rv = self.dispatch_request()
         ^^^^^^^^^^^^^^^^^^^^^^^
  File "/lustre09/project/6032307/arnauddr/MiniCPBP/venv/lib/python3.11/site-packages/flask/app.py", line 902, in dispatch_request
    return self.ensure_sync(self.view_functions[rule.endpoint])(**view_args)  # type: ignore[no-any-return]
           ^^^^^^^^^^^^^^^^^^^^^^^^^^^^^^^^^^^^^^^^^^^^^^^^^^^^^^^^^^^^^^^^^
  File "/lustre09/project/6032307/arnauddr/MiniCPBP/server_mlm.py", line 147, in perplexity
    return {"perplexity": calculate_perplexity(sentence)}
                          ^^^^^^^^^^^^^^^^^^^^^^^^^^^^^^
  File "/lustre09/project/6032307/arnauddr/MiniCPBP/server_mlm.py", line 134, in calculate_perplexity
    with mutex:
TypeError: 'Lock' object does not support the context manager protocol
127.0.0.1 - - [30/Nov/2025 21:54:25] "[35m[1mPOST /perplexity HTTP/1.1[0m" 500 -
[2025-11-30 21:54:25,319] ERROR in app: Exception on /perplexity [POST]
Traceback (most recent call last):
  File "/lustre09/project/6032307/arnauddr/MiniCPBP/venv/lib/python3.11/site-packages/flask/app.py", line 1511, in wsgi_app
    response = self.full_dispatch_request()
               ^^^^^^^^^^^^^^^^^^^^^^^^^^^^
  File "/lustre09/project/6032307/arnauddr/MiniCPBP/venv/lib/python3.11/site-packages/flask/app.py", line 919, in full_dispatch_request
    rv = self.handle_user_exception(e)
         ^^^^^^^^^^^^^^^^^^^^^^^^^^^^^
  File "/lustre09/project/6032307/arnauddr/MiniCPBP/venv/lib/python3.11/site-packages/flask/app.py", line 917, in full_dispatch_request
    rv = self.dispatch_request()
         ^^^^^^^^^^^^^^^^^^^^^^^
  File "/lustre09/project/6032307/arnauddr/MiniCPBP/venv/lib/python3.11/site-packages/flask/app.py", line 902, in dispatch_request
    return self.ensure_sync(self.view_functions[rule.endpoint])(**view_args)  # type: ignore[no-any-return]
           ^^^^^^^^^^^^^^^^^^^^^^^^^^^^^^^^^^^^^^^^^^^^^^^^^^^^^^^^^^^^^^^^^
  File "/lustre09/project/6032307/arnauddr/MiniCPBP/server_mlm.py", line 147, in perplexity
    return {"perplexity": calculate_perplexity(sentence)}
                          ^^^^^^^^^^^^^^^^^^^^^^^^^^^^^^
  File "/lustre09/project/6032307/arnauddr/MiniCPBP/server_mlm.py", line 134, in calculate_perplexity
    with mutex:
TypeError: 'Lock' object does not support the context manager protocol
127.0.0.1 - - [30/Nov/2025 21:54:25] "[35m[1mPOST /perplexity HTTP/1.1[0m" 500 -
[2025-11-30 21:54:25,319] ERROR in app: Exception on /perplexity [POST]
Traceback (most recent call last):
  File "/lustre09/project/6032307/arnauddr/MiniCPBP/venv/lib/python3.11/site-packages/flask/app.py", line 1511, in wsgi_app
    response = self.full_dispatch_request()
               ^^^^^^^^^^^^^^^^^^^^^^^^^^^^
  File "/lustre09/project/6032307/arnauddr/MiniCPBP/venv/lib/python3.11/site-packages/flask/app.py", line 919, in full_dispatch_request
    rv = self.handle_user_exception(e)
         ^^^^^^^^^^^^^^^^^^^^^^^^^^^^^
  File "/lustre09/project/6032307/arnauddr/MiniCPBP/venv/lib/python3.11/site-packages/flask/app.py", line 917, in full_dispatch_request
    rv = self.dispatch_request()
         ^^^^^^^^^^^^^^^^^^^^^^^
  File "/lustre09/project/6032307/arnauddr/MiniCPBP/venv/lib/python3.11/site-packages/flask/app.py", line 902, in dispatch_request
    return self.ensure_sync(self.view_functions[rule.endpoint])(**view_args)  # type: ignore[no-any-return]
           ^^^^^^^^^^^^^^^^^^^^^^^^^^^^^^^^^^^^^^^^^^^^^^^^^^^^^^^^^^^^^^^^^
  File "/lustre09/project/6032307/arnauddr/MiniCPBP/server_mlm.py", line 147, in perplexity
    return {"perplexity": calculate_perplexity(sentence)}
                          ^^^^^^^^^^^^^^^^^^^^^^^^^^^^^^
  File "/lustre09/project/6032307/arnauddr/MiniCPBP/server_mlm.py", line 134, in calculate_perplexity
    with mutex:
TypeError: 'Lock' object does not support the context manager protocol
127.0.0.1 - - [30/Nov/2025 21:54:25] "[35m[1mPOST /perplexity HTTP/1.1[0m" 500 -
[2025-11-30 21:54:25,320] ERROR in app: Exception on /perplexity [POST]
Traceback (most recent call last):
  File "/lustre09/project/6032307/arnauddr/MiniCPBP/venv/lib/python3.11/site-packages/flask/app.py", line 1511, in wsgi_app
    response = self.full_dispatch_request()
               ^^^^^^^^^^^^^^^^^^^^^^^^^^^^
  File "/lustre09/project/6032307/arnauddr/MiniCPBP/venv/lib/python3.11/site-packages/flask/app.py", line 919, in full_dispatch_request
    rv = self.handle_user_exception(e)
         ^^^^^^^^^^^^^^^^^^^^^^^^^^^^^
  File "/lustre09/project/6032307/arnauddr/MiniCPBP/venv/lib/python3.11/site-packages/flask/app.py", line 917, in full_dispatch_request
    rv = self.dispatch_request()
         ^^^^^^^^^^^^^^^^^^^^^^^
  File "/lustre09/project/6032307/arnauddr/MiniCPBP/venv/lib/python3.11/site-packages/flask/app.py", line 902, in dispatch_request
    return self.ensure_sync(self.view_functions[rule.endpoint])(**view_args)  # type: ignore[no-any-return]
           ^^^^^^^^^^^^^^^^^^^^^^^^^^^^^^^^^^^^^^^^^^^^^^^^^^^^^^^^^^^^^^^^^
  File "/lustre09/project/6032307/arnauddr/MiniCPBP/server_mlm.py", line 147, in perplexity
    return {"perplexity": calculate_perplexity(sentence)}
                          ^^^^^^^^^^^^^^^^^^^^^^^^^^^^^^
  File "/lustre09/project/6032307/arnauddr/MiniCPBP/server_mlm.py", line 134, in calculate_perplexity
    with mutex:
TypeError: 'Lock' object does not support the context manager protocol
127.0.0.1 - - [30/Nov/2025 21:54:25] "[35m[1mPOST /perplexity HTTP/1.1[0m" 500 -
[2025-11-30 21:54:25,325] ERROR in app: Exception on /perplexity [POST]
Traceback (most recent call last):
  File "/lustre09/project/6032307/arnauddr/MiniCPBP/venv/lib/python3.11/site-packages/flask/app.py", line 1511, in wsgi_app
    response = self.full_dispatch_request()
               ^^^^^^^^^^^^^^^^^^^^^^^^^^^^
  File "/lustre09/project/6032307/arnauddr/MiniCPBP/venv/lib/python3.11/site-packages/flask/app.py", line 919, in full_dispatch_request
    rv = self.handle_user_exception(e)
         ^^^^^^^^^^^^^^^^^^^^^^^^^^^^^
  File "/lustre09/project/6032307/arnauddr/MiniCPBP/venv/lib/python3.11/site-packages/flask/app.py", line 917, in full_dispatch_request
    rv = self.dispatch_request()
         ^^^^^^^^^^^^^^^^^^^^^^^
  File "/lustre09/project/6032307/arnauddr/MiniCPBP/venv/lib/python3.11/site-packages/flask/app.py", line 902, in dispatch_request
    return self.ensure_sync(self.view_functions[rule.endpoint])(**view_args)  # type: ignore[no-any-return]
           ^^^^^^^^^^^^^^^^^^^^^^^^^^^^^^^^^^^^^^^^^^^^^^^^^^^^^^^^^^^^^^^^^
  File "/lustre09/project/6032307/arnauddr/MiniCPBP/server_mlm.py", line 147, in perplexity
    return {"perplexity": calculate_perplexity(sentence)}
                          ^^^^^^^^^^^^^^^^^^^^^^^^^^^^^^
  File "/lustre09/project/6032307/arnauddr/MiniCPBP/server_mlm.py", line 134, in calculate_perplexity
    with mutex:
TypeError: 'Lock' object does not support the context manager protocol
127.0.0.1 - - [30/Nov/2025 21:54:25] "[35m[1mPOST /perplexity HTTP/1.1[0m" 500 -
[2025-11-30 21:54:25,446] ERROR in app: Exception on /perplexity [POST]
Traceback (most recent call last):
  File "/lustre09/project/6032307/arnauddr/MiniCPBP/venv/lib/python3.11/site-packages/flask/app.py", line 1511, in wsgi_app
    response = self.full_dispatch_request()
               ^^^^^^^^^^^^^^^^^^^^^^^^^^^^
  File "/lustre09/project/6032307/arnauddr/MiniCPBP/venv/lib/python3.11/site-packages/flask/app.py", line 919, in full_dispatch_request
    rv = self.handle_user_exception(e)
         ^^^^^^^^^^^^^^^^^^^^^^^^^^^^^
  File "/lustre09/project/6032307/arnauddr/MiniCPBP/venv/lib/python3.11/site-packages/flask/app.py", line 917, in full_dispatch_request
    rv = self.dispatch_request()
         ^^^^^^^^^^^^^^^^^^^^^^^
  File "/lustre09/project/6032307/arnauddr/MiniCPBP/venv/lib/python3.11/site-packages/flask/app.py", line 902, in dispatch_request
    return self.ensure_sync(self.view_functions[rule.endpoint])(**view_args)  # type: ignore[no-any-return]
           ^^^^^^^^^^^^^^^^^^^^^^^^^^^^^^^^^^^^^^^^^^^^^^^^^^^^^^^^^^^^^^^^^
  File "/lustre09/project/6032307/arnauddr/MiniCPBP/server_mlm.py", line 147, in perplexity
    return {"perplexity": calculate_perplexity(sentence)}
                          ^^^^^^^^^^^^^^^^^^^^^^^^^^^^^^
  File "/lustre09/project/6032307/arnauddr/MiniCPBP/server_mlm.py", line 134, in calculate_perplexity
    with mutex:
TypeError: 'Lock' object does not support the context manager protocol
127.0.0.1 - - [30/Nov/2025 21:54:25] "[35m[1mPOST /perplexity HTTP/1.1[0m" 500 -
[2025-11-30 21:54:25,447] ERROR in app: Exception on /perplexity [POST]
Traceback (most recent call last):
  File "/lustre09/project/6032307/arnauddr/MiniCPBP/venv/lib/python3.11/site-packages/flask/app.py", line 1511, in wsgi_app
    response = self.full_dispatch_request()
               ^^^^^^^^^^^^^^^^^^^^^^^^^^^^
  File "/lustre09/project/6032307/arnauddr/MiniCPBP/venv/lib/python3.11/site-packages/flask/app.py", line 919, in full_dispatch_request
    rv = self.handle_user_exception(e)
         ^^^^^^^^^^^^^^^^^^^^^^^^^^^^^
  File "/lustre09/project/6032307/arnauddr/MiniCPBP/venv/lib/python3.11/site-packages/flask/app.py", line 917, in full_dispatch_request
    rv = self.dispatch_request()
         ^^^^^^^^^^^^^^^^^^^^^^^
  File "/lustre09/project/6032307/arnauddr/MiniCPBP/venv/lib/python3.11/site-packages/flask/app.py", line 902, in dispatch_request
    return self.ensure_sync(self.view_functions[rule.endpoint])(**view_args)  # type: ignore[no-any-return]
           ^^^^^^^^^^^^^^^^^^^^^^^^^^^^^^^^^^^^^^^^^^^^^^^^^^^^^^^^^^^^^^^^^
  File "/lustre09/project/6032307/arnauddr/MiniCPBP/server_mlm.py", line 147, in perplexity
    return {"perplexity": calculate_perplexity(sentence)}
                          ^^^^^^^^^^^^^^^^^^^^^^^^^^^^^^
  File "/lustre09/project/6032307/arnauddr/MiniCPBP/server_mlm.py", line 134, in calculate_perplexity
    with mutex:
TypeError: 'Lock' object does not support the context manager protocol
127.0.0.1 - - [30/Nov/2025 21:54:25] "[35m[1mPOST /perplexity HTTP/1.1[0m" 500 -
[2025-11-30 21:54:25,447] ERROR in app: Exception on /perplexity [POST]
Traceback (most recent call last):
  File "/lustre09/project/6032307/arnauddr/MiniCPBP/venv/lib/python3.11/site-packages/flask/app.py", line 1511, in wsgi_app
    response = self.full_dispatch_request()
               ^^^^^^^^^^^^^^^^^^^^^^^^^^^^
  File "/lustre09/project/6032307/arnauddr/MiniCPBP/venv/lib/python3.11/site-packages/flask/app.py", line 919, in full_dispatch_request
    rv = self.handle_user_exception(e)
         ^^^^^^^^^^^^^^^^^^^^^^^^^^^^^
  File "/lustre09/project/6032307/arnauddr/MiniCPBP/venv/lib/python3.11/site-packages/flask/app.py", line 917, in full_dispatch_request
    rv = self.dispatch_request()
         ^^^^^^^^^^^^^^^^^^^^^^^
  File "/lustre09/project/6032307/arnauddr/MiniCPBP/venv/lib/python3.11/site-packages/flask/app.py", line 902, in dispatch_request
    return self.ensure_sync(self.view_functions[rule.endpoint])(**view_args)  # type: ignore[no-any-return]
           ^^^^^^^^^^^^^^^^^^^^^^^^^^^^^^^^^^^^^^^^^^^^^^^^^^^^^^^^^^^^^^^^^
  File "/lustre09/project/6032307/arnauddr/MiniCPBP/server_mlm.py", line 147, in perplexity
    return {"perplexity": calculate_perplexity(sentence)}
                          ^^^^^^^^^^^^^^^^^^^^^^^^^^^^^^
  File "/lustre09/project/6032307/arnauddr/MiniCPBP/server_mlm.py", line 134, in calculate_perplexity
    with mutex:
TypeError: 'Lock' object does not support the context manager protocol
127.0.0.1 - - [30/Nov/2025 21:54:25] "[35m[1mPOST /perplexity HTTP/1.1[0m" 500 -
[2025-11-30 21:54:26,982] ERROR in app: Exception on /perplexity [POST]
Traceback (most recent call last):
  File "/lustre09/project/6032307/arnauddr/MiniCPBP/venv/lib/python3.11/site-packages/flask/app.py", line 1511, in wsgi_app
    response = self.full_dispatch_request()
               ^^^^^^^^^^^^^^^^^^^^^^^^^^^^
  File "/lustre09/project/6032307/arnauddr/MiniCPBP/venv/lib/python3.11/site-packages/flask/app.py", line 919, in full_dispatch_request
    rv = self.handle_user_exception(e)
         ^^^^^^^^^^^^^^^^^^^^^^^^^^^^^
  File "/lustre09/project/6032307/arnauddr/MiniCPBP/venv/lib/python3.11/site-packages/flask/app.py", line 917, in full_dispatch_request
    rv = self.dispatch_request()
         ^^^^^^^^^^^^^^^^^^^^^^^
  File "/lustre09/project/6032307/arnauddr/MiniCPBP/venv/lib/python3.11/site-packages/flask/app.py", line 902, in dispatch_request
    return self.ensure_sync(self.view_functions[rule.endpoint])(**view_args)  # type: ignore[no-any-return]
           ^^^^^^^^^^^^^^^^^^^^^^^^^^^^^^^^^^^^^^^^^^^^^^^^^^^^^^^^^^^^^^^^^
  File "/lustre09/project/6032307/arnauddr/MiniCPBP/server_mlm.py", line 147, in perplexity
    return {"perplexity": calculate_perplexity(sentence)}
                          ^^^^^^^^^^^^^^^^^^^^^^^^^^^^^^
  File "/lustre09/project/6032307/arnauddr/MiniCPBP/server_mlm.py", line 134, in calculate_perplexity
    with mutex:
TypeError: 'Lock' object does not support the context manager protocol
127.0.0.1 - - [30/Nov/2025 21:54:26] "[35m[1mPOST /perplexity HTTP/1.1[0m" 500 -
[2025-11-30 21:54:26,983] ERROR in app: Exception on /perplexity [POST]
Traceback (most recent call last):
  File "/lustre09/project/6032307/arnauddr/MiniCPBP/venv/lib/python3.11/site-packages/flask/app.py", line 1511, in wsgi_app
    response = self.full_dispatch_request()
               ^^^^^^^^^^^^^^^^^^^^^^^^^^^^
  File "/lustre09/project/6032307/arnauddr/MiniCPBP/venv/lib/python3.11/site-packages/flask/app.py", line 919, in full_dispatch_request
    rv = self.handle_user_exception(e)
         ^^^^^^^^^^^^^^^^^^^^^^^^^^^^^
  File "/lustre09/project/6032307/arnauddr/MiniCPBP/venv/lib/python3.11/site-packages/flask/app.py", line 917, in full_dispatch_request
    rv = self.dispatch_request()
         ^^^^^^^^^^^^^^^^^^^^^^^
  File "/lustre09/project/6032307/arnauddr/MiniCPBP/venv/lib/python3.11/site-packages/flask/app.py", line 902, in dispatch_request
    return self.ensure_sync(self.view_functions[rule.endpoint])(**view_args)  # type: ignore[no-any-return]
           ^^^^^^^^^^^^^^^^^^^^^^^^^^^^^^^^^^^^^^^^^^^^^^^^^^^^^^^^^^^^^^^^^
  File "/lustre09/project/6032307/arnauddr/MiniCPBP/server_mlm.py", line 147, in perplexity
    return {"perplexity": calculate_perplexity(sentence)}
                          ^^^^^^^^^^^^^^^^^^^^^^^^^^^^^^
  File "/lustre09/project/6032307/arnauddr/MiniCPBP/server_mlm.py", line 134, in calculate_perplexity
    with mutex:
TypeError: 'Lock' object does not support the context manager protocol
127.0.0.1 - - [30/Nov/2025 21:54:26] "[35m[1mPOST /perplexity HTTP/1.1[0m" 500 -
[2025-11-30 21:54:26,985] ERROR in app: Exception on /perplexity [POST]
Traceback (most recent call last):
  File "/lustre09/project/6032307/arnauddr/MiniCPBP/venv/lib/python3.11/site-packages/flask/app.py", line 1511, in wsgi_app
    response = self.full_dispatch_request()
               ^^^^^^^^^^^^^^^^^^^^^^^^^^^^
  File "/lustre09/project/6032307/arnauddr/MiniCPBP/venv/lib/python3.11/site-packages/flask/app.py", line 919, in full_dispatch_request
    rv = self.handle_user_exception(e)
         ^^^^^^^^^^^^^^^^^^^^^^^^^^^^^
  File "/lustre09/project/6032307/arnauddr/MiniCPBP/venv/lib/python3.11/site-packages/flask/app.py", line 917, in full_dispatch_request
    rv = self.dispatch_request()
         ^^^^^^^^^^^^^^^^^^^^^^^
  File "/lustre09/project/6032307/arnauddr/MiniCPBP/venv/lib/python3.11/site-packages/flask/app.py", line 902, in dispatch_request
    return self.ensure_sync(self.view_functions[rule.endpoint])(**view_args)  # type: ignore[no-any-return]
           ^^^^^^^^^^^^^^^^^^^^^^^^^^^^^^^^^^^^^^^^^^^^^^^^^^^^^^^^^^^^^^^^^
  File "/lustre09/project/6032307/arnauddr/MiniCPBP/server_mlm.py", line 147, in perplexity
    return {"perplexity": calculate_perplexity(sentence)}
                          ^^^^^^^^^^^^^^^^^^^^^^^^^^^^^^
  File "/lustre09/project/6032307/arnauddr/MiniCPBP/server_mlm.py", line 134, in calculate_perplexity
    with mutex:
TypeError: 'Lock' object does not support the context manager protocol
127.0.0.1 - - [30/Nov/2025 21:54:26] "[35m[1mPOST /perplexity HTTP/1.1[0m" 500 -
[2025-11-30 21:54:28,006] ERROR in app: Exception on /perplexity [POST]
Traceback (most recent call last):
  File "/lustre09/project/6032307/arnauddr/MiniCPBP/venv/lib/python3.11/site-packages/flask/app.py", line 1511, in wsgi_app
    response = self.full_dispatch_request()
               ^^^^^^^^^^^^^^^^^^^^^^^^^^^^
  File "/lustre09/project/6032307/arnauddr/MiniCPBP/venv/lib/python3.11/site-packages/flask/app.py", line 919, in full_dispatch_request
    rv = self.handle_user_exception(e)
         ^^^^^^^^^^^^^^^^^^^^^^^^^^^^^
  File "/lustre09/project/6032307/arnauddr/MiniCPBP/venv/lib/python3.11/site-packages/flask/app.py", line 917, in full_dispatch_request
    rv = self.dispatch_request()
         ^^^^^^^^^^^^^^^^^^^^^^^
  File "/lustre09/project/6032307/arnauddr/MiniCPBP/venv/lib/python3.11/site-packages/flask/app.py", line 902, in dispatch_request
    return self.ensure_sync(self.view_functions[rule.endpoint])(**view_args)  # type: ignore[no-any-return]
           ^^^^^^^^^^^^^^^^^^^^^^^^^^^^^^^^^^^^^^^^^^^^^^^^^^^^^^^^^^^^^^^^^
  File "/lustre09/project/6032307/arnauddr/MiniCPBP/server_mlm.py", line 147, in perplexity
    return {"perplexity": calculate_perplexity(sentence)}
                          ^^^^^^^^^^^^^^^^^^^^^^^^^^^^^^
  File "/lustre09/project/6032307/arnauddr/MiniCPBP/server_mlm.py", line 134, in calculate_perplexity
    with mutex:
TypeError: 'Lock' object does not support the context manager protocol
127.0.0.1 - - [30/Nov/2025 21:54:28] "[35m[1mPOST /perplexity HTTP/1.1[0m" 500 -
[2025-11-30 21:54:28,518] ERROR in app: Exception on /perplexity [POST]
Traceback (most recent call last):
  File "/lustre09/project/6032307/arnauddr/MiniCPBP/venv/lib/python3.11/site-packages/flask/app.py", line 1511, in wsgi_app
    response = self.full_dispatch_request()
               ^^^^^^^^^^^^^^^^^^^^^^^^^^^^
  File "/lustre09/project/6032307/arnauddr/MiniCPBP/venv/lib/python3.11/site-packages/flask/app.py", line 919, in full_dispatch_request
    rv = self.handle_user_exception(e)
         ^^^^^^^^^^^^^^^^^^^^^^^^^^^^^
  File "/lustre09/project/6032307/arnauddr/MiniCPBP/venv/lib/python3.11/site-packages/flask/app.py", line 917, in full_dispatch_request
    rv = self.dispatch_request()
         ^^^^^^^^^^^^^^^^^^^^^^^
  File "/lustre09/project/6032307/arnauddr/MiniCPBP/venv/lib/python3.11/site-packages/flask/app.py", line 902, in dispatch_request
    return self.ensure_sync(self.view_functions[rule.endpoint])(**view_args)  # type: ignore[no-any-return]
           ^^^^^^^^^^^^^^^^^^^^^^^^^^^^^^^^^^^^^^^^^^^^^^^^^^^^^^^^^^^^^^^^^
  File "/lustre09/project/6032307/arnauddr/MiniCPBP/server_mlm.py", line 147, in perplexity
    return {"perplexity": calculate_perplexity(sentence)}
                          ^^^^^^^^^^^^^^^^^^^^^^^^^^^^^^
  File "/lustre09/project/6032307/arnauddr/MiniCPBP/server_mlm.py", line 134, in calculate_perplexity
    with mutex:
TypeError: 'Lock' object does not support the context manager protocol
127.0.0.1 - - [30/Nov/2025 21:54:28] "[35m[1mPOST /perplexity HTTP/1.1[0m" 500 -
[2025-11-30 21:54:29,030] ERROR in app: Exception on /perplexity [POST]
Traceback (most recent call last):
  File "/lustre09/project/6032307/arnauddr/MiniCPBP/venv/lib/python3.11/site-packages/flask/app.py", line 1511, in wsgi_app
    response = self.full_dispatch_request()
               ^^^^^^^^^^^^^^^^^^^^^^^^^^^^
  File "/lustre09/project/6032307/arnauddr/MiniCPBP/venv/lib/python3.11/site-packages/flask/app.py", line 919, in full_dispatch_request
    rv = self.handle_user_exception(e)
         ^^^^^^^^^^^^^^^^^^^^^^^^^^^^^
  File "/lustre09/project/6032307/arnauddr/MiniCPBP/venv/lib/python3.11/site-packages/flask/app.py", line 917, in full_dispatch_request
    rv = self.dispatch_request()
         ^^^^^^^^^^^^^^^^^^^^^^^
  File "/lustre09/project/6032307/arnauddr/MiniCPBP/venv/lib/python3.11/site-packages/flask/app.py", line 902, in dispatch_request
    return self.ensure_sync(self.view_functions[rule.endpoint])(**view_args)  # type: ignore[no-any-return]
           ^^^^^^^^^^^^^^^^^^^^^^^^^^^^^^^^^^^^^^^^^^^^^^^^^^^^^^^^^^^^^^^^^
  File "/lustre09/project/6032307/arnauddr/MiniCPBP/server_mlm.py", line 147, in perplexity
    return {"perplexity": calculate_perplexity(sentence)}
                          ^^^^^^^^^^^^^^^^^^^^^^^^^^^^^^
  File "/lustre09/project/6032307/arnauddr/MiniCPBP/server_mlm.py", line 134, in calculate_perplexity
    with mutex:
TypeError: 'Lock' object does not support the context manager protocol
127.0.0.1 - - [30/Nov/2025 21:54:29] "[35m[1mPOST /perplexity HTTP/1.1[0m" 500 -
