{"llm_stats": {"quartiles": [80.03384653780498, 135.60135669453618, 155.04921137134755, 195.61945678421023, 369.93249438398766], "average": 172.1237146700999, "count_infinity": 0, "average_length": 19.9, "short_sentences": []}, "model_stats": {"quartiles": [12.911062317964044, 19.187657650384057, 26.205464657583676, 40.29827065659026, 477.7840898379387], "average": 65.81388134972303, "count_infinity": 0, "average_length": 24.075, "short_sentences": []}, "llm_results": 40, "model_results": 40, "verified_llm_results": 2, "verified_model_results": 29}