{"llm_stats": {"quartiles": [2.8749308003249436, 45.44737930520774, 55.406878716895186, 58.90528583509261, 265.2055991689045], "average": 61.55782986592035, "count_infinity": 0, "average_length": 23.275, "short_sentences": [" # Your Results   - Concept: dog(noun), frisbee(noun), catch(verb), throw(verb) - Sent", " # Your Results   - Concept: dog(noun), frisbee(noun), catch(verb), throw(verb) - Sent", " # Your Results   - Concept: dog(noun), frisbee(noun), catch(verb), throw(verb) - Sent", "\u3010\u304a\u3011 \u3067\u3059 \u3010\u304a\u3011 \u3067\u3059 \u3010\u304a\u3011 \u3067\u3059 \u3010\u304a\u3011 \u3067"]}, "model_stats": {"quartiles": [16.756837934071214, 36.706042434513485, 48.656483149814804, 59.59376573677066, 132.4238529881551], "average": 51.211877810001354, "count_infinity": 0, "average_length": 30.975, "short_sentences": []}, "unmatched_llm_results": 0, "matched_results": 40, "verified_llm_results": 2, "verified_model_results": 40}