{"llm_stats": {"quartiles": [16.11516634452208, 24.06289377618789, 24.06289377618789, 28.993430756171602, 37.5285346009961], "average": 25.65762047250605, "count_infinity": 0, "average_length": 31.975, "short_sentences": []}, "model_stats": {"quartiles": [16.756837934071214, 36.706042434513485, 48.656483149814804, 59.59376573677066, 132.4238529881551], "average": 51.21214022896711, "count_infinity": 0, "average_length": 30.975, "short_sentences": []}, "unmatched_llm_results": 0, "matched_results": 40, "verified_llm_results": 1, "verified_model_results": 40}