{"llm_stats": {"quartiles": [6.706262823721871, 7.262271026643384, 7.646009988372242, 7.957903016532641, 9.399525759704181], "average": 7.682355420293542, "count_infinity": 0, "average_length": 130.325, "short_sentences": []}, "model_stats": {"quartiles": [97.64024631617578, 112.27584939158163, 131.88109382641235, 152.58241789345394, 170.5062598654924], "average": 132.9771734586232, "count_infinity": 0, "average_length": 23.0, "short_sentences": []}, "llm_results": 40, "model_results": 4, "verified_llm_results": 10, "verified_model_results": 2}