{"llm_stats": {"quartiles": [16.11516634452208, 24.06289377618789, 24.06289377618789, 28.993430756171602, 37.5285346009961], "average": 25.656627818081752, "count_infinity": 0, "average_length": 31.975, "short_sentences": []}, "model_stats": {"quartiles": [18.025368702347198, 39.124631377148575, 57.05155586154062, 79.50157737570312, 128.41277521422208], "average": 63.25962883348876, "count_infinity": 0, "average_length": 31.075, "short_sentences": []}, "unmatched_llm_results": 1, "matched_results": 39, "verified_llm_results": 1, "verified_model_results": 40}