{"llm_stats": {"quartiles": [2.8749308003249436, 45.44737930520774, 55.406878716895186, 58.90528583509261, 265.2055991689045], "average": 61.55777422569739, "count_infinity": 0, "average_length": 23.275, "short_sentences": [" # Your Results   - Concept: dog(noun), frisbee(noun), catch(verb), throw(verb) - Sent", " # Your Results   - Concept: dog(noun), frisbee(noun), catch(verb), throw(verb) - Sent", " # Your Results   - Concept: dog(noun), frisbee(noun), catch(verb), throw(verb) - Sent", "\u3010\u304a\u3011 \u3067\u3059 \u3010\u304a\u3011 \u3067\u3059 \u3010\u304a\u3011 \u3067\u3059 \u3010\u304a\u3011 \u3067"]}, "model_stats": {"quartiles": [8.15386773960366, 15.596116513711733, 22.54035077701809, 32.18341383741887, 390.53882553629785], "average": 62.156846503751694, "count_infinity": 0, "average_length": 23.775, "short_sentences": []}, "llm_results": 40, "model_results": 40, "verified_llm_results": 2, "verified_model_results": 40}