{"model_stats": {"quartiles": [6.557348870829449, 9.566136645409884, 11.232757169685263, 12.49162320392068, 157.45222604765493], "average": 15.025236804749472, "count_infinity": 0, "average_length": 24.475, "short_sentences": ["The window looks like this: Watch.<|endoftext|>"]}, "llm_results": 40, "model_results": 40, "verified_llm_results": 2, "verified_model_results": 37, "metrics": {"rouge": {"rouge1": 0.2745822215867095, "rouge2": 0.053120489846880156, "rougeL": 0.1952282539557475}, "bleu": 0.003181947979705077, "cider": [], "spice": [], "meteor": 0.2718966466453121}}