{"llm_stats": {"quartiles": [78.46725381114788, 92.88527016790212, 96.21381051130413, 105.47056826329809, 166.21897499212952], "average": 101.54324417720105, "count_infinity": 0, "average_length": 24.05, "short_sentences": []}, "model_stats": {"quartiles": [20.055930674452068, 33.40807565794077, 40.83346747523693, 50.01212869360272, 239.88056721420327], "average": 48.03237564520283, "count_infinity": 0, "average_length": 31.15, "short_sentences": []}, "unmatched_llm_results": 1, "matched_results": 39, "verified_llm_results": 3, "verified_model_results": 40}